mat_kvota,sit,polit_kvota,minvol,ucast,pref,q8,age_cat,poh,vzd,soc,stav,dom_1,dom_2,dom_3,dom_4,dom_5,vrs,aj_1,aj_2,ict_1,ict_2,ict_3,poj,prij,reg,okr,vel,a1,a2,a3,a4,a5,a6,a7,a8,a9,a10,a11,a12,a13,a14,a15,a16,a17,a18,a19,a20,a21,a22,a23,a24,a25,a26,a27,a28,a29,a30,d1,d2,d3,d4,d5,d6,d7,d8,d9,d10,d11,d12,d13,d14
3,2,3,98,2,1,2,2,1,3,12,1,4,2,0,2,0,4,2,4,5,5,5,8,1,5,3609,4,5,2,4,1,6,2,1,1,1,1,1,6,5,2,2,2,1,2,5,1,2,3,2,5,1,4,5,1,1,3,5,4,7,1,1,7,6,1,7,2,6,4,2,1
3,3,4,97,3,99,1,3,2,1,3,3,1,0,0,1,0,4,4,4,1,1,1,1,1,4,3403,1,4,4,4,4,4,4,4,4,4,4,4,5,4,4,4,4,4,4,4,4,4,4,3,4,5,4,4,4,4,4,4,4,4,4,4,4,4,4,5,4,4,4,4,4
2,2,3,98,1,99,4,2,2,3,12,1,2,0,0,2,0,3,2,4,1,5,5,2,3,6,3702,7,7,2,3,1,3,1,7,7,1,2,5,4,2,4,5,2,3,6,4,1,2,3,4,2,2,5,6,1,2,2,4,6,5,1,6,3,3,2,7,1,2,1,6,6
2,2,3,29,1,4,4,1,2,3,12,1,2,0,0,2,0,3,3,3,1,5,5,4,2,1,3101,7,4,1,3,2,4,1,5,4,4,4,3,3,6,3,3,4,4,2,3,2,3,2,4,4,6,1,5,2,3,3,3,5,7,1,3,4,3,4,3,3,5,3,1,1
2,2,2,24,1,99,4,3,1,3,12,2,3,0,0,1,2,3,3,3,1,5,5,7,3,1,3101,7,5,3,2,2,4,1,5,5,1,4,6,6,5,3,4,2,2,2,5,1,2,3,3,4,5,3,5,2,6,3,4,5,6,2,5,3,4,1,6,2,6,3,5,4
2,2,2,28,1,10,3,1,2,4,1,1,5,0,0,5,0,3,1,3,1,5,5,7,3,8,3806,6,5,3,2,1,5,2,4,5,2,5,5,2,4,5,5,5,5,7,4,2,5,2,2,2,5,2,5,3,4,5,2,6,4,3,4,7,1,4,6,4,2,1,6,2
3,2,3,88,2,64,1,2,1,2,9,2,4,2,0,2,0,5,3,3,4,4,4,7,2,3,3308,5,7,1,3,1,6,3,7,7,1,7,7,5,2,7,4,3,4,1,7,1,2,4,3,7,2,3,7,1,7,2,3,2,5,2,3,7,7,1,7,1,7,5,2,1
2,2,1,1,1,1,3,4,2,2,2,2,2,0,0,1,1,5,4,4,4,2,2,7,2,7,3805,2,7,2,1,1,3,1,6,7,3,1,5,7,2,7,7,1,1,1,6,1,3,6,1,3,4,7,2,2,2,2,2,3,7,2,4,6,1,2,7,1,7,1,7,4
2,2,3,1,3,1,4,2,2,2,10,2,4,1,0,3,0,3,3,3,1,5,5,7,3,4,3510,2,3,1,1,1,4,1,7,5,1,5,5,4,7,4,3,4,1,3,4,1,4,3,3,7,1,4,1,1,4,7,6,3,7,1,4,4,5,1,7,3,7,4,4,1
3,2,3,98,3,24,2,2,2,3,9,1,1,0,0,1,0,4,3,4,1,5,4,2,1,6,3710,5,6,1,2,1,5,2,4,7,1,6,3,3,1,3,4,3,3,2,6,2,2,1,5,6,1,5,7,1,3,1,7,5,7,5,2,2,1,2,5,4,6,5,2,3
2,3,2,29,1,99,2,3,2,3,7,2,2,0,0,2,0,3,1,2,1,5,3,6,2,1,3101,7,5,2,2,2,2,1,6,2,3,4,7,4,4,4,1,4,2,6,4,5,4,3,1,3,4,3,2,6,2,2,4,6,5,2,2,6,3,6,4,5,3,3,3,1
1,3,2,30,3,1,5,4,1,3,2,4,1,0,0,0,1,3,3,4,2,2,2,8,2,6,3707,6,4,1,7,1,7,1,7,1,1,1,7,1,7,4,6,1,2,5,7,1,4,4,1,4,7,7,2,6,7,7,3,1,7,1,7,1,5,1,7,1,7,4,4,7
2,3,2,99,1,99,4,4,1,4,2,2,2,0,0,0,2,4,4,3,1,5,3,7,2,5,3606,4,1,7,1,7,2,7,2,3,2,1,6,7,4,1,1,7,6,7,5,2,7,4,2,2,1,2,1,6,1,5,4,5,4,4,5,3,1,4,2,5,1,2,3,3
2,2,2,28,1,1,4,2,1,3,9,1,3,0,0,3,0,4,2,3,1,5,5,8,3,4,3402,3,5,1,1,1,1,4,4,3,1,1,4,2,4,5,5,3,3,4,4,1,7,1,1,2,7,4,5,1,5,4,3,3,4,4,2,2,4,4,4,4,4,1,6,1
2,2,2,98,2,99,4,4,1,2,2,2,2,0,0,0,2,3,4,3,1,3,3,7,2,6,3706,3,4,7,1,1,1,1,7,4,1,1,7,1,1,7,7,5,1,3,6,1,1,3,1,1,1,7,1,7,1,7,5,3,6,5,6,1,2,3,5,4,6,1,4,1
2,2,2,98,1,1,3,4,2,2,2,3,1,0,0,0,1,4,4,4,2,5,3,7,1,5,3505,7,4,1,2,3,7,1,7,5,2,1,6,4,3,4,5,3,3,1,6,2,3,4,2,6,4,1,1,5,4,6,4,4,2,4,5,2,1,4,6,2,5,4,3,4
2,3,3,88,1,99,4,2,2,4,12,2,4,2,0,2,0,4,4,3,1,4,5,7,3,4,3403,3,3,2,1,1,2,6,6,3,1,3,7,1,7,3,1,4,1,3,3,1,2,1,3,2,4,2,2,2,2,3,2,4,5,2,5,3,2,2,6,3,2,2,6,3
3,3,3,98,2,99,2,3,2,3,9,3,1,0,0,1,0,4,3,4,3,4,5,8,1,6,3701,1,5,5,2,2,5,5,5,6,2,1,6,4,3,4,3,4,4,3,5,2,5,4,5,5,1,4,6,2,4,3,5,4,5,4,4,7,2,3,6,4,4,4,3,4
2,1,2,28,1,12,4,3,2,1,2,1,2,0,1,1,0,3,3,3,3,3,4,4,3,4,3503,5,7,1,3,2,3,1,5,3,3,1,6,1,3,7,1,3,4,7,1,4,7,3,1,2,7,1,1,7,5,6,4,3,5,4,6,3,4,4,4,5,3,6,4,5
2,2,3,1,1,1,3,4,2,3,2,2,2,0,0,0,2,4,4,3,2,3,3,7,1,7,3805,2,7,1,1,1,5,1,7,7,1,1,7,6,1,2,7,4,1,1,6,1,1,2,1,4,6,7,6,1,2,2,5,5,6,1,1,3,1,2,6,1,7,4,6,4
2,2,2,1,1,1,2,1,1,3,9,2,3,1,0,2,0,3,3,3,1,5,4,7,2,3,3307,1,5,7,1,1,6,2,5,7,1,5,3,4,5,4,3,3,4,7,2,2,3,2,4,6,1,1,3,6,6,2,5,6,6,1,5,6,3,3,7,5,2,2,6,5
2,3,4,98,1,1,3,4,2,2,2,4,1,0,0,0,1,4,3,4,3,3,2,4,1,2,3210,4,4,1,1,1,1,1,4,7,1,1,3,7,1,1,3,4,4,1,7,1,7,4,4,4,1,1,7,1,7,5,4,5,7,7,7,4,1,1,7,1,7,1,7,4
2,2,3,88,1,99,3,2,2,3,13,2,3,1,0,2,0,3,3,4,4,4,4,5,2,4,3508,6,7,1,3,1,1,1,7,7,1,1,3,3,3,3,3,1,3,3,7,1,1,1,3,1,7,1,7,1,1,3,4,4,7,1,4,4,4,4,4,1,4,1,7,4
2,1,3,29,1,88,4,1,1,4,12,1,1,0,0,1,0,3,1,3,1,5,5,9,5,8,3807,7,3,4,1,1,3,5,2,2,1,4,7,7,3,5,5,2,1,7,4,5,7,1,5,1,4,2,2,6,1,7,7,3,7,1,4,3,7,4,3,4,3,3,1,7
3,3,2,29,1,4,3,1,2,3,1,1,2,0,0,2,0,5,1,3,1,5,5,2,2,1,3101,7,3,1,1,1,5,4,3,3,1,4,5,1,2,4,1,6,7,7,1,2,2,2,3,5,1,1,3,4,4,5,7,5,4,1,1,5,3,4,7,6,1,5,3,3
2,3,2,29,1,4,3,3,1,3,12,3,1,0,0,1,0,4,4,3,1,5,4,2,1,3,3405,7,4,3,4,4,4,4,6,4,3,3,5,2,3,4,1,5,5,7,3,4,6,2,4,2,2,1,2,5,1,6,5,5,5,5,2,4,4,4,6,4,1,6,1,3
1,2,2,1,1,1,4,4,1,2,2,4,1,0,0,0,1,3,4,4,1,5,4,6,1,3,3302,1,5,1,1,1,5,2,5,3,1,1,2,2,6,2,2,3,2,3,3,1,2,3,2,2,3,1,3,2,6,6,4,6,5,3,3,2,1,3,6,3,4,2,6,3
3,2,2,31,1,99,2,2,1,3,8,3,1,0,0,1,0,3,2,4,5,5,5,6,3,2,3205,5,5,5,5,5,5,5,5,5,5,5,5,5,5,5,5,5,5,5,5,5,5,5,5,5,5,5,5,5,5,5,5,5,5,5,5,5,5,5,5,5,5,5,5,5
2,2,3,98,2,99,4,4,2,2,9,3,2,0,0,2,0,3,4,4,1,5,3,6,1,8,3804,4,5,1,2,1,1,1,2,5,1,1,4,4,1,2,7,3,4,2,7,2,2,1,4,7,4,1,7,2,2,5,5,4,7,1,6,2,4,2,7,2,4,4,3,3
2,3,2,28,1,99,4,1,1,4,12,1,1,0,0,1,0,3,2,4,1,5,5,2,1,1,3101,7,4,3,2,4,1,4,2,2,2,3,3,3,5,4,4,4,4,5,3,3,5,5,1,1,3,3,3,4,4,4,4,4,4,4,3,3,3,4,4,4,3,4,3,4
1,1,2,28,1,23,6,2,1,3,9,1,4,2,0,2,0,3,2,4,1,5,5,8,3,8,3807,7,7,1,1,1,1,7,1,1,7,1,1,3,7,5,7,7,1,4,2,1,4,4,1,1,7,7,1,7,1,1,2,5,3,6,3,1,3,7,3,5,4,4,6,1
3,2,2,24,1,1,1,2,1,2,9,2,4,2,0,2,0,4,2,4,1,5,5,7,2,8,3803,5,4,1,1,1,7,1,7,7,1,7,7,7,1,1,7,1,1,1,7,1,1,1,1,1,7,4,1,6,7,4,7,7,7,1,6,7,3,1,7,1,7,4,1,7
3,2,3,98,2,88,3,3,1,1,7,3,1,0,0,0,1,4,4,4,3,3,2,2,2,2,3211,5,7,1,4,1,1,1,7,7,1,1,7,4,7,4,7,1,1,1,7,1,1,4,1,3,1,7,4,1,1,1,6,4,7,1,4,7,4,1,5,3,7,7,1,4
1,2,2,99,1,99,5,3,2,3,9,2,2,0,0,2,0,3,4,4,1,5,5,6,2,8,3804,3,7,1,1,1,6,1,7,7,1,1,7,7,5,2,3,2,3,1,4,1,1,3,3,6,2,4,3,1,3,4,2,5,7,1,7,3,1,1,7,3,7,4,3,2
2,3,2,98,2,99,3,3,1,2,12,3,2,0,1,1,0,4,4,4,1,5,5,3,1,8,3807,7,4,4,4,4,4,4,4,4,4,4,4,4,4,4,4,4,4,4,4,4,4,4,4,4,4,4,4,4,4,4,4,4,4,4,4,4,4,4,4,4,4,4,4,4
1,2,2,1,1,1,6,4,1,2,2,2,2,0,0,0,2,3,4,3,4,5,4,6,2,5,3606,4,7,2,4,3,4,1,7,5,2,5,5,5,4,3,7,5,2,1,6,1,3,4,2,3,4,7,7,1,6,7,2,4,5,6,4,1,5,3,4,1,7,2,6,2
2,2,4,98,2,64,3,3,1,3,12,2,3,0,0,3,0,3,3,4,2,5,2,7,1,1,3101,7,2,1,1,1,1,1,7,7,1,1,7,7,1,1,1,7,1,7,7,1,1,1,7,7,2,1,7,1,7,7,5,2,7,1,5,5,6,1,7,1,7,5,6,4
2,3,4,98,2,64,4,3,1,2,9,1,2,0,0,1,1,4,4,4,5,5,4,6,1,8,3801,4,7,3,1,1,3,1,5,7,1,1,7,7,2,3,4,4,3,4,6,1,2,1,4,3,1,3,4,1,4,6,4,3,5,4,3,5,5,4,5,2,4,4,4,7
2,2,2,29,1,70,2,3,1,3,7,3,3,1,0,2,0,3,3,3,1,1,3,8,3,1,3101,7,5,2,1,1,2,2,7,6,1,1,3,7,2,4,2,4,2,7,3,2,3,3,3,7,1,1,3,3,1,4,2,6,5,1,3,4,1,1,7,4,1,2,5,2
3,2,3,98,3,1,3,2,2,2,3,1,3,0,0,3,0,4,4,4,5,5,4,1,2,4,3503,5,5,5,1,7,1,1,7,7,5,7,6,1,2,4,6,2,4,7,4,2,5,4,4,3,3,4,4,5,3,1,7,1,4,4,3,6,5,1,7,2,1,2,2,4
1,3,4,29,1,99,5,3,1,2,11,3,1,0,0,1,0,3,3,3,1,5,5,9,2,6,3601,3,4,1,4,1,7,1,1,6,2,2,7,2,2,3,1,7,4,7,3,1,1,1,7,3,3,1,6,5,5,1,3,5,6,4,3,2,4,4,7,3,3,3,6,4
1,2,3,31,1,99,3,2,1,3,12,1,3,0,0,3,0,3,3,4,1,5,5,9,5,5,3606,1,4,1,1,1,1,5,3,4,1,3,7,2,7,2,4,1,3,3,2,1,1,5,1,1,1,1,5,2,4,7,4,3,4,4,3,3,4,2,7,4,4,2,7,2
2,2,4,98,2,99,2,1,2,4,9,1,1,0,0,1,0,4,1,3,1,5,5,7,1,3,3407,3,7,5,1,1,7,1,6,6,1,3,4,5,3,2,7,5,3,2,5,1,3,1,3,7,1,2,5,3,5,4,5,2,7,1,3,4,5,1,7,1,7,7,1,2
2,2,2,98,2,1,3,2,2,3,12,1,2,1,0,1,0,2,1,1,1,5,5,8,3,1,3101,7,6,2,6,3,5,5,5,3,4,3,5,4,2,4,3,4,5,5,6,3,5,5,1,4,5,1,2,3,5,1,3,4,3,4,5,3,6,1,7,4,4,3,5,2
2,2,3,98,2,24,3,4,2,2,2,4,2,0,0,0,2,4,3,4,3,2,3,4,2,2,3207,1,4,1,1,1,7,1,7,7,1,1,7,4,1,2,1,4,4,4,6,1,1,1,7,4,4,1,6,1,1,7,4,4,4,4,7,4,1,2,4,1,4,1,7,1
2,2,3,28,1,99,3,1,2,1,1,1,4,1,0,3,0,3,3,4,1,5,5,6,3,4,3409,3,5,1,3,1,3,1,3,2,1,1,4,4,4,1,4,3,4,7,4,1,3,1,2,5,1,2,5,2,3,6,4,3,6,4,5,4,3,3,5,4,3,3,3,4
3,2,4,98,2,22,5,2,1,3,9,1,3,1,0,2,0,4,3,2,2,4,4,1,2,6,3707,6,3,4,4,6,5,5,5,4,4,3,4,5,5,4,3,5,4,4,3,4,3,4,5,5,5,3,4,5,4,5,4,3,5,3,4,6,5,5,4,5,4,6,3,4
2,2,2,24,1,1,3,1,1,3,12,2,3,1,0,2,0,3,2,4,1,5,5,7,2,2,3208,4,7,2,1,1,1,1,7,7,1,1,5,6,3,1,5,3,1,3,6,1,2,4,1,2,2,3,6,1,5,1,3,3,7,1,6,3,5,1,7,3,7,1,7,2
3,2,3,24,3,24,1,2,2,4,12,1,3,1,1,1,0,4,1,1,3,4,4,5,2,1,3101,7,6,1,1,1,3,2,7,3,1,3,7,4,3,4,3,3,1,4,7,1,5,2,4,7,4,7,7,1,3,2,7,3,7,1,4,4,7,1,7,4,3,7,1,3
2,2,4,98,2,64,4,2,2,3,10,1,2,0,0,2,0,3,4,4,1,1,1,6,5,7,3811,1,7,1,1,1,1,1,7,7,1,7,7,7,1,1,1,3,1,1,7,1,1,1,7,1,1,7,7,1,7,1,3,3,7,3,5,5,7,2,7,4,6,4,6,5
2,2,2,99,1,1,4,3,2,3,12,2,5,1,0,4,0,2,4,1,3,3,3,1,1,7,3809,4,7,3,1,1,3,1,1,6,2,5,4,5,1,7,7,1,1,4,1,1,4,4,4,6,7,4,3,4,1,4,4,3,2,3,4,3,4,5,1,1,7,5,3,2
2,2,4,31,1,31,4,4,1,3,2,3,1,0,0,0,1,3,4,4,2,1,3,6,1,7,3708,5,5,4,1,1,2,1,4,3,1,1,5,4,1,3,6,4,2,2,3,2,4,2,6,5,3,1,2,3,1,7,3,5,2,2,6,3,2,4,7,3,6,2,7,4
2,2,4,98,3,99,4,2,2,3,11,1,3,1,0,2,0,3,3,4,1,5,5,6,2,7,3809,1,7,1,7,1,7,4,3,3,1,3,7,4,1,1,4,1,2,7,7,1,4,1,1,7,1,1,7,1,1,4,7,4,7,1,4,4,1,4,4,3,4,3,4,1
2,2,2,29,1,99,4,4,1,4,2,3,2,0,0,0,2,5,4,4,1,4,3,4,2,4,3510,7,5,1,2,4,6,5,5,2,2,3,6,5,2,5,5,2,3,7,5,2,2,4,1,2,7,3,3,3,6,4,5,2,7,7,4,4,5,4,4,1,4,5,3,3
2,2,3,98,2,64,3,3,2,2,9,2,3,0,0,3,0,4,4,4,3,3,2,9,2,6,3702,7,7,1,2,1,6,1,7,4,1,1,7,4,3,4,3,2,1,4,7,1,2,4,1,5,3,2,5,1,5,2,4,2,7,1,4,5,2,1,7,2,6,2,3,4
2,3,4,98,3,99,4,3,2,3,9,2,3,1,0,2,0,3,4,3,1,5,5,5,2,5,3607,4,4,1,1,1,1,1,4,4,1,4,4,4,7,1,4,1,2,1,4,4,6,1,1,7,1,4,1,6,4,4,3,4,5,4,5,4,1,4,7,4,4,1,7,4
2,2,3,29,3,99,4,4,2,3,2,3,1,0,0,0,1,4,3,4,3,5,5,7,1,5,3602,7,5,1,1,1,7,1,6,2,1,4,7,7,4,3,7,3,2,2,7,1,1,2,2,2,4,4,4,1,4,2,3,4,2,4,5,3,2,4,7,1,7,4,2,5
3,2,3,99,1,99,2,4,2,1,2,4,1,0,0,0,1,4,4,4,2,3,3,6,1,5,3505,7,7,1,1,1,1,1,7,7,1,1,7,7,7,1,1,1,1,3,7,1,1,1,7,7,1,1,4,1,4,1,7,7,7,7,1,7,1,1,7,1,7,1,1,1
2,3,3,98,3,1,3,4,2,2,2,4,1,0,0,0,1,4,4,4,2,3,3,6,1,2,3207,1,6,4,2,1,4,1,4,7,1,4,4,4,4,4,4,5,4,4,6,1,4,4,4,4,4,7,6,1,4,4,4,4,4,1,7,5,1,4,7,4,7,1,7,4
1,2,1,1,1,1,5,4,1,3,2,2,3,0,0,0,3,3,3,3,1,5,5,8,3,8,3806,4,4,1,1,1,4,3,5,4,1,1,5,5,2,4,4,6,2,5,4,4,5,2,1,5,7,4,4,3,4,5,3,5,4,5,4,1,2,3,2,3,5,2,6,4
2,2,2,98,2,99,2,2,2,2,9,2,3,1,0,2,0,4,4,3,1,5,4,8,2,6,3304,4,7,1,1,1,7,1,7,7,1,7,7,4,1,1,4,1,4,1,7,1,4,1,1,7,1,7,7,1,7,1,5,1,7,1,1,7,4,4,7,1,4,7,4,1
2,2,4,98,2,64,4,1,2,3,9,1,3,1,0,2,0,3,3,4,3,3,3,6,3,3,3407,3,4,4,4,4,4,4,4,4,4,4,4,4,4,4,4,4,4,4,4,4,4,4,4,4,4,4,4,4,4,4,4,4,4,4,4,4,4,4,4,4,4,4,4,4
2,3,2,24,3,1,4,4,2,3,2,3,1,0,0,0,1,3,1,3,1,5,5,7,1,6,3707,1,6,4,2,1,6,4,6,2,1,7,6,3,2,4,7,3,3,4,6,2,2,2,3,4,3,6,4,1,3,2,3,2,5,2,3,2,4,2,7,3,3,5,2,2
2,2,3,1,1,1,3,4,1,4,2,2,2,0,0,0,2,3,4,4,3,1,2,8,2,1,3101,7,4,1,2,6,3,4,5,5,3,1,7,6,5,5,7,4,3,4,6,2,1,2,1,2,7,5,2,5,1,7,2,4,2,4,6,1,2,1,6,1,6,2,5,7
1,3,4,99,3,99,4,2,2,3,12,1,1,0,0,1,0,4,3,3,2,5,4,7,1,3,3303,3,5,4,4,3,3,3,5,3,2,3,4,4,4,3,4,4,4,4,4,2,4,4,5,5,5,3,5,3,6,2,5,3,4,5,4,5,3,3,5,4,4,3,3,4
2,2,4,98,1,1,1,1,2,2,3,2,2,0,0,2,0,4,3,4,1,5,4,2,1,8,3801,2,6,5,1,1,7,1,4,7,5,7,5,7,5,1,1,4,4,1,7,2,3,3,1,1,7,7,7,1,7,1,7,2,7,1,1,7,5,1,3,1,3,1,4,4
2,2,3,97,1,99,4,4,2,1,10,3,2,0,0,1,1,4,3,4,1,5,4,6,1,6,3701,3,4,6,1,1,3,2,5,6,3,5,6,4,1,4,4,2,2,4,7,2,2,2,2,6,1,2,2,4,1,7,3,6,7,5,6,2,2,2,7,2,4,6,1,2
2,2,2,28,1,99,5,3,2,3,10,2,2,0,0,2,0,4,3,4,2,5,5,8,3,6,3704,2,5,2,1,1,4,6,6,2,2,2,4,3,7,4,7,2,2,4,6,2,7,3,1,5,4,2,5,2,3,3,2,5,4,2,3,2,5,2,6,3,5,2,3,3
3,2,3,28,1,10,3,1,1,2,8,1,2,0,0,2,0,2,2,4,2,5,5,5,2,1,3101,7,6,1,4,2,5,3,2,1,1,2,4,3,5,4,2,1,2,3,5,3,1,6,5,5,5,1,5,4,5,5,4,6,1,2,3,7,1,4,2,3,5,2,5,5
1,2,2,98,3,24,5,4,1,3,2,2,3,0,1,2,0,3,3,4,1,5,5,7,2,8,3801,1,7,1,1,1,5,1,7,5,4,7,7,1,1,4,7,1,1,1,7,1,1,7,1,7,7,7,7,1,7,1,4,2,3,1,1,4,2,1,7,1,7,1,4,3
3,3,3,9,1,70,1,2,1,3,12,2,5,3,0,2,0,5,3,3,5,5,5,8,2,6,3707,1,7,1,1,1,6,1,5,3,1,1,7,2,7,3,4,5,2,6,7,1,7,2,2,7,7,1,7,1,6,1,2,4,6,5,3,6,1,1,7,1,2,3,6,6
2,2,2,29,1,24,3,2,2,3,7,3,2,0,0,2,0,3,2,4,1,1,1,6,3,6,3703,3,5,2,2,4,3,3,4,5,2,5,6,1,7,3,7,2,5,1,3,2,3,3,2,4,2,3,2,3,6,1,3,5,4,4,4,3,3,1,7,2,7,3,5,4
2,2,3,98,1,99,2,1,1,3,12,2,3,1,0,2,0,3,3,4,1,5,5,3,2,4,3510,3,5,3,2,2,2,2,5,4,2,4,3,2,2,4,4,4,4,5,4,4,3,3,4,2,1,2,3,5,6,2,5,3,6,2,4,7,4,2,7,4,4,2,6,4
3,2,4,98,2,24,2,2,1,2,12,1,3,0,2,1,0,5,4,4,1,4,5,8,2,6,3702,7,7,1,1,1,5,1,7,7,1,1,7,4,1,6,7,1,1,1,7,1,1,4,1,2,7,7,7,1,1,1,6,4,6,1,4,6,7,1,7,1,7,4,4,6
2,3,2,29,1,25,4,2,2,3,10,2,4,1,1,2,0,3,3,4,1,1,1,9,3,6,3712,1,3,1,2,2,2,3,5,2,1,2,6,2,5,1,2,4,4,3,3,2,5,1,3,6,1,1,2,3,1,7,2,5,4,3,5,2,1,4,4,3,3,3,5,2
1,2,3,98,3,1,3,2,2,4,12,1,3,1,0,2,0,3,3,3,2,5,4,7,2,3,3408,2,4,2,3,2,4,1,6,5,2,1,6,4,4,4,4,5,2,1,3,3,4,2,3,6,1,4,4,3,3,3,3,2,5,2,3,2,3,2,5,1,5,3,6,1
2,3,3,97,1,4,3,2,2,3,4,2,3,1,0,2,0,3,1,4,1,5,3,6,2,1,3101,7,1,7,5,7,4,1,5,4,7,6,7,1,3,1,1,5,7,7,3,4,3,1,7,3,1,1,1,5,4,7,1,5,1,4,3,5,1,7,5,6,1,1,7,4
3,2,4,1,2,1,1,4,1,3,7,2,2,0,0,2,0,4,4,4,1,5,5,9,1,2,3203,1,7,1,4,1,7,1,7,7,1,1,7,5,7,4,7,1,1,1,7,1,1,6,1,1,7,7,7,1,7,1,6,4,7,1,7,5,7,3,3,2,7,2,4,6
3,2,2,98,1,4,2,1,1,1,1,1,10,1,1,8,0,4,2,3,1,5,5,6,2,5,3602,7,2,7,1,2,5,1,4,4,3,3,3,4,4,2,3,5,3,7,4,3,5,3,4,1,1,1,1,4,5,2,1,5,3,5,1,5,3,3,7,4,4,2,6,3
3,2,3,29,1,22,3,4,2,2,2,2,2,0,0,0,2,3,3,4,4,4,4,6,1,6,3706,2,3,1,1,1,3,1,7,7,1,1,7,3,6,1,1,3,3,7,4,1,1,1,1,3,1,1,1,1,1,7,4,4,7,1,1,5,1,7,7,1,1,1,7,3
2,2,4,28,3,99,1,2,2,2,9,1,3,1,0,2,0,3,4,3,1,3,3,7,2,3,3301,1,7,1,1,1,7,1,7,7,1,1,4,7,7,7,7,7,1,7,7,1,1,1,4,7,1,1,7,1,7,4,2,4,6,1,6,7,4,1,7,1,4,6,7,1
2,2,1,9,1,9,4,4,1,4,2,2,2,0,0,0,2,4,4,3,2,3,3,7,2,8,3807,7,7,7,3,2,6,1,6,7,1,1,7,1,2,1,7,1,1,1,7,1,1,2,1,1,7,7,6,1,6,1,7,4,7,2,7,1,6,2,4,1,7,1,4,7
2,3,3,29,1,25,4,3,2,3,10,2,2,0,0,2,0,3,3,3,1,5,5,7,3,5,3602,1,5,2,3,2,5,5,6,4,3,2,5,5,3,3,3,4,3,7,2,3,5,3,4,2,2,1,3,6,4,7,3,6,5,3,4,1,1,4,7,4,2,2,5,5
3,2,3,22,3,22,3,3,2,3,10,2,2,0,0,2,0,4,4,4,1,5,5,8,2,7,3705,3,7,1,1,1,4,1,6,7,1,2,6,4,1,4,7,4,3,3,6,1,1,1,6,4,7,1,4,4,4,7,4,4,5,4,7,3,4,1,7,1,4,1,6,7
2,3,3,88,1,25,3,1,2,4,9,1,1,0,0,1,0,4,3,4,2,5,5,7,1,7,3810,3,6,1,2,1,5,1,4,7,1,4,4,4,4,3,4,4,4,4,4,1,4,3,4,3,2,4,7,1,3,2,3,4,4,3,4,5,5,4,5,4,4,3,4,3
3,3,4,98,2,64,1,3,1,2,3,1,1,0,0,1,0,3,4,4,1,5,5,9,1,4,3510,7,7,1,1,1,1,1,7,1,1,1,7,1,1,1,1,1,1,7,7,1,7,1,7,7,1,1,7,7,7,7,7,1,7,7,1,7,7,1,7,1,7,7,1,7
2,3,2,1,1,1,3,4,1,3,2,2,3,0,0,2,1,4,4,3,2,4,4,7,2,6,3710,2,5,3,2,2,4,3,4,4,3,2,6,4,3,3,3,3,4,3,5,2,3,3,3,3,5,1,3,4,2,6,3,4,5,3,5,4,2,4,5,3,6,2,5,3
2,3,2,29,1,10,5,4,2,3,2,2,2,0,0,0,2,4,4,3,2,4,3,7,2,5,3605,4,2,6,5,3,4,3,5,4,2,3,5,3,4,3,4,4,3,7,5,4,3,3,4,6,5,1,1,5,3,6,2,6,5,3,3,1,3,3,7,5,2,3,3,3
3,2,3,98,2,22,1,3,2,2,2,3,1,0,0,1,0,5,3,4,1,5,5,5,1,4,3508,6,4,1,1,1,3,1,6,4,1,2,7,3,4,1,1,3,1,7,4,1,2,1,7,4,1,1,1,6,3,7,5,4,7,7,7,7,1,1,7,1,1,1,3,4
2,3,3,6,3,6,3,2,2,3,9,1,2,0,0,2,0,3,4,4,2,4,3,9,1,8,3807,7,5,4,4,3,4,3,4,4,5,4,4,4,4,4,4,4,4,5,4,4,4,4,4,4,5,3,4,4,4,6,4,4,4,4,4,4,4,4,4,4,4,4,4,4
1,2,3,1,1,1,4,4,2,3,2,2,2,0,0,0,2,3,3,3,3,2,2,8,1,2,3211,2,7,2,4,3,3,3,4,3,3,4,3,4,3,4,3,5,4,3,5,3,4,4,4,4,4,3,5,4,3,5,3,5,4,5,4,3,3,4,4,5,5,3,5,4
3,2,3,99,1,99,1,2,2,3,10,1,1,0,0,1,0,3,1,4,1,5,5,8,1,2,3203,1,3,2,2,1,6,3,2,5,2,3,6,6,5,5,7,4,1,7,6,1,4,6,2,6,6,5,5,5,3,5,3,4,4,4,5,6,4,3,6,4,4,5,4,3
1,3,2,29,1,25,4,1,1,4,8,1,3,0,0,3,0,3,1,2,1,5,5,8,3,3,3405,7,3,5,2,4,5,3,4,3,2,3,5,2,2,5,2,5,3,7,4,2,3,3,3,4,1,3,3,3,1,4,3,3,3,2,3,2,3,2,3,2,1,4,3,3
2,2,3,1,1,1,4,4,1,4,2,2,4,0,0,3,1,3,4,3,1,5,5,7,3,4,3510,7,5,1,1,1,1,1,6,4,1,1,7,6,2,4,6,1,2,3,6,1,2,3,1,4,7,5,4,2,1,7,3,6,7,6,6,4,1,5,7,6,4,1,6,7
2,2,3,98,2,99,3,2,2,3,10,1,3,0,0,2,1,4,3,4,1,5,5,7,3,6,3703,2,4,2,6,1,5,4,3,4,1,3,4,4,4,5,4,4,3,1,4,2,3,2,2,5,4,4,7,1,1,5,5,3,4,4,5,6,6,3,6,2,6,3,1,5
3,2,3,22,3,22,1,2,2,2,10,3,2,0,1,1,0,4,1,2,2,5,5,1,1,3,3307,5,6,2,1,4,3,1,6,6,4,5,4,4,4,1,2,3,5,4,7,3,3,1,6,5,1,3,6,1,4,3,6,2,1,4,1,7,6,2,6,4,3,6,1,2
2,2,3,98,2,99,2,2,2,3,12,2,2,0,0,2,0,4,3,4,5,5,5,6,2,3,3301,3,4,4,3,1,3,1,7,7,1,3,7,4,7,1,3,4,3,4,7,1,4,1,2,3,1,2,4,3,3,3,4,4,7,1,3,6,5,4,5,3,4,2,5,4
2,2,2,6,1,6,3,4,1,3,2,3,2,0,0,0,2,4,4,4,1,5,5,6,2,7,3805,4,5,2,1,1,4,3,6,6,1,2,7,4,3,4,5,1,1,2,7,2,4,3,1,1,4,4,6,2,4,6,4,5,5,1,5,4,4,5,4,3,6,4,4,6
2,3,2,88,1,99,3,4,2,3,2,3,1,0,0,0,1,3,4,4,1,5,4,7,1,2,3202,4,6,1,3,1,1,1,5,7,1,1,5,5,5,3,2,3,2,7,1,2,2,3,3,4,1,4,4,3,4,1,3,5,5,1,3,3,2,1,5,1,3,2,6,1
2,2,2,1,1,1,4,4,2,3,2,2,2,0,0,0,2,4,4,4,4,4,4,6,1,7,3809,3,5,2,2,1,4,1,5,5,1,5,4,7,1,2,6,3,2,1,7,1,1,1,2,6,3,6,3,3,5,1,3,3,6,3,2,3,3,3,5,2,5,4,4,4
3,2,2,1,1,1,3,4,1,3,13,3,1,0,0,1,0,4,3,2,5,5,5,7,1,4,3509,1,4,1,1,1,6,2,7,6,1,4,6,4,6,2,1,1,1,6,4,1,2,3,2,1,7,3,1,4,4,7,4,2,7,7,2,6,1,1,7,1,4,1,7,3
2,2,3,1,1,1,4,4,1,3,2,2,2,0,0,0,2,4,4,4,2,3,1,8,2,1,3101,7,5,1,2,1,6,2,5,6,2,4,6,4,2,5,2,5,2,5,4,3,3,3,3,6,6,4,3,2,1,4,4,3,5,2,5,2,1,6,6,3,6,1,6,5
1,2,2,88,3,88,4,4,1,4,2,4,1,0,0,0,1,3,4,4,2,4,4,8,1,7,3810,2,4,7,1,1,1,7,7,7,1,4,7,7,2,1,7,1,1,4,4,4,4,1,4,4,4,7,4,1,1,4,4,4,4,4,4,4,1,4,4,1,4,1,4,1
3,2,3,99,1,99,1,2,2,3,12,1,2,1,0,1,0,3,3,4,1,5,5,7,1,6,3702,7,5,2,3,1,1,1,7,3,2,3,7,5,3,2,2,3,4,6,5,1,3,1,6,5,1,4,6,1,1,4,3,6,5,5,1,7,5,4,7,4,4,5,2,3
2,2,3,9,3,9,4,4,2,1,2,3,1,0,0,1,0,4,4,4,1,3,1,6,1,6,3713,5,7,1,3,1,7,1,7,7,3,5,7,4,1,4,7,5,1,1,5,1,4,4,1,7,7,4,4,3,5,2,2,5,5,1,7,5,1,2,2,3,7,1,4,3
3,3,3,1,1,9,2,4,2,1,2,3,1,0,0,0,1,5,4,4,2,3,3,1,1,5,3505,7,5,6,1,3,6,1,7,7,2,3,7,7,3,2,7,3,1,3,7,1,3,3,1,7,7,7,7,1,5,1,3,5,2,5,4,5,1,6,7,2,5,1,7,6
3,2,4,98,3,99,1,3,1,2,9,4,2,0,0,2,0,4,4,4,3,3,3,7,1,4,3506,3,4,4,4,4,4,4,4,4,4,4,4,4,4,4,4,4,4,4,4,4,4,4,4,4,4,4,4,4,4,4,4,4,4,4,4,4,4,4,4,4,4,4,3,4
1,1,2,28,1,12,6,4,1,4,13,4,2,0,0,2,0,3,3,4,2,4,2,9,3,1,3101,7,3,3,2,3,3,5,2,3,4,3,7,3,3,3,2,3,4,7,1,4,5,3,3,2,2,3,1,5,4,6,2,5,5,4,4,2,1,4,4,5,2,1,7,3
1,2,3,98,1,1,4,3,2,2,10,2,2,0,0,0,2,3,4,4,1,3,5,6,2,3,3405,7,7,1,3,1,3,1,4,3,3,5,6,5,7,1,4,4,4,7,7,2,5,1,7,3,1,1,4,3,3,3,4,4,7,1,6,4,4,4,7,1,4,2,6,4
2,2,3,97,2,64,4,2,2,4,12,2,2,0,0,2,0,4,2,3,2,5,5,8,4,1,3101,7,3,5,5,4,5,1,6,4,4,4,4,5,3,5,6,4,1,4,4,4,4,4,4,7,6,7,4,4,4,4,6,6,6,1,6,3,4,4,7,2,4,1,2,5
3,2,2,1,1,1,2,4,2,3,2,1,1,0,0,0,1,4,4,3,1,3,5,4,1,7,3705,6,7,1,1,1,4,3,7,4,1,1,7,4,2,4,7,5,2,1,5,1,1,1,5,7,5,2,7,1,3,6,3,5,7,2,3,4,1,1,4,1,7,4,5,4
2,3,3,1,1,99,4,4,1,3,2,2,2,0,0,0,2,4,4,4,3,4,4,8,2,5,3602,7,4,1,1,1,4,1,5,4,1,3,4,3,3,5,3,4,4,5,2,1,4,3,3,2,3,1,2,6,5,6,4,4,4,4,4,1,1,4,7,4,4,3,5,3
2,2,2,1,1,1,4,4,1,4,2,2,2,0,0,0,2,3,3,4,1,5,5,7,3,1,3101,7,5,1,1,3,5,2,6,5,3,3,7,2,2,6,7,2,2,6,5,1,2,4,1,2,7,7,6,2,1,2,3,5,7,2,5,3,1,3,7,1,3,2,6,6
2,2,3,1,3,1,4,3,2,3,12,2,3,0,0,2,1,3,4,4,2,5,5,7,2,6,3713,4,6,1,1,1,3,1,5,5,1,1,6,3,1,4,6,4,3,1,5,1,2,2,4,3,5,3,6,2,6,2,3,4,4,3,6,3,2,3,4,2,7,2,6,2
1,1,2,98,1,70,4,4,1,4,2,3,1,0,0,0,1,3,3,3,1,5,5,7,3,4,3506,4,3,2,1,2,2,4,3,2,3,2,6,2,6,2,3,4,4,5,1,3,4,2,2,1,2,1,1,6,2,3,2,6,2,5,3,2,3,4,3,3,3,4,4,2
1,2,3,28,1,25,4,2,1,3,9,2,4,2,0,2,0,4,4,4,4,5,5,8,2,2,3206,3,7,2,4,1,2,1,3,5,2,3,5,6,7,4,3,4,3,3,4,4,6,3,3,5,2,2,7,1,2,4,4,3,6,4,3,4,5,4,5,2,4,4,5,6
2,2,3,24,1,24,2,4,1,3,2,2,2,0,0,0,2,4,2,3,1,5,5,7,2,2,3203,6,4,1,1,1,5,1,6,4,1,1,7,3,4,5,7,1,1,1,5,1,1,3,1,4,4,1,3,4,1,7,4,2,7,1,7,4,1,4,7,1,5,5,3,4
2,2,3,98,1,1,4,4,1,3,2,1,2,0,0,0,2,4,4,3,3,3,1,7,2,6,3702,7,6,1,1,1,4,3,7,5,1,3,7,6,6,3,7,1,1,1,5,1,1,3,1,2,1,5,7,1,7,1,4,3,7,1,7,3,4,2,7,1,7,6,6,4
3,2,4,98,1,24,1,3,2,2,9,3,3,0,0,3,0,5,4,4,1,4,4,2,1,4,3409,4,4,4,3,1,7,1,3,7,1,1,7,4,3,1,7,3,3,1,4,1,2,3,4,7,1,7,7,1,1,3,7,3,7,1,4,7,4,1,7,4,4,4,1,4
2,2,3,24,1,24,2,4,2,2,2,4,1,0,0,0,1,4,4,3,3,4,3,7,1,6,3704,1,7,1,1,1,7,1,7,7,1,1,4,4,1,4,7,4,1,1,7,1,4,1,4,1,4,7,7,1,7,1,3,4,3,4,7,4,3,4,5,1,7,3,4,2
2,2,3,98,1,1,4,4,1,2,9,3,2,0,1,1,0,4,4,2,3,5,3,4,2,8,3806,6,7,4,1,1,1,1,4,2,7,7,7,4,3,4,7,3,4,4,4,1,3,1,4,1,1,4,7,4,7,7,5,3,1,5,1,4,5,2,7,4,1,7,3,1
2,3,2,22,1,22,4,2,2,4,13,3,3,0,0,3,0,3,1,4,1,5,5,7,3,1,3101,7,4,1,2,1,5,7,2,3,1,4,6,2,6,1,6,6,2,7,4,1,4,1,6,5,2,1,6,1,3,4,2,5,2,1,1,2,7,1,7,2,1,7,7,1
2,1,3,98,3,99,4,2,2,2,12,2,4,1,1,2,0,4,4,4,3,5,3,7,2,5,3606,2,7,1,4,1,1,1,4,1,1,1,4,7,1,1,7,4,1,1,7,1,1,3,3,1,1,7,4,1,1,1,3,1,7,1,1,7,2,1,7,1,7,1,7,1
2,2,3,28,1,23,1,3,2,3,9,3,3,0,0,3,0,3,4,3,1,3,5,9,1,5,3505,1,7,1,1,1,4,1,4,7,1,2,7,4,1,1,7,4,7,7,7,1,4,4,4,7,7,1,4,1,1,5,4,1,1,1,7,4,1,4,7,4,1,4,1,1
2,2,3,98,2,64,3,3,1,2,9,1,1,0,0,1,0,5,4,4,5,5,5,9,1,5,3610,3,4,4,4,4,4,4,4,4,5,4,3,5,4,4,4,4,6,4,4,4,5,4,4,4,4,3,4,4,4,4,3,4,3,4,3,5,5,3,5,4,3,4,6,5
2,2,3,98,2,23,1,1,1,2,9,1,6,1,1,4,0,3,4,3,1,5,5,9,1,4,3502,4,7,1,7,6,7,1,6,7,1,2,7,1,7,5,3,2,1,7,6,1,5,3,3,7,1,2,5,1,7,1,6,2,6,2,2,5,5,4,7,2,5,2,2,1
3,2,4,1,1,1,2,4,2,2,2,4,1,0,0,0,1,5,4,4,4,4,4,1,1,4,3509,5,7,7,1,1,1,1,4,7,1,4,4,7,1,4,1,4,4,4,7,1,4,1,7,6,4,3,4,1,1,7,4,7,4,1,7,7,1,4,7,1,4,3,7,3
2,2,1,24,1,24,3,2,1,3,11,2,2,0,0,2,0,4,2,3,1,5,5,8,2,1,3101,7,7,1,1,1,1,1,7,7,1,1,7,7,7,3,7,1,1,1,7,1,1,1,1,7,7,4,7,1,1,1,1,1,7,1,1,6,1,1,7,1,7,1,7,7
2,2,1,1,1,1,4,4,1,4,8,2,2,0,0,0,2,3,3,2,1,5,5,8,2,7,3808,5,4,1,1,1,2,1,4,3,1,1,5,1,3,3,4,1,1,1,7,1,1,4,1,2,5,4,3,3,1,4,2,6,7,1,3,4,1,1,7,2,7,3,7,6
2,3,4,98,3,99,4,1,2,4,12,1,2,0,0,2,0,2,3,4,2,5,5,8,4,1,3101,7,4,2,4,5,2,1,4,3,4,2,4,5,5,3,2,4,4,4,3,3,4,3,4,3,1,3,4,4,2,4,4,5,3,4,3,3,2,4,4,4,4,4,4,2
3,3,4,98,2,64,2,3,1,3,7,2,4,0,0,4,0,4,4,4,1,5,5,7,1,5,3602,7,4,1,4,4,7,2,7,5,4,4,7,7,3,5,1,4,4,7,1,3,4,4,4,4,1,1,1,7,7,7,4,7,7,1,3,6,1,3,7,1,4,3,5,1
2,2,2,98,2,25,4,4,2,2,2,3,1,0,0,0,1,4,4,4,2,2,2,3,1,5,3501,4,6,1,1,1,5,1,7,4,1,1,7,7,4,4,1,2,1,2,7,1,1,3,4,5,1,4,4,4,1,7,2,6,6,4,6,2,1,2,7,1,5,1,7,4
2,3,4,98,2,64,4,4,1,3,2,3,1,0,0,0,1,4,4,4,2,4,4,2,1,4,3509,5,4,4,1,1,4,1,4,7,1,4,6,4,1,4,4,6,6,1,6,1,4,1,1,4,3,1,4,1,4,4,6,4,4,2,4,5,4,4,7,3,5,4,3,4
2,2,2,24,1,99,4,4,1,4,12,3,2,0,0,2,0,4,3,3,1,5,4,8,3,8,3802,3,7,2,1,1,3,2,5,2,1,2,7,4,5,4,7,4,1,1,6,1,3,3,1,2,7,7,7,2,3,1,3,5,7,2,4,3,1,1,6,2,7,4,4,1
2,2,2,28,1,23,4,1,2,3,1,1,2,0,0,2,0,4,2,3,1,5,5,2,2,5,3607,2,5,3,4,1,2,1,6,5,3,1,4,2,7,3,5,3,4,7,3,2,4,2,3,2,1,2,4,4,2,1,3,6,7,1,5,3,2,4,4,2,1,2,6,5
2,2,2,1,1,1,4,3,1,2,12,2,2,0,0,2,0,3,3,4,5,5,4,5,2,3,3301,4,7,1,1,1,1,1,7,7,1,1,7,1,1,4,1,1,6,7,1,4,7,1,1,1,1,1,5,1,1,7,2,7,1,6,2,2,1,6,7,1,1,1,7,5
3,3,2,99,1,99,1,3,2,4,4,2,4,1,1,2,0,4,1,3,1,1,1,6,3,3,3405,7,5,3,5,4,4,4,6,4,2,6,6,4,2,2,5,2,4,2,4,1,4,2,4,6,1,2,2,3,6,1,4,4,4,4,4,4,4,2,6,4,6,4,4,4
3,3,2,31,1,1,2,1,1,2,10,1,1,0,0,1,0,3,3,4,1,5,5,4,1,4,3508,6,5,1,1,1,4,1,7,5,2,3,6,3,1,4,3,3,2,4,4,1,3,4,3,4,2,3,4,5,5,6,5,4,6,5,4,6,3,2,7,3,4,3,3,5
1,2,1,29,1,4,4,1,1,3,1,1,4,0,0,3,1,2,1,3,1,5,5,7,3,2,3209,3,2,1,7,7,2,1,1,1,3,2,3,1,1,2,1,7,2,7,1,6,7,1,4,7,1,1,1,3,3,7,6,1,6,7,1,4,1,5,7,7,1,1,1,1
1,2,1,99,1,1,4,4,1,3,2,2,2,0,0,0,2,3,2,3,1,5,5,9,2,2,3210,3,5,1,1,2,5,4,7,4,2,3,4,4,2,5,7,4,4,2,6,1,3,4,2,3,4,7,3,7,3,7,3,4,5,2,5,3,1,5,4,3,4,3,6,4
2,3,2,29,3,99,3,4,1,4,10,2,3,0,0,1,2,4,4,3,3,4,3,3,2,6,3707,6,4,3,2,3,5,3,5,4,3,4,5,3,4,4,1,4,3,5,4,3,4,3,4,4,4,1,3,5,3,6,5,3,5,3,5,3,3,4,5,4,3,4,4,3
2,2,2,1,1,99,4,4,2,4,2,2,2,0,0,0,2,4,3,3,1,5,5,6,2,4,3509,5,7,1,1,1,7,1,7,1,1,1,7,7,7,1,1,4,1,7,7,1,4,1,1,7,2,1,3,1,1,3,2,6,7,1,4,4,5,1,7,1,3,1,6,7
2,2,3,99,1,99,3,4,1,4,2,2,2,0,0,0,2,3,3,2,2,4,2,7,2,1,3101,7,2,2,3,3,3,2,2,3,2,2,6,3,2,2,2,2,1,2,6,2,2,2,2,3,6,2,2,4,1,1,4,4,2,3,4,3,3,4,4,3,4,2,6,2
1,2,2,98,3,1,4,4,1,4,2,3,2,0,0,1,1,3,4,4,5,5,5,8,4,2,3203,6,4,3,1,1,4,1,7,6,1,4,7,4,1,4,7,3,1,1,6,1,3,4,1,1,4,7,4,1,5,3,3,4,7,4,4,5,5,7,7,3,7,3,4,6
1,2,2,24,1,24,5,4,1,4,2,4,1,0,0,0,1,3,2,3,3,5,5,6,2,6,3706,5,7,3,6,1,3,4,4,1,2,2,7,6,3,4,6,2,1,1,6,2,1,6,2,4,6,6,5,1,3,1,3,6,6,4,5,1,2,4,6,4,5,1,4,2
2,2,3,24,3,24,4,3,2,3,9,3,1,0,0,1,0,3,2,2,2,4,4,6,1,2,3211,3,7,1,4,1,4,1,4,4,1,4,7,5,7,4,1,1,4,1,7,1,1,4,4,7,4,4,5,1,4,1,5,5,4,4,3,3,1,4,4,4,7,5,3,5
3,3,3,98,3,99,1,4,1,3,2,3,1,0,0,1,0,5,4,3,4,4,4,2,1,7,3809,5,6,1,1,1,6,1,6,5,5,3,6,4,2,4,6,2,2,1,4,4,6,5,1,4,6,3,5,4,2,6,7,5,6,2,7,7,2,3,6,2,7,4,3,4
2,2,3,28,1,23,3,1,2,4,1,1,1,0,0,1,0,2,1,3,1,5,5,8,1,3,3303,5,6,5,2,1,1,1,7,2,1,7,7,1,6,3,1,2,1,7,7,1,4,1,6,3,1,1,2,3,1,4,3,7,6,1,5,5,3,4,3,2,1,1,5,5
2,2,3,28,1,99,4,2,1,3,10,1,1,0,0,1,0,3,4,3,1,5,5,7,1,5,3611,4,4,5,3,3,3,5,5,4,3,4,5,3,3,3,4,4,5,4,4,2,4,3,2,3,3,2,5,4,4,5,4,3,5,3,5,2,2,4,5,3,4,3,3,4
3,2,4,98,2,99,1,3,2,3,2,3,1,0,0,1,0,5,4,3,1,5,5,6,1,2,3206,1,4,2,4,2,3,2,4,4,3,3,4,4,4,3,4,4,5,4,4,2,3,3,4,4,3,2,3,4,3,6,4,6,7,4,6,7,2,4,7,4,4,6,3,4
2,3,2,29,1,25,4,4,1,3,2,2,2,0,0,1,1,3,3,3,1,5,5,6,2,2,3201,4,3,3,1,2,1,1,3,1,3,1,6,1,3,1,1,3,2,7,2,3,5,3,5,1,4,2,1,7,1,4,2,6,3,1,3,3,1,6,3,6,1,1,7,1
3,2,4,24,1,24,1,2,2,4,2,1,3,0,2,1,0,5,2,1,3,5,3,7,2,3,3308,3,4,1,1,5,7,1,7,6,1,3,7,5,2,5,6,1,1,4,7,1,1,4,5,1,2,1,5,5,1,4,7,5,7,1,7,7,7,1,7,1,5,7,4,1
2,2,3,1,1,1,3,1,1,2,9,1,5,0,0,4,1,3,3,4,1,5,5,9,5,2,3207,3,6,4,1,1,2,1,4,7,1,1,3,7,1,1,2,2,6,7,1,4,5,1,2,2,3,3,3,3,2,7,3,2,3,1,1,4,1,3,7,3,1,1,2,3
2,2,4,98,2,99,4,2,2,3,11,1,1,0,0,1,0,3,4,3,1,1,4,1,1,5,3505,2,7,1,1,1,1,1,7,7,1,1,1,7,1,1,7,4,1,4,4,1,1,1,7,1,1,1,7,1,7,7,3,5,7,1,1,4,3,1,7,7,7,1,7,7
2,3,2,88,1,99,3,4,2,4,2,3,1,0,0,0,1,4,1,2,1,5,5,5,1,4,3510,7,4,2,4,1,6,2,6,5,2,1,7,2,1,2,2,5,3,5,5,2,4,1,5,6,6,3,1,5,1,7,2,6,6,1,5,3,2,1,4,2,3,4,6,5
2,3,3,99,1,99,3,4,1,2,11,2,2,0,0,2,0,3,4,4,2,4,4,5,3,7,3805,4,4,6,1,4,3,1,4,2,7,2,4,4,4,2,1,5,4,7,4,3,4,4,4,1,4,7,2,7,2,6,2,5,3,5,4,4,1,4,3,4,3,2,5,4
1,1,4,97,3,64,3,1,2,1,9,1,4,1,0,3,0,3,1,3,3,3,3,1,2,6,3707,6,6,1,5,1,1,1,4,1,1,1,3,7,2,1,1,4,1,3,5,1,7,7,1,7,1,7,7,1,7,1,1,1,1,1,7,7,1,1,5,4,3,3,5,5
2,2,2,24,1,24,3,3,2,2,9,3,1,0,0,1,0,4,4,4,1,2,1,5,1,5,3611,4,7,3,3,1,1,1,1,7,1,1,7,7,2,1,7,3,1,1,7,1,1,1,1,7,1,1,2,1,1,1,7,7,7,1,7,7,1,1,7,4,7,5,7,1
2,2,2,1,1,1,4,4,2,3,2,3,2,0,0,0,2,4,3,3,1,5,5,9,2,8,3802,1,4,4,3,2,4,4,4,5,3,3,6,4,2,4,6,4,3,3,5,3,3,4,4,5,5,5,4,2,3,3,3,6,5,3,5,5,1,5,4,5,4,2,5,5
2,1,3,97,3,1,4,4,1,4,2,3,1,0,0,0,1,4,3,1,2,5,5,9,2,6,3702,7,3,4,1,1,6,4,3,5,5,5,7,1,1,2,1,7,2,7,4,2,4,2,4,1,4,1,1,7,1,6,4,3,6,7,6,2,5,4,7,2,1,5,3,2
1,2,2,28,1,23,5,1,1,3,1,1,4,0,1,3,0,3,2,3,1,5,5,7,2,3,3306,1,1,7,1,1,1,7,4,1,1,7,7,1,4,3,1,7,5,7,1,3,7,1,7,1,1,1,4,1,1,5,3,4,2,4,2,3,4,1,7,4,1,1,7,1
2,2,4,98,2,6,3,3,2,2,2,3,2,0,0,2,0,4,4,4,4,1,1,6,1,6,3712,5,6,2,2,1,3,1,4,4,4,2,4,4,1,2,4,4,4,4,4,2,4,2,4,5,5,1,6,2,4,4,5,4,6,2,6,4,3,5,4,4,4,2,2,6
2,3,4,99,1,99,4,3,2,3,12,3,1,0,0,1,0,3,4,4,3,5,4,7,2,7,3805,3,5,2,1,4,2,1,3,4,2,3,5,4,4,1,4,4,4,4,4,1,4,1,4,2,7,4,4,4,3,4,5,3,3,2,5,3,1,3,6,3,5,1,6,4
1,2,2,9,1,9,4,4,1,3,2,2,2,0,0,0,2,3,4,4,1,5,3,7,2,3,3301,3,5,1,1,2,2,1,3,5,2,2,5,4,4,4,6,2,2,2,5,2,3,5,1,3,6,7,3,2,5,7,2,4,6,5,5,2,2,2,2,3,5,2,6,3
2,2,2,28,1,23,4,2,1,3,12,2,4,2,0,2,0,3,3,3,1,5,5,8,3,2,3208,4,6,5,2,2,4,3,3,3,7,5,5,7,5,4,3,6,3,4,6,3,5,5,4,4,6,4,2,3,5,5,3,1,5,6,5,5,3,4,4,6,4,3,5,1
2,2,3,6,1,6,1,2,2,4,12,1,2,0,0,2,0,3,1,3,1,5,5,4,2,6,3702,7,3,4,7,2,7,1,7,7,5,7,7,3,1,2,1,6,1,7,5,2,4,1,5,7,1,2,5,2,1,7,3,2,7,1,2,2,2,1,7,1,1,2,4,1
2,2,3,28,1,1,1,4,2,1,2,2,4,0,0,2,2,4,4,4,2,3,1,4,2,1,3101,7,7,1,4,1,3,1,7,7,7,7,7,1,7,2,1,1,3,3,7,1,1,4,1,1,3,1,7,1,4,7,4,1,7,1,7,7,3,1,3,1,1,1,7,1
3,2,4,98,2,64,2,1,1,2,9,1,1,0,0,1,0,5,4,4,2,5,3,9,1,8,3804,5,7,1,1,1,7,1,7,5,1,1,4,7,4,1,7,1,1,7,7,1,1,7,1,1,7,3,4,1,7,1,7,1,1,1,1,7,7,1,7,1,7,7,1,1
2,2,2,1,1,1,4,3,2,2,13,3,1,0,0,1,0,3,3,4,2,3,5,6,1,2,3202,4,7,1,1,1,6,5,2,4,1,4,6,3,2,3,3,3,4,2,3,2,3,3,3,6,2,3,6,1,3,5,2,3,6,3,5,3,2,3,6,2,5,2,7,5
3,3,4,98,3,6,1,3,1,2,3,1,1,0,0,0,1,5,4,4,3,3,3,2,1,7,3810,3,7,1,1,1,7,1,1,1,1,7,7,1,1,1,1,1,1,1,7,1,1,1,1,1,1,1,7,1,7,1,7,1,7,1,7,7,7,1,7,1,7,1,7,1
2,2,3,98,3,1,3,3,1,2,9,3,1,0,0,1,0,3,4,4,2,4,3,3,1,5,3610,3,7,1,1,1,1,1,7,1,1,7,7,7,1,7,7,1,1,4,7,1,1,2,1,1,7,3,1,4,7,3,5,3,7,1,7,4,4,4,7,1,7,4,1,7
2,3,4,98,2,99,4,3,1,2,11,2,2,0,1,1,0,3,4,4,1,4,3,7,1,2,3206,2,7,1,2,1,2,3,4,3,1,4,4,3,4,3,3,3,3,1,5,1,2,3,4,3,1,4,7,1,1,1,4,4,4,5,4,1,1,4,7,4,4,1,7,3
3,2,4,88,3,1,2,2,1,2,3,2,5,3,0,2,0,5,4,4,3,3,3,9,1,4,3403,3,4,1,4,4,7,4,4,4,4,4,4,4,4,4,4,4,4,1,4,4,4,4,4,4,4,4,4,1,4,4,7,4,4,1,4,4,4,4,7,4,5,6,1,1
3,3,3,29,2,4,2,1,1,2,3,1,2,0,0,2,0,5,4,3,4,3,3,1,1,1,3101,7,6,1,3,2,3,4,3,5,3,3,3,3,3,2,7,2,5,7,4,4,3,3,4,1,1,1,6,2,4,3,5,3,6,2,3,6,3,1,6,2,2,6,2,3
2,3,4,98,1,99,4,4,2,3,2,1,1,0,0,0,1,4,3,1,1,5,5,7,1,7,3705,6,4,4,1,4,6,7,4,6,3,3,7,1,2,4,1,7,4,7,4,1,1,1,4,7,4,4,4,4,4,3,2,4,2,5,4,4,1,1,7,3,1,1,7,1
2,2,2,1,1,1,3,4,2,3,2,2,2,0,0,0,2,5,4,4,2,3,3,7,2,2,3204,5,7,1,1,1,3,1,7,7,1,3,7,3,5,3,4,4,2,1,3,1,2,3,5,7,1,3,6,1,3,3,4,3,7,1,3,3,3,3,7,3,7,1,6,3
2,3,2,1,1,1,2,4,1,4,2,4,1,0,0,0,1,3,3,2,1,1,5,5,1,1,3101,7,2,1,1,1,4,1,7,2,1,2,7,2,1,4,3,1,2,7,3,1,3,3,1,1,7,6,5,4,1,7,2,6,6,1,6,3,2,1,7,2,1,1,6,6
2,2,3,98,1,4,3,1,1,1,1,1,6,1,1,2,2,4,1,4,1,5,5,7,2,6,3712,1,5,3,1,1,2,1,6,6,2,1,4,4,7,1,1,2,4,7,4,3,4,1,1,1,1,1,2,3,7,6,5,1,2,4,1,3,2,4,3,3,2,1,1,1
2,3,3,98,2,88,3,4,1,3,2,2,2,0,0,0,2,3,4,4,2,1,3,5,2,1,3101,7,6,2,2,4,5,4,2,2,1,4,6,4,2,4,7,7,4,4,4,1,4,4,4,1,6,7,4,4,3,4,4,3,6,4,6,4,3,3,7,3,4,2,4,4
2,2,1,1,1,1,2,3,2,3,12,2,4,1,1,2,0,4,4,4,1,1,1,9,2,6,3712,2,7,1,3,1,7,1,7,7,1,2,7,7,5,4,7,4,1,4,7,1,3,4,5,7,1,6,7,1,6,4,3,4,7,1,1,3,7,1,7,1,3,2,7,3
2,2,4,98,2,64,4,2,2,3,10,1,2,0,0,2,0,3,3,4,1,5,5,8,2,1,3101,7,5,4,3,3,4,5,5,3,2,3,5,1,3,2,1,4,5,7,3,4,4,1,3,1,1,2,1,5,4,5,4,3,6,1,5,1,4,4,7,3,1,2,6,5
2,3,4,98,2,64,5,2,2,4,10,2,2,0,0,2,0,3,2,3,1,5,5,9,5,2,3208,1,3,6,2,1,7,2,5,4,1,2,4,1,7,1,2,4,3,3,4,1,3,1,4,5,1,1,2,4,5,3,2,3,3,1,4,1,1,4,7,4,4,2,5,1
3,2,2,28,1,99,4,2,1,2,9,3,2,0,0,2,0,4,3,4,1,5,4,7,3,1,3101,7,4,5,5,6,6,1,4,4,3,4,7,1,4,4,1,7,4,7,5,1,4,4,4,4,1,4,1,5,4,4,7,4,7,7,4,3,4,5,7,4,3,4,5,4
2,2,2,24,1,70,3,2,1,2,12,2,4,1,1,2,0,3,4,3,1,4,3,6,3,4,3403,5,5,1,4,3,7,1,6,5,1,3,6,5,5,1,7,4,1,1,5,1,1,1,6,5,4,4,5,4,7,3,4,5,7,3,3,5,1,3,5,2,7,2,5,5
3,2,4,98,2,1,1,4,2,2,2,4,2,0,0,2,0,4,3,4,2,5,5,4,2,2,3209,1,5,4,1,1,7,4,7,5,1,7,7,5,3,4,7,4,1,4,7,1,2,1,3,7,1,4,5,1,6,3,4,4,7,1,5,5,4,1,7,4,6,6,1,4
2,2,3,1,1,99,3,4,2,2,2,3,2,0,0,0,2,4,4,4,4,3,4,8,1,6,3304,4,7,4,1,1,7,1,7,7,1,5,7,5,1,1,7,4,1,1,7,1,3,1,3,7,1,7,6,1,7,3,7,1,7,1,7,7,7,1,7,1,7,1,7,7
2,2,2,1,3,1,3,4,2,3,2,4,5,3,0,1,1,3,3,4,1,3,3,4,2,5,3605,4,7,1,1,1,7,1,7,7,1,1,7,7,7,7,7,1,1,1,7,1,1,7,1,7,7,1,7,1,7,1,2,6,7,1,7,4,1,1,5,5,7,1,7,3
2,2,4,32,1,70,3,4,1,3,7,3,3,0,0,3,0,4,3,4,1,5,5,7,2,2,3201,1,7,1,1,2,1,1,4,7,2,1,4,7,4,2,7,1,1,1,4,1,1,7,4,1,7,7,7,1,4,1,3,5,4,5,4,4,4,5,7,4,4,1,7,4
3,2,2,98,2,1,2,3,1,4,13,2,4,1,1,2,0,4,2,1,1,5,5,7,5,3,3405,7,3,1,3,2,6,7,7,3,1,4,7,6,7,5,4,5,4,6,5,1,5,1,5,3,2,7,7,1,3,6,7,1,7,1,2,7,3,1,3,3,3,6,1,2
2,2,2,1,1,1,4,3,1,2,12,2,2,0,0,2,0,3,3,3,5,5,5,9,3,5,3505,4,7,1,1,1,4,1,5,7,1,1,7,7,7,1,7,1,7,1,7,1,4,5,1,4,7,1,2,7,1,3,3,4,7,1,7,3,1,1,2,1,7,1,7,7
1,2,2,88,3,99,5,4,1,4,2,4,1,0,0,0,1,3,3,4,1,5,5,8,2,4,3510,7,3,2,4,4,6,5,6,5,3,2,6,5,4,3,7,2,3,1,7,2,3,4,2,3,3,6,2,2,6,3,2,5,4,4,1,1,5,4,7,4,6,2,5,1
3,3,3,98,3,25,2,1,2,2,9,1,1,0,0,1,0,5,4,4,1,3,4,1,2,5,3606,6,4,4,1,1,1,1,6,7,1,4,4,4,4,4,4,7,4,6,4,3,4,4,4,4,1,2,3,4,5,6,4,4,7,4,4,7,3,4,4,4,3,1,3,2
1,2,3,29,1,24,5,3,1,2,11,2,2,0,0,2,0,3,4,4,1,5,3,8,4,4,3503,4,4,1,1,1,1,1,4,4,1,2,4,3,1,4,1,4,1,1,7,1,5,3,1,1,5,1,5,1,1,7,3,5,6,1,1,1,1,4,7,4,7,1,6,3
2,2,4,98,2,99,3,4,1,3,2,3,1,0,0,0,1,4,4,4,3,3,3,1,1,5,3603,4,4,4,4,4,4,4,4,4,4,4,4,4,4,4,4,4,4,4,4,4,4,4,4,4,4,4,4,4,4,4,4,4,4,4,4,4,4,4,4,4,4,4,4,4
2,2,3,29,1,99,3,1,1,1,9,1,2,0,0,2,0,4,2,4,1,5,4,8,3,2,3208,4,4,7,2,1,6,1,6,6,3,5,7,2,6,2,3,5,3,7,3,2,2,1,4,1,2,2,4,3,7,4,4,3,6,2,3,3,2,4,4,3,4,1,3,6
2,2,3,99,1,99,4,1,2,3,11,1,2,0,0,2,0,3,2,3,2,4,3,5,2,6,3702,7,7,2,4,1,7,4,7,7,1,1,7,7,1,4,7,4,1,1,4,1,1,1,1,7,1,4,7,1,4,4,7,2,7,2,1,4,4,4,7,1,4,4,4,1
2,3,2,1,3,1,4,4,2,3,2,2,2,0,0,0,2,3,3,4,3,3,3,7,1,2,3205,1,7,7,2,1,7,1,7,7,1,1,7,7,3,2,5,3,2,5,4,1,2,2,3,3,7,1,6,1,1,3,2,5,2,2,2,2,1,3,7,2,4,1,7,2
1,3,4,98,2,64,4,4,2,3,9,3,1,0,0,0,1,3,3,1,2,5,5,6,2,4,3509,5,4,3,1,1,1,7,7,3,1,3,7,4,3,1,4,2,2,4,5,1,4,1,3,7,7,1,1,4,3,7,4,5,1,7,4,3,4,1,7,1,2,7,3,3
2,3,3,98,3,99,4,3,2,4,12,2,2,0,0,2,0,3,2,3,1,5,5,7,3,5,3602,1,4,7,1,1,6,6,5,3,1,3,4,1,4,4,4,6,2,4,5,1,3,2,2,5,1,4,3,4,4,3,4,4,7,1,1,3,5,4,5,4,4,4,7,4
2,3,3,24,1,24,2,2,1,2,12,3,3,2,0,1,0,4,3,4,5,5,5,8,2,5,3608,4,7,1,1,1,7,1,7,7,1,7,7,1,7,7,7,1,1,1,7,1,1,7,1,7,7,7,7,1,7,1,7,4,7,1,7,7,7,1,7,1,7,4,4,1
1,3,3,28,3,99,5,1,1,4,1,1,4,0,0,4,0,3,2,3,3,5,5,9,5,6,3304,1,4,1,4,2,1,1,4,5,1,2,2,4,3,4,3,4,4,7,4,2,4,3,4,2,1,1,3,2,1,6,3,5,3,5,3,3,3,4,3,3,3,1,5,2
2,2,2,1,1,99,4,3,1,3,7,2,2,0,0,2,0,3,3,4,1,5,5,8,3,5,3611,1,3,1,1,1,2,1,6,2,1,1,7,3,7,2,5,1,4,5,6,1,1,2,1,3,1,1,1,2,1,7,4,6,5,2,6,4,1,1,2,3,2,2,6,2
2,2,3,99,3,21,4,4,1,3,2,2,1,0,0,0,1,4,4,4,1,5,5,8,1,8,3807,7,5,3,1,1,4,2,5,4,1,2,7,1,7,4,1,4,5,4,4,1,5,3,2,5,2,2,3,2,4,1,3,5,5,7,1,3,3,3,7,1,3,1,7,1
2,2,3,6,1,1,3,4,2,3,2,3,1,0,0,0,1,4,3,3,3,1,3,6,1,1,3101,7,7,1,1,1,1,1,7,7,1,1,7,7,1,1,7,1,1,1,7,1,1,1,1,7,1,7,7,1,1,1,5,4,6,1,7,4,4,3,7,4,6,7,1,7
2,3,2,98,3,99,4,4,2,2,2,2,3,0,0,1,2,3,4,4,1,5,4,9,3,2,3209,3,7,1,1,1,7,1,7,1,7,7,7,7,1,1,7,1,7,1,7,1,1,1,1,1,7,7,7,7,1,1,1,7,7,1,1,1,1,1,7,1,7,1,1,1
2,2,4,99,1,88,4,1,2,4,11,1,2,0,0,2,0,3,3,4,1,5,5,7,2,5,3607,1,7,2,1,1,5,2,4,5,2,3,6,3,3,3,7,3,1,1,5,1,3,4,3,4,5,4,7,3,3,1,2,4,3,5,5,3,1,4,6,3,7,1,7,5
1,2,2,22,1,22,4,1,1,3,1,1,3,0,0,3,0,2,1,4,1,5,5,9,5,1,3101,7,5,1,3,3,5,3,7,4,2,3,4,5,5,2,4,3,2,3,4,1,3,1,4,1,6,5,6,1,4,1,3,3,5,4,3,4,5,4,5,3,4,1,4,2
2,3,3,29,3,99,4,3,2,2,9,2,2,0,0,2,0,3,3,4,5,4,4,1,2,8,3807,7,2,4,2,3,1,5,6,7,3,7,3,4,4,1,1,6,5,6,5,2,4,1,1,5,1,1,1,5,1,7,3,7,4,4,4,3,1,5,7,4,1,2,5,1
2,3,2,24,1,24,4,2,2,3,9,1,1,0,0,1,0,3,2,4,3,3,4,5,1,8,3807,7,7,1,1,1,7,2,1,3,1,1,7,3,2,2,7,3,2,1,7,1,6,2,3,3,7,7,2,4,4,4,6,3,7,1,7,1,6,2,7,4,7,3,1,6
2,2,2,29,1,4,4,4,1,4,2,2,3,0,0,1,2,3,3,3,1,5,5,6,3,4,3403,4,4,3,2,3,4,2,4,2,3,2,7,3,2,4,2,3,2,7,3,3,2,4,2,4,4,1,1,5,2,5,4,6,5,5,3,3,3,3,5,2,2,2,5,2
2,2,3,98,2,99,4,2,2,2,9,2,5,2,1,2,0,3,4,4,3,2,2,7,1,4,3506,2,3,5,4,2,6,5,4,4,5,5,5,5,5,5,4,4,5,5,5,3,4,4,5,4,5,3,4,3,4,6,3,3,4,4,6,4,2,4,7,5,4,5,3,5
1,2,2,98,2,99,5,1,2,2,7,1,4,2,0,2,0,3,3,3,3,3,3,4,4,2,3203,4,1,1,1,1,1,1,1,1,1,1,1,1,1,1,1,1,1,1,1,1,1,1,1,1,1,1,1,1,1,1,3,1,1,1,1,1,1,1,1,1,1,1,1,1
3,2,3,98,2,1,3,1,2,4,10,1,1,0,0,1,0,5,4,4,5,5,5,1,1,6,3702,7,4,5,3,3,2,5,5,3,4,4,4,3,5,6,3,5,4,5,4,5,5,6,7,3,3,4,6,5,3,5,6,4,5,4,4,4,4,5,5,6,6,4,5,6
2,3,2,29,2,4,4,2,2,3,7,1,2,0,0,2,0,4,1,4,1,5,5,2,3,1,3101,7,3,3,2,3,3,5,5,2,7,3,7,2,4,2,4,4,4,3,5,1,5,1,1,6,1,3,6,1,7,3,3,2,5,1,7,1,7,5,6,5,4,6,2,2
2,2,3,24,1,24,4,3,2,3,2,2,2,0,0,2,0,4,4,2,1,5,5,7,2,8,3807,7,7,1,1,1,3,1,6,4,4,3,3,4,2,5,2,3,1,1,6,1,2,3,3,3,2,6,7,2,4,1,2,4,6,2,5,2,5,2,6,2,7,1,7,6
3,2,2,99,1,99,2,4,2,2,2,2,2,0,0,1,1,3,4,4,2,5,5,7,1,7,3809,1,7,1,1,4,4,1,7,7,4,1,7,7,4,4,7,4,4,1,7,1,4,4,4,4,1,1,7,1,4,7,4,7,7,4,4,4,1,4,7,1,7,2,7,5
3,2,3,32,2,99,1,3,2,2,9,2,3,1,0,2,0,5,4,3,4,3,3,3,2,3,3401,4,7,3,1,1,7,1,7,7,3,5,7,6,3,1,6,4,2,1,7,1,2,1,3,5,2,7,7,1,7,1,6,3,7,1,5,6,7,1,7,1,7,5,3,4
2,3,3,98,1,1,3,2,1,3,12,2,2,0,0,2,0,3,2,3,1,5,5,6,2,7,3709,1,4,4,4,1,4,3,5,3,1,4,5,6,3,5,5,4,2,5,4,2,1,4,2,3,7,2,5,3,5,2,3,2,2,3,3,5,4,2,4,3,7,3,7,1
2,3,3,98,2,64,4,2,2,2,9,1,3,1,0,2,0,4,4,4,3,5,4,6,1,5,3603,1,7,4,3,1,7,1,6,7,1,3,3,7,2,1,4,2,4,4,4,2,3,1,5,2,3,1,6,1,3,2,6,3,7,3,6,5,4,5,7,3,4,6,3,3
2,1,3,29,1,4,3,1,2,4,1,1,2,0,0,2,0,3,1,3,2,5,5,8,2,7,3709,2,4,6,5,3,4,4,6,3,2,4,6,1,3,3,6,7,4,7,1,3,3,1,1,4,1,1,1,4,4,7,3,5,5,5,1,6,2,7,4,1,1,1,7,4
2,2,2,98,1,1,4,2,1,2,9,2,4,2,0,2,0,3,3,3,1,5,3,4,2,7,3810,5,3,1,1,1,2,2,6,1,1,2,4,6,3,3,2,3,3,7,4,1,4,1,3,3,7,2,2,1,2,3,2,3,6,1,1,4,3,2,7,3,2,3,7,3
3,3,4,98,2,64,1,1,1,1,1,1,4,1,0,3,0,5,4,3,3,4,3,2,1,3,3306,2,7,7,4,1,7,7,7,7,7,7,7,7,7,7,7,1,7,7,7,7,1,7,5,7,7,7,7,7,7,1,7,1,7,1,7,7,4,1,7,1,7,1,1,1
3,2,2,88,1,24,3,3,2,3,12,3,3,0,1,2,0,4,2,4,2,4,4,7,1,7,3809,4,4,1,1,1,5,1,4,2,4,4,7,4,4,4,7,4,4,1,7,1,1,4,1,4,5,4,4,1,7,1,4,4,4,4,4,4,4,3,7,3,4,7,4,1
3,2,3,29,3,70,1,3,2,3,9,2,2,0,0,2,0,3,4,4,3,1,1,7,2,6,3601,1,6,6,1,2,6,1,5,7,3,3,3,5,3,4,4,1,3,1,7,1,2,1,1,4,1,2,3,1,3,1,7,3,7,1,7,7,7,1,7,1,7,2,1,4
3,2,4,29,1,99,2,2,2,2,9,1,2,0,0,2,0,4,4,4,2,5,5,7,1,1,3101,7,6,2,2,4,3,6,4,6,1,6,4,4,7,1,2,4,5,6,4,4,4,1,6,5,7,1,5,2,3,4,5,5,6,4,1,3,4,4,7,2,4,1,3,4
3,2,3,98,1,24,1,3,2,2,2,3,2,0,0,2,0,4,4,3,1,5,5,5,1,5,3605,4,5,3,4,1,5,1,4,6,1,7,7,3,1,3,1,3,4,1,5,1,1,3,4,2,1,4,6,1,7,3,7,5,7,7,7,7,7,1,7,1,7,2,6,2
2,2,2,6,1,99,4,3,2,4,13,3,2,0,0,2,0,3,2,3,1,1,2,6,2,3,3303,4,1,1,1,7,1,1,7,7,1,1,7,7,7,1,7,7,7,7,7,1,1,1,1,7,7,1,1,1,1,1,1,7,7,1,7,7,1,7,7,1,1,1,7,1
3,3,4,99,3,99,2,4,2,3,2,2,2,0,0,0,2,4,4,4,1,5,5,1,2,6,3701,1,7,4,1,1,1,1,4,6,2,6,7,3,2,6,2,3,3,4,4,2,3,5,4,4,1,1,3,7,4,7,2,6,7,1,5,4,1,1,7,1,4,1,7,3
2,2,3,30,1,31,4,4,1,3,2,2,2,0,0,0,2,3,3,3,1,5,3,7,3,6,3703,2,5,1,2,1,3,7,3,2,1,2,4,4,5,6,2,4,3,2,4,1,2,5,1,1,7,6,4,3,4,4,2,4,6,2,4,2,4,3,7,3,5,2,6,2
2,2,3,98,3,1,5,1,1,2,9,1,4,0,0,4,0,3,3,4,3,2,3,5,3,5,3608,4,7,7,6,7,5,5,4,6,5,1,1,4,6,1,1,7,4,2,5,7,1,7,5,4,4,5,4,1,5,5,5,7,7,6,4,2,4,5,3,7,5,4,4,4
2,2,4,98,2,1,5,1,2,1,11,1,2,0,0,2,0,3,4,4,4,4,4,1,1,8,3801,3,6,5,4,4,4,5,4,4,4,4,4,4,5,4,4,4,6,4,6,4,4,4,4,4,4,4,4,4,4,4,4,4,4,4,4,4,4,4,4,4,4,4,4,4
2,2,3,31,3,31,3,3,2,3,10,3,1,0,0,1,0,3,1,3,1,5,4,7,4,1,3101,7,4,1,1,1,3,1,4,6,1,1,6,5,6,3,5,1,2,1,4,1,5,1,3,7,1,4,4,3,1,4,7,1,7,1,7,7,2,1,3,3,7,7,3,3
3,2,4,98,3,99,4,1,2,4,9,1,4,0,0,4,0,4,2,4,2,5,4,4,3,6,3702,7,7,1,1,1,7,4,7,2,1,2,6,7,1,4,5,1,1,1,7,1,3,2,2,7,3,4,7,3,4,1,6,4,6,2,7,4,2,3,6,1,7,2,6,4
2,3,4,98,2,4,4,2,2,3,10,1,1,0,0,1,0,4,2,3,3,5,5,7,1,6,3702,7,5,1,4,7,4,5,3,5,2,7,5,3,2,2,7,4,3,1,5,3,5,1,3,3,5,4,5,2,5,4,5,6,5,2,4,4,1,5,7,4,6,1,3,6
2,2,3,98,2,1,2,2,1,2,12,1,1,0,0,0,1,3,4,3,5,5,5,7,1,7,3809,4,7,1,1,1,1,1,5,7,5,7,1,7,7,4,2,6,1,1,5,1,3,1,1,1,3,4,3,1,7,1,4,7,2,7,1,7,4,1,7,1,6,2,1,1
2,2,2,98,2,24,3,3,1,2,12,3,1,0,0,1,0,4,4,3,3,3,3,7,1,6,3712,5,4,2,4,1,4,4,5,4,1,2,7,2,3,2,4,2,2,3,4,1,2,2,3,5,3,1,2,4,5,1,4,4,6,3,5,3,6,2,7,2,4,5,3,2
3,2,3,98,2,64,3,3,1,2,9,2,2,0,0,2,0,3,3,4,3,3,3,4,2,5,3610,5,4,1,1,1,1,1,5,3,1,1,7,4,1,4,1,3,2,5,4,1,4,2,2,1,1,2,4,2,7,2,6,5,4,6,7,3,1,6,3,2,3,2,6,5
2,1,2,98,1,23,4,1,1,1,1,1,3,1,0,2,0,3,1,3,1,5,5,8,2,6,3702,7,1,5,5,4,5,1,5,5,4,3,3,6,1,3,1,7,7,7,1,3,4,1,7,3,1,1,1,5,2,7,4,5,5,5,3,5,5,6,2,4,1,2,6,6
2,2,4,98,3,99,3,3,1,1,3,2,2,0,0,2,0,3,4,4,3,3,4,7,1,6,3713,4,5,4,1,1,3,1,4,1,1,1,4,3,1,3,3,3,3,4,4,1,1,4,4,1,4,4,7,1,4,4,4,4,4,4,5,4,4,4,7,1,3,4,4,3
3,2,4,98,1,1,3,1,2,3,4,1,3,1,0,2,0,4,4,4,1,4,4,8,1,2,3207,4,3,2,4,1,3,2,5,7,1,7,4,4,2,3,3,3,3,5,4,2,3,3,3,5,1,3,3,1,5,4,5,4,5,3,4,6,4,2,4,3,3,2,4,4
2,2,3,98,3,24,4,1,1,2,11,2,4,2,0,2,0,3,2,4,1,4,5,7,2,6,3712,1,7,4,3,1,4,1,4,7,1,7,4,7,4,4,3,4,4,1,7,1,1,1,1,5,1,4,7,1,3,2,3,4,7,1,4,5,5,1,7,3,4,1,5,3
2,3,2,29,3,25,4,2,1,3,12,3,1,0,0,1,0,3,1,1,2,4,4,4,2,5,3501,4,4,2,5,2,3,1,5,4,2,2,4,3,3,3,3,4,3,2,5,2,3,2,3,4,6,5,4,5,2,6,3,5,6,2,2,5,2,2,3,1,5,5,4,4
2,1,2,1,3,99,4,1,1,2,1,1,2,0,0,2,0,3,1,3,1,5,5,7,2,6,3713,1,2,4,1,1,3,1,3,7,1,6,3,7,1,2,2,3,4,7,2,2,4,2,7,2,1,2,2,1,7,7,2,2,7,1,2,2,2,5,7,2,1,5,1,7
1,3,3,88,1,99,6,4,2,4,13,2,2,0,0,0,2,2,3,4,2,4,4,9,4,2,3204,2,4,1,1,1,5,1,4,5,1,5,5,4,7,5,3,3,3,3,4,1,3,4,3,5,1,4,3,3,1,4,2,6,4,7,4,1,4,4,7,3,7,1,6,3
2,2,2,28,1,99,3,3,1,3,12,3,1,0,0,1,0,3,3,2,1,5,5,3,2,3,3404,2,3,2,4,4,3,6,4,4,2,1,5,3,3,4,1,5,4,7,4,3,2,3,2,2,3,1,2,2,1,7,4,4,7,4,3,3,2,4,4,4,1,6,4,5
2,3,2,98,1,9,3,4,1,3,9,3,2,0,0,0,2,4,4,4,2,2,2,1,2,2,3211,1,7,1,1,1,4,1,7,7,1,7,7,4,1,4,7,1,1,1,7,1,1,1,4,1,4,4,4,7,7,7,4,4,7,6,7,7,5,1,7,1,7,3,7,7
2,2,3,98,1,24,5,2,1,3,9,2,4,2,0,2,0,3,3,4,1,5,5,7,2,4,3506,4,3,1,1,1,1,1,7,2,1,2,7,3,2,3,1,3,2,1,7,1,1,4,1,1,1,1,1,4,3,5,3,4,7,1,3,3,1,3,7,1,7,1,7,1
1,2,2,28,1,12,4,1,2,4,1,1,5,0,0,5,0,2,2,4,1,5,5,8,5,7,3709,1,4,1,1,1,1,1,1,1,1,3,4,3,7,5,7,4,4,1,5,5,6,1,7,5,1,5,5,4,3,7,1,3,7,7,1,5,1,4,7,5,6,1,7,1
3,3,2,98,2,64,1,4,2,3,2,1,1,0,0,0,1,5,4,4,2,2,5,5,1,1,3101,7,7,4,7,1,7,1,4,7,7,7,5,3,3,5,5,4,3,1,6,1,1,4,4,5,1,1,7,1,4,1,5,1,7,1,4,5,2,1,7,4,7,7,4,4
3,3,2,88,1,99,4,3,2,3,2,3,5,0,0,3,2,3,4,4,5,5,5,6,1,6,3703,4,7,1,1,1,1,1,1,7,7,3,7,7,1,1,7,1,1,4,7,1,1,1,1,7,1,7,7,1,7,1,4,7,1,1,7,3,7,1,7,1,4,7,5,7
3,2,4,98,3,6,3,3,1,2,11,1,1,0,0,1,0,4,4,3,1,4,3,1,1,1,3101,7,4,7,2,1,1,1,4,4,2,4,7,5,2,3,7,4,3,1,5,2,1,1,7,5,1,1,4,1,4,7,7,2,7,1,7,7,3,3,4,1,7,7,1,1
2,3,3,1,1,1,4,4,2,3,2,2,2,0,0,0,2,3,4,3,2,4,5,7,2,8,3807,7,4,1,1,1,5,3,4,6,2,2,6,6,1,5,6,4,3,2,6,1,1,3,3,5,3,6,7,2,2,2,3,6,5,2,4,3,3,4,7,1,5,2,7,5
2,3,3,97,2,64,4,1,1,1,1,1,5,1,1,3,0,4,2,3,2,5,5,7,3,8,3807,7,4,3,5,4,3,2,3,3,4,3,4,4,5,3,2,3,3,3,3,3,4,3,4,3,3,1,4,5,2,3,4,4,5,1,3,3,3,4,4,4,5,4,2,4
1,3,3,99,3,99,4,4,2,2,8,2,2,0,0,2,0,3,4,3,3,2,2,5,2,3,3301,1,6,1,1,1,1,1,5,5,1,3,4,6,1,2,4,4,5,4,4,4,6,4,4,4,3,2,5,5,1,7,3,4,5,3,6,2,2,4,7,3,5,1,6,2
3,3,4,98,2,99,1,4,2,2,2,3,1,0,0,0,1,4,4,4,3,3,3,1,1,2,3208,4,7,7,1,1,7,1,7,7,2,3,7,3,3,3,2,1,4,3,7,1,3,3,5,5,1,3,7,1,7,2,5,4,7,4,3,6,3,1,7,1,3,4,5,2
1,2,4,28,1,12,2,1,1,3,12,1,3,0,0,3,0,1,2,4,4,3,3,7,5,4,3403,3,3,5,5,4,5,4,4,4,4,5,6,3,3,3,4,4,5,5,3,3,2,6,5,5,4,2,6,5,6,2,3,4,4,1,1,5,5,5,5,5,6,2,3,2
3,2,2,22,3,99,4,3,2,4,10,1,2,0,0,2,0,4,2,4,1,5,5,7,3,5,3505,7,7,2,4,4,4,2,4,3,4,4,6,3,4,4,7,4,4,4,5,4,4,4,5,4,4,4,4,4,4,4,4,4,4,4,4,4,4,4,7,4,4,4,4,4
1,3,2,28,1,99,4,2,1,4,12,2,4,2,0,2,0,3,4,4,1,5,5,7,2,3,3405,7,2,7,3,2,4,2,5,3,2,4,6,3,3,3,1,3,5,7,4,3,6,3,5,5,1,1,1,5,6,6,3,6,3,4,4,3,1,4,6,4,1,3,6,5
3,2,2,29,1,4,3,4,2,2,2,4,1,0,0,0,1,4,4,4,2,3,1,7,1,2,3206,4,3,4,4,4,4,1,5,5,6,7,5,5,2,5,1,4,4,7,4,2,3,3,5,3,2,1,2,5,2,7,4,3,6,2,4,4,2,4,6,4,3,2,5,6
2,2,2,1,1,24,4,3,1,4,10,2,2,0,0,2,0,3,3,4,1,5,5,7,3,8,3803,6,7,7,1,1,1,1,7,1,1,1,7,1,7,1,7,7,1,1,1,1,1,4,7,7,7,5,7,1,1,1,1,1,7,1,1,1,7,4,7,1,7,1,7,1
2,2,3,98,1,12,5,1,2,4,12,1,2,0,0,2,0,3,2,3,1,5,5,8,2,6,3706,3,5,4,2,2,2,1,5,4,1,3,5,5,2,3,2,2,5,6,3,3,3,2,3,2,1,2,3,3,2,4,3,5,6,2,6,2,3,4,7,3,3,1,6,6
3,2,3,9,1,9,3,2,1,4,10,3,3,1,0,2,0,4,4,3,2,5,5,2,2,2,3204,5,5,2,1,1,6,2,6,6,2,3,7,4,2,4,6,4,1,2,5,1,2,3,2,2,1,6,5,1,4,6,5,5,6,3,6,7,2,2,7,1,6,5,2,6
2,2,2,98,1,25,3,2,2,3,10,1,3,0,0,1,2,3,1,3,2,5,4,6,1,1,3101,7,2,4,3,2,3,1,5,4,2,2,3,4,3,3,2,4,4,4,4,2,4,2,4,5,3,3,4,4,3,4,4,4,4,4,3,4,3,4,4,4,4,4,4,2
3,3,3,22,1,99,2,2,2,3,3,1,3,0,0,2,1,4,1,3,2,4,4,9,2,2,3207,1,4,4,4,4,5,4,6,5,4,5,6,2,4,2,3,5,3,6,5,2,4,2,6,6,5,3,4,4,4,5,6,4,5,4,4,6,4,4,5,4,2,4,3,4
1,2,4,98,2,64,3,2,2,3,10,2,2,0,0,2,0,3,3,4,2,5,5,9,2,1,3101,7,7,1,1,2,2,5,6,3,1,2,5,3,3,6,3,5,1,6,1,1,2,3,5,1,1,1,4,1,6,7,2,2,7,1,7,2,3,4,7,4,1,2,1,6
2,3,3,24,1,99,4,3,1,3,13,2,3,0,0,3,0,4,3,4,1,5,5,7,2,6,3702,7,5,1,1,1,4,1,4,3,1,2,6,3,2,5,7,3,2,4,4,3,2,3,1,2,6,5,2,3,1,7,3,4,5,4,5,3,2,4,5,2,4,2,5,6
2,2,2,1,1,1,4,4,1,3,2,2,2,0,0,0,2,3,4,3,3,3,3,7,2,2,3210,1,5,2,2,2,4,2,6,5,2,2,6,6,2,4,5,2,5,3,5,3,2,4,3,5,4,4,6,2,5,6,3,5,5,2,4,4,3,4,3,4,5,2,6,5
2,2,1,24,1,24,3,4,1,2,2,2,1,0,0,0,1,4,4,4,1,5,5,4,1,4,3403,5,7,1,1,1,7,2,7,7,1,4,7,7,4,5,7,1,1,1,7,1,1,5,1,4,4,7,7,1,7,3,3,6,7,2,1,4,2,4,7,1,7,1,4,4
1,2,2,97,1,1,3,1,1,1,1,1,5,1,1,3,0,3,1,4,1,5,5,9,3,2,3210,2,7,7,1,1,1,1,4,1,2,1,5,7,3,7,3,5,4,1,7,1,4,5,1,1,7,1,1,5,5,5,2,4,6,1,2,2,3,1,7,2,7,3,5,1
2,3,4,29,1,25,4,3,2,3,9,3,2,0,1,1,0,4,4,4,1,5,4,2,1,7,3805,7,5,1,1,1,5,2,6,6,2,5,4,4,1,6,1,1,5,7,5,3,1,3,3,7,1,1,6,1,1,7,5,6,6,1,6,2,5,2,7,1,2,5,2,1
2,2,3,98,3,10,4,3,2,3,10,3,1,0,0,1,0,3,3,3,2,4,4,7,1,7,3805,7,4,1,1,1,1,2,7,7,1,6,6,4,6,5,4,4,4,7,2,2,2,1,5,6,1,1,3,5,4,7,6,3,6,7,7,4,1,2,7,4,5,2,5,1
2,3,4,28,1,12,3,3,2,3,7,3,1,0,0,1,0,3,3,4,1,2,5,7,1,1,3101,7,1,4,1,1,2,7,3,1,1,1,6,3,7,4,1,6,7,7,4,4,1,1,2,5,5,1,1,7,1,7,6,2,7,1,3,4,4,4,7,1,1,7,1,4
3,2,2,29,1,99,1,2,1,2,9,2,4,2,0,2,0,4,3,4,1,5,2,6,2,2,3203,4,4,3,1,1,3,1,7,5,3,7,7,7,7,1,4,1,5,1,7,2,4,4,1,2,4,4,4,4,4,1,5,7,7,7,1,7,1,2,7,1,7,1,5,4
1,3,4,28,3,99,4,3,2,3,10,2,3,1,0,2,0,3,2,4,1,5,5,9,4,2,3203,3,3,1,1,1,1,7,3,2,1,1,7,2,7,4,7,1,1,1,5,1,4,5,1,6,4,2,1,5,5,4,2,2,7,5,7,1,4,4,7,4,4,5,3,4
2,2,3,1,3,1,3,2,2,4,12,1,1,0,0,1,0,3,2,4,1,5,5,6,1,8,3807,7,4,3,4,1,4,1,5,6,1,4,4,7,4,5,4,4,4,7,3,4,3,3,3,5,3,2,3,5,5,5,2,3,7,4,5,3,3,4,7,5,4,5,5,3
2,2,2,1,1,24,3,4,1,2,2,2,2,0,0,0,2,3,3,4,1,5,4,7,1,2,3212,4,6,1,1,3,4,1,7,5,2,6,6,7,3,4,7,3,2,4,3,2,1,4,2,1,6,6,3,4,6,1,1,6,2,7,7,3,1,6,6,4,4,1,7,2
2,2,2,98,1,1,4,2,1,2,9,2,4,2,0,2,0,4,2,3,1,5,5,7,2,4,3509,5,4,3,1,1,5,1,3,6,2,4,5,4,7,2,1,6,2,7,2,3,5,2,6,5,3,1,2,6,5,4,4,2,5,2,4,1,2,4,6,3,1,1,4,2
2,3,3,98,1,1,3,2,1,1,9,1,7,0,1,5,1,4,3,3,1,5,5,8,5,2,3209,4,7,7,5,1,1,1,7,1,1,2,5,7,3,1,7,1,1,1,6,1,1,3,1,3,4,7,6,7,6,1,6,2,7,1,2,6,4,5,6,1,7,1,4,1
2,1,3,1,1,1,4,2,1,3,12,2,4,2,0,2,0,4,2,4,1,5,4,8,3,8,3802,4,3,1,1,1,4,1,3,5,1,2,3,5,2,3,1,5,3,7,1,1,6,5,2,1,6,1,1,7,2,7,2,6,2,5,5,4,1,5,6,4,2,2,7,6
2,3,2,1,1,1,5,4,2,2,2,2,2,0,0,0,2,3,4,2,1,5,3,6,2,4,3409,4,4,1,2,3,6,1,4,4,4,5,5,4,1,4,7,4,2,7,4,3,4,4,1,2,7,4,4,4,4,7,4,6,7,4,6,2,4,4,7,4,4,1,7,6
2,2,3,28,1,12,4,2,1,4,12,1,2,0,0,2,0,3,2,3,4,4,4,8,4,1,3101,7,7,1,4,4,3,1,1,2,1,4,4,3,4,4,4,3,3,3,5,2,4,4,3,3,7,2,6,1,1,4,4,3,4,1,3,2,3,1,7,1,4,3,4,1
1,3,4,98,2,64,4,3,1,3,10,1,1,0,0,1,0,4,3,3,1,5,5,7,1,1,3101,7,7,2,2,1,2,1,3,2,1,1,7,7,7,2,1,2,1,2,3,1,5,1,3,1,7,3,5,4,5,7,3,3,7,1,7,3,1,4,7,1,4,1,1,3
1,2,4,30,1,21,5,2,1,4,12,2,3,1,0,2,0,3,2,4,5,5,5,8,5,2,3211,3,5,1,7,2,1,2,2,2,2,2,7,3,7,3,2,1,3,4,7,2,2,2,2,3,7,4,7,2,3,1,2,2,5,2,2,3,3,2,5,3,2,6,2,2
2,2,1,1,1,1,4,4,1,2,2,2,2,0,0,0,2,4,4,2,1,5,5,7,2,4,3507,4,7,1,1,1,1,3,7,6,1,1,7,7,1,6,7,2,2,4,4,1,1,6,1,3,5,7,7,5,1,7,2,5,7,1,7,2,1,1,7,2,3,5,7,6
1,3,4,98,2,9,3,3,2,1,3,1,2,0,0,2,0,3,4,4,5,5,5,2,1,8,3803,5,5,5,5,4,5,5,5,5,5,5,4,4,5,5,5,4,5,5,5,6,5,5,3,3,5,5,4,6,5,5,4,4,5,5,6,4,5,5,4,4,5,4,5,3
3,2,2,1,1,1,1,3,1,2,2,3,3,0,0,2,1,4,4,3,1,3,1,8,2,2,3204,1,4,1,1,1,2,1,7,7,1,1,7,2,1,4,7,1,1,7,4,1,1,1,7,7,7,1,1,7,1,7,7,7,7,1,7,7,1,1,7,1,1,7,1,1
3,2,4,22,3,22,1,3,2,2,12,2,3,0,0,3,0,4,4,4,1,5,5,1,1,5,3611,4,7,1,1,1,7,1,7,7,1,1,7,7,7,1,7,1,1,1,7,1,7,1,7,7,1,7,7,7,7,4,7,1,7,1,1,7,4,1,7,1,7,5,1,7
2,2,2,24,1,24,3,4,1,4,2,2,2,0,0,0,2,4,4,3,2,4,3,6,2,6,3702,7,7,1,1,1,4,1,6,5,1,1,6,5,1,3,4,3,1,1,5,2,2,3,2,4,6,7,6,1,1,4,4,5,5,2,3,4,2,4,7,4,7,3,6,4
3,2,4,98,3,1,2,3,2,3,10,3,1,0,0,1,0,4,4,4,3,3,3,4,1,8,3803,5,5,4,2,2,5,2,5,7,3,2,4,4,4,4,4,4,3,5,5,2,4,4,4,6,6,4,4,4,5,2,5,5,5,4,4,6,3,3,5,4,4,5,4,4
2,3,4,98,2,99,3,2,2,1,2,3,3,1,0,2,0,3,4,3,1,4,5,1,1,4,3506,1,7,1,1,1,2,5,2,7,5,7,6,4,7,1,4,2,4,1,6,1,4,1,2,1,2,4,7,2,2,7,4,7,7,1,7,4,4,1,7,1,7,4,4,1
1,3,2,1,1,1,4,4,1,4,2,2,2,0,0,0,2,3,2,3,3,4,4,8,3,2,3210,3,5,1,2,2,3,5,6,2,2,2,5,5,5,4,2,4,3,7,2,3,5,2,3,5,5,2,3,5,3,6,2,2,4,5,6,2,2,7,6,4,2,3,6,5
2,3,2,24,2,64,3,4,1,2,2,2,3,0,0,1,2,5,4,4,3,3,4,8,3,6,3706,1,7,1,2,1,7,1,1,1,1,1,7,7,1,4,7,2,1,1,5,1,1,1,1,6,7,7,2,1,5,4,4,1,7,1,6,2,3,5,7,4,7,3,6,6
1,3,2,88,1,1,4,2,1,2,12,3,3,0,1,2,0,3,1,2,1,5,5,4,3,5,3505,7,2,2,2,1,1,2,2,2,2,2,3,1,2,2,1,2,2,2,2,2,2,2,2,2,3,4,3,2,2,2,3,2,1,1,2,3,3,1,2,4,2,2,2,2
3,2,2,98,1,99,1,2,2,1,9,2,2,0,0,2,0,4,4,4,1,5,5,9,1,4,3507,2,7,7,1,1,3,1,7,7,1,7,4,7,7,4,4,4,4,4,7,1,7,4,5,4,1,7,7,1,7,1,7,1,7,1,1,7,7,1,7,1,4,5,4,4
2,2,3,1,1,1,4,1,2,3,10,1,2,0,0,2,0,3,3,3,1,5,5,5,2,6,3702,7,7,1,7,1,7,1,7,7,1,3,4,3,1,6,3,4,1,3,5,1,4,5,4,7,7,3,7,4,3,3,4,5,7,1,6,4,5,1,7,1,7,5,3,7
3,2,3,98,1,1,3,4,2,2,4,2,2,0,0,1,1,4,4,4,4,4,4,7,1,8,3807,7,4,4,2,4,4,4,4,5,1,3,4,4,4,4,4,4,4,4,6,5,4,4,3,3,5,4,4,4,4,4,3,3,4,4,4,4,1,4,5,4,5,4,5,3
2,3,3,98,3,99,3,3,2,2,9,3,2,1,0,1,0,4,4,4,1,1,1,0,1,7,3705,6,7,7,1,1,7,1,7,1,4,1,7,7,7,7,1,1,1,7,7,1,7,7,1,7,7,7,7,7,7,1,5,3,5,4,4,4,4,4,4,5,4,5,4,4
2,2,2,98,1,1,3,2,1,2,9,1,4,2,0,2,0,3,3,4,1,5,5,6,2,8,3807,7,7,1,1,1,1,1,7,7,1,7,1,7,1,1,1,1,7,7,7,1,1,1,7,1,1,1,1,7,1,7,1,7,7,1,1,7,1,1,7,1,1,1,7,1
3,2,1,30,1,99,1,2,1,2,9,1,3,1,0,2,0,3,3,4,2,5,5,7,2,3,3407,3,6,2,2,2,3,1,6,3,1,2,6,4,6,4,3,2,3,4,7,1,1,2,2,4,6,3,5,2,5,4,6,3,6,1,4,7,3,2,5,1,6,2,6,3
1,3,1,29,1,23,5,2,1,3,13,1,1,0,0,1,0,2,1,2,5,5,5,9,5,1,3101,7,1,6,4,2,1,5,5,5,1,1,4,1,3,3,1,7,5,7,4,4,7,1,7,1,1,1,1,7,1,7,1,4,7,4,4,3,4,4,1,3,1,4,7,2
2,2,2,29,1,4,4,2,1,3,12,1,1,0,0,1,0,3,3,3,1,5,5,7,2,1,3101,7,3,2,3,4,2,4,7,2,3,3,4,5,3,2,2,4,6,7,1,4,6,1,6,5,1,1,1,5,5,7,4,7,3,4,2,5,1,6,6,5,2,2,6,2
3,2,2,24,1,24,3,4,2,2,2,3,1,0,0,0,1,4,4,3,1,3,3,6,1,3,3302,3,5,1,1,1,6,1,7,6,1,1,5,4,1,2,7,1,1,1,6,1,4,1,2,6,1,4,6,3,2,4,5,4,7,3,7,5,3,4,7,2,7,5,2,4
2,2,2,31,1,31,4,2,1,2,8,3,2,1,0,1,0,3,1,1,3,3,3,2,1,3,3305,5,7,3,2,2,2,1,1,7,1,3,4,1,4,3,7,1,3,1,4,4,1,3,1,3,2,4,2,1,1,3,3,3,1,3,1,4,1,1,4,3,4,3,6,3
2,2,2,28,1,4,3,1,1,2,9,1,3,0,0,2,1,4,3,4,1,5,5,8,2,3,3308,1,5,1,7,1,7,1,1,7,1,1,7,4,1,4,3,4,1,5,7,2,3,4,3,2,1,2,3,2,3,2,6,4,7,7,4,7,4,1,5,3,3,3,4,4
2,2,3,98,2,64,4,3,2,3,4,2,2,0,0,1,1,3,3,2,1,5,5,7,1,2,3205,1,4,1,1,1,4,7,7,4,1,5,4,7,7,5,7,4,1,3,7,1,1,6,1,4,3,4,7,1,4,4,4,2,4,6,3,6,6,4,7,2,4,2,7,1
2,2,4,28,3,99,3,3,2,3,7,4,3,0,1,2,0,3,3,4,2,5,5,6,1,2,3206,1,1,1,1,1,4,1,4,1,4,4,1,4,1,4,4,1,4,4,4,1,1,1,4,4,4,1,4,1,1,4,4,4,4,1,4,4,4,4,4,4,4,4,4,4
3,2,3,31,2,31,3,2,2,3,12,1,2,0,1,1,0,4,3,4,1,5,5,2,2,1,3101,7,7,1,2,1,5,1,7,5,1,1,7,3,3,3,3,4,2,3,7,1,4,1,5,5,3,4,7,1,3,3,3,2,7,1,6,3,7,6,7,1,7,5,2,4
2,2,4,24,1,24,4,3,2,3,10,2,3,0,0,3,0,4,4,4,1,4,5,7,2,5,3606,6,7,1,1,1,1,1,7,7,1,1,7,7,4,4,7,4,1,1,7,3,1,1,5,4,7,7,7,1,1,1,4,4,7,1,7,4,1,1,7,3,7,1,7,1
1,3,3,28,1,23,3,3,2,3,8,3,2,0,0,2,0,3,3,3,2,4,4,7,3,3,3405,7,5,1,2,1,3,1,3,3,1,1,4,3,2,2,3,4,3,4,4,2,2,1,4,3,2,2,3,2,2,1,3,4,4,4,3,3,4,2,6,3,4,4,6,2
2,2,3,1,1,1,3,2,2,4,10,1,4,2,0,2,0,4,3,1,2,3,2,6,2,3,3302,1,5,4,4,1,2,1,1,1,1,1,5,3,3,2,4,4,3,2,4,2,4,4,4,4,2,1,4,2,2,4,5,4,6,4,6,5,5,2,5,4,4,4,6,4
3,3,2,1,2,1,3,4,2,2,2,2,2,0,0,0,2,4,4,4,4,1,3,8,1,1,3101,7,3,1,1,1,7,1,7,4,1,7,5,7,1,1,7,4,4,7,6,2,1,1,7,5,5,3,3,1,1,7,2,7,7,7,4,3,1,5,4,6,1,2,2,1
2,2,3,98,3,31,4,4,2,3,10,2,2,0,0,1,1,4,4,4,5,5,5,9,2,7,3805,7,1,1,1,1,6,1,2,1,1,1,7,7,4,4,1,7,1,7,6,1,4,5,2,2,7,1,1,2,2,7,4,3,3,7,4,2,7,1,7,1,1,1,6,5
2,2,3,1,1,1,3,4,1,2,2,1,1,0,0,0,1,3,4,4,1,2,4,2,1,3,3303,5,5,4,3,3,4,5,6,4,2,4,5,2,1,4,5,3,2,6,6,2,2,5,3,4,6,6,3,4,3,3,4,4,5,3,4,5,2,4,7,3,6,1,3,4
2,2,4,9,1,9,3,3,2,3,10,3,2,0,1,1,0,4,4,4,1,5,5,9,2,4,3509,4,7,1,1,1,5,2,4,3,1,2,2,7,2,3,3,2,1,4,4,1,1,1,2,5,1,5,4,1,1,1,4,4,6,3,4,3,2,1,7,1,4,1,3,4
2,1,1,29,1,12,4,4,1,4,2,2,2,0,0,1,1,4,3,3,1,5,5,7,2,2,3211,5,2,1,3,4,3,4,3,2,2,1,5,1,1,2,1,4,6,7,1,4,3,1,5,4,1,1,1,5,1,7,3,4,3,6,2,4,1,6,5,4,1,1,6,1
3,3,2,98,2,4,1,4,1,4,2,3,1,0,0,0,1,4,3,3,1,5,5,1,1,4,3503,5,5,1,1,1,3,1,5,7,2,1,5,5,3,3,1,3,5,7,3,4,7,1,3,1,7,1,1,5,1,7,1,1,6,4,5,7,1,1,7,1,3,5,2,1
2,2,3,24,1,24,4,3,1,4,10,3,3,2,0,1,0,3,2,3,1,5,4,7,2,4,3503,5,4,1,1,1,1,2,4,2,1,1,3,1,2,3,1,4,3,4,6,1,3,2,4,2,5,1,3,4,2,7,2,6,2,4,2,2,1,2,6,2,2,2,7,1
2,2,2,24,1,24,4,3,1,2,12,2,2,0,0,2,0,3,4,4,1,5,5,8,3,6,3702,7,7,1,4,1,3,3,5,7,1,3,7,6,2,6,6,1,1,1,6,1,1,4,2,4,7,6,7,1,5,3,2,4,7,1,6,1,6,4,4,6,7,2,6,7
2,2,1,1,1,1,4,4,2,3,2,2,2,0,0,0,2,4,2,3,1,4,5,7,1,5,3609,4,7,1,1,1,5,4,7,7,1,1,4,2,3,5,4,1,1,1,5,4,4,1,2,4,7,7,6,1,2,6,6,6,7,1,4,2,1,6,7,1,7,2,4,4
2,3,2,1,1,1,2,4,2,2,2,4,1,0,0,0,1,4,4,3,1,5,5,7,1,3,3405,7,3,4,1,1,1,1,6,7,1,1,3,7,2,3,1,4,5,7,2,4,4,1,6,5,1,2,3,4,3,1,3,6,5,4,4,5,2,1,6,6,2,3,5,4
2,3,2,29,1,25,4,3,1,4,11,2,2,0,0,2,0,3,3,4,1,1,5,8,3,3,3301,7,4,3,2,2,5,5,4,3,1,2,5,2,2,5,1,6,5,7,2,2,5,3,3,2,6,1,1,6,2,7,3,6,5,3,5,3,1,4,4,4,1,2,6,2
2,2,2,1,1,1,3,4,2,1,2,2,1,0,0,0,1,2,4,4,3,4,4,4,1,8,3801,2,4,1,1,1,7,1,2,4,1,1,4,4,1,6,4,2,1,1,6,1,1,4,1,1,2,4,5,4,2,7,4,4,7,1,7,4,1,1,7,4,4,4,7,4
2,2,3,98,1,9,4,3,1,2,9,3,3,0,0,3,0,3,3,4,1,3,1,7,3,6,3706,1,7,1,3,3,7,1,7,6,1,3,7,7,1,3,7,3,1,1,7,3,1,4,4,1,7,7,5,1,7,7,4,3,7,1,7,5,2,2,7,1,5,3,7,7
2,2,2,24,1,24,3,3,1,3,2,2,2,0,0,2,0,4,3,4,1,5,5,9,2,6,3701,1,7,1,1,1,1,1,1,4,1,1,7,7,1,1,7,1,1,1,7,1,1,1,1,4,7,7,7,1,7,1,4,7,7,1,1,5,1,1,2,1,4,1,4,1
2,2,3,28,2,6,2,2,1,2,9,3,4,2,0,2,0,4,3,4,1,5,5,6,2,7,3810,4,7,1,2,1,4,1,7,7,1,7,7,3,1,2,7,3,4,2,5,1,1,1,1,7,1,2,4,1,1,1,2,3,3,3,3,4,3,1,5,4,5,1,2,4
2,2,3,98,1,99,3,1,2,3,4,2,3,1,0,2,0,4,3,4,1,5,5,1,1,4,3506,3,5,2,2,2,1,1,6,7,2,3,5,4,5,4,4,4,4,4,3,3,4,1,3,2,1,3,5,2,2,2,4,4,4,3,3,6,4,3,7,3,4,1,6,3
2,2,3,24,1,24,1,2,1,3,12,1,2,0,0,2,0,4,3,4,3,3,3,9,1,5,3605,3,4,1,1,1,7,1,7,4,1,1,7,7,3,3,7,4,1,1,7,1,3,7,1,1,7,7,5,1,7,1,4,4,4,4,4,4,4,4,4,4,4,4,4,4
2,2,3,24,1,24,4,3,1,3,2,2,2,0,0,2,0,4,4,4,1,5,3,7,2,3,3306,4,7,1,1,1,4,7,7,4,4,1,7,2,7,4,4,1,1,1,4,1,1,1,1,6,7,4,7,1,4,1,6,7,7,1,7,1,1,4,7,7,7,4,2,4
2,2,3,98,2,64,4,2,1,3,12,2,6,4,0,2,0,4,3,4,5,5,5,9,2,8,3806,3,7,1,2,1,3,1,3,7,1,1,7,5,4,4,7,1,1,1,5,1,1,5,1,2,7,6,7,1,7,1,1,4,7,1,4,4,1,3,5,1,7,1,7,1
2,2,3,31,1,31,3,3,1,3,13,1,2,1,0,1,0,4,3,3,1,5,5,9,2,5,3505,7,7,1,1,1,4,1,7,7,4,1,7,4,7,4,1,1,1,4,4,1,4,1,1,1,7,7,7,1,4,7,4,4,4,4,1,4,7,4,7,1,4,4,7,4
2,2,1,24,1,24,4,3,1,2,9,3,1,0,0,1,0,3,3,4,1,5,5,4,1,8,3807,7,7,1,1,1,7,1,7,7,1,1,7,4,4,2,7,1,1,1,7,1,1,4,1,1,1,2,4,1,4,1,7,1,7,1,7,2,3,1,7,1,7,1,1,4
1,2,2,1,1,1,3,2,1,2,12,2,3,1,0,2,0,3,2,4,1,5,5,8,2,5,3606,6,7,1,1,1,5,1,7,6,1,1,7,7,2,4,1,4,1,5,5,1,2,1,1,1,5,4,7,1,4,6,3,5,5,1,3,5,6,4,7,4,4,2,6,6
2,3,1,28,1,12,4,3,2,4,12,2,3,0,0,2,1,4,3,3,4,4,4,9,4,1,3101,7,3,2,3,3,4,6,2,1,1,1,6,2,7,6,1,6,4,7,1,3,6,6,1,1,4,1,1,7,6,7,2,5,5,6,3,3,2,4,3,4,2,3,5,2
2,2,2,1,1,1,3,4,1,3,2,4,1,0,0,0,1,3,4,4,4,4,4,3,0,3,3404,4,5,6,4,1,2,1,7,7,1,5,6,4,3,5,7,4,1,4,4,1,3,1,2,4,6,7,4,2,4,4,6,1,6,4,6,4,4,4,6,3,4,1,2,3
1,2,2,6,1,1,6,4,1,2,11,3,2,0,0,2,0,4,4,4,5,5,5,6,2,1,3101,7,6,1,1,1,1,2,7,6,1,2,7,4,2,5,4,1,1,4,7,2,2,3,1,3,6,1,1,7,6,7,2,5,7,1,7,1,1,2,6,6,5,3,1,7
2,2,2,29,1,70,3,3,1,2,10,1,1,0,0,1,0,3,4,4,3,5,3,7,1,5,3606,6,2,2,1,2,5,1,6,3,2,5,6,2,1,4,6,4,6,7,3,2,6,2,2,1,3,3,1,7,6,2,4,5,6,3,6,4,1,4,6,2,2,7,1,6
2,2,4,1,2,9,3,3,1,3,7,2,1,0,0,1,0,4,3,4,3,4,4,8,3,6,3702,7,6,4,2,3,6,4,6,5,3,3,7,1,6,2,7,1,1,1,7,1,1,4,1,2,6,7,6,1,4,1,4,6,7,1,5,3,1,3,7,1,7,4,6,2
2,2,4,1,1,1,4,2,1,2,8,1,3,1,0,2,0,3,1,1,1,5,5,7,2,4,3502,4,7,1,1,1,1,2,2,2,1,1,5,4,5,4,4,4,4,5,7,2,3,4,1,2,7,4,3,2,1,7,4,1,7,1,4,4,2,4,4,4,4,3,7,3
2,2,3,1,1,1,4,4,2,2,2,2,2,0,0,0,2,3,4,4,3,3,3,1,1,5,3603,3,6,1,2,1,2,1,3,4,1,3,4,6,4,4,1,4,1,1,4,1,3,4,4,4,3,7,7,1,1,1,3,4,4,4,4,4,2,3,6,4,5,4,4,4
3,2,4,98,2,64,2,3,2,2,3,1,2,1,0,1,0,4,3,2,4,4,4,1,1,6,3713,5,6,5,3,1,4,1,7,3,2,5,6,5,7,2,3,3,3,3,7,1,3,2,3,3,2,2,7,1,5,4,4,4,4,4,4,5,4,5,5,4,4,4,4,4
2,2,2,1,1,1,5,4,1,3,2,2,2,0,0,1,1,3,4,4,2,2,3,7,2,6,3707,4,3,1,2,2,2,2,6,4,1,3,4,3,3,4,4,3,3,3,3,2,2,3,2,4,4,2,3,2,1,7,3,6,4,4,5,2,2,4,5,3,4,2,7,4
2,2,4,24,1,24,4,2,2,2,9,2,4,2,0,2,0,3,3,4,1,5,5,7,2,6,3706,4,6,3,1,1,4,1,4,3,1,4,4,4,3,4,4,4,4,4,4,1,4,2,4,1,6,1,5,3,4,4,3,3,4,3,3,6,2,2,6,4,4,3,3,4
1,1,3,29,1,88,1,1,1,3,2,1,4,0,0,2,2,1,2,1,2,1,2,1,2,2,3203,4,2,3,3,1,3,2,3,1,2,3,1,1,1,3,3,2,1,1,2,1,2,1,3,1,2,3,2,1,1,3,2,1,3,3,1,1,1,1,1,1,3,1,2,3
3,2,2,98,1,99,3,4,2,2,2,2,2,0,0,0,2,3,4,4,2,4,4,8,2,3,3405,7,7,1,3,1,7,1,6,7,1,2,5,2,1,3,1,4,2,1,7,1,1,3,3,3,4,2,5,4,3,3,6,3,7,1,7,5,1,1,7,1,5,2,1,6
1,1,2,28,1,12,5,3,1,4,13,2,2,0,0,2,0,3,3,2,1,5,5,9,5,7,3805,2,4,3,2,2,1,7,2,4,3,1,5,1,4,4,1,5,7,7,1,4,7,4,1,1,7,1,1,7,1,7,1,5,4,4,3,1,1,4,3,5,2,1,7,2
2,2,1,6,1,1,3,4,1,3,2,1,2,0,0,2,0,4,4,3,2,4,4,6,2,3,3406,3,7,2,4,1,5,1,7,7,3,5,6,2,1,2,2,1,4,7,5,2,6,1,1,1,5,2,2,6,4,7,3,5,7,2,7,2,1,4,6,1,4,5,2,6
2,3,2,1,1,1,6,3,1,3,11,3,2,0,0,2,0,3,3,4,1,5,5,6,3,1,3101,7,3,3,1,3,3,6,3,2,1,2,4,3,7,3,1,4,5,7,2,3,5,4,2,2,6,1,1,7,3,7,3,6,2,6,4,3,2,4,4,4,2,3,5,3
3,2,3,98,1,24,2,2,1,2,7,2,4,2,0,2,0,4,4,3,1,5,4,8,1,6,3714,5,7,7,1,1,7,1,7,7,3,2,7,6,7,7,4,4,4,4,7,1,7,4,4,7,1,1,7,1,7,4,7,4,7,1,5,4,7,2,7,1,4,1,4,1
2,2,2,1,1,24,3,2,1,2,9,3,3,1,0,2,0,4,4,4,2,2,1,3,2,3,3408,4,4,1,2,1,4,1,7,7,1,1,3,2,3,5,1,2,1,7,5,1,5,2,1,5,7,2,1,4,2,3,4,5,5,4,4,5,1,4,5,1,4,4,5,6
2,2,3,28,1,25,4,3,2,2,12,2,5,0,1,4,0,2,3,4,1,4,4,7,3,6,3714,2,7,1,1,1,2,1,7,7,1,1,6,5,1,2,6,4,2,2,6,1,2,1,4,6,3,3,6,2,7,4,5,3,7,1,6,3,5,2,7,1,5,5,4,6
1,2,2,98,1,9,5,2,1,3,13,1,3,0,0,3,0,2,2,3,1,5,5,9,5,2,3209,3,3,1,1,1,1,2,7,5,2,1,7,3,2,2,5,3,1,1,7,1,2,2,1,2,7,5,5,1,2,5,1,6,6,1,2,1,1,1,7,3,4,3,3,2
2,3,2,1,1,1,2,3,1,2,7,2,4,0,1,3,0,4,4,4,2,5,5,8,2,2,3211,2,5,1,1,1,5,1,7,7,5,4,7,5,2,4,4,1,3,3,7,1,4,3,1,6,6,1,4,2,5,7,4,5,7,4,7,6,1,1,7,1,4,1,5,4
2,2,2,6,1,6,3,3,2,4,12,3,4,1,1,2,0,3,2,1,1,5,5,7,3,1,3101,7,7,1,1,1,5,1,7,7,1,1,7,4,1,3,1,1,1,2,7,1,1,1,7,7,1,1,7,1,1,5,5,2,7,3,3,4,2,5,7,5,5,3,3,5
2,2,2,9,1,9,3,4,1,1,2,4,1,0,0,0,1,4,4,4,2,4,3,3,1,2,3206,4,5,3,1,2,5,3,5,7,2,2,6,4,2,4,7,2,2,1,7,2,2,4,2,2,6,5,4,3,4,2,3,4,7,2,4,6,1,4,7,3,7,2,5,4
2,2,3,98,1,1,3,1,2,2,4,1,3,2,0,1,0,3,3,3,3,3,3,1,1,2,3208,4,4,4,5,4,4,4,4,4,4,4,4,4,4,4,5,4,5,4,4,4,4,4,4,4,4,4,4,5,3,4,4,4,4,4,4,4,4,4,4,4,4,4,4,4
2,1,3,28,1,12,5,2,1,3,11,2,2,0,0,2,0,3,2,3,4,3,4,7,2,7,3805,7,2,2,3,5,2,7,5,1,3,3,5,1,4,4,1,4,5,7,1,3,4,4,4,5,4,1,1,3,4,4,4,5,3,2,4,4,1,6,2,4,1,2,4,5
3,3,2,98,2,23,4,3,1,4,12,1,1,0,0,1,0,3,3,3,1,5,5,1,2,1,3101,7,6,1,1,1,5,2,4,3,1,1,6,3,1,4,1,4,2,7,3,2,6,1,3,1,7,1,3,5,4,7,6,3,5,3,4,3,4,4,5,4,2,3,3,4
2,2,3,1,1,1,4,3,1,3,9,2,2,0,0,2,0,3,3,4,1,5,5,8,3,7,3810,3,5,1,1,1,1,4,6,7,1,4,7,6,4,4,7,4,2,1,4,2,1,4,2,4,4,4,4,2,5,2,4,3,2,4,3,4,3,4,3,4,6,2,6,4
2,2,2,98,3,24,3,4,1,3,2,2,3,0,0,1,2,4,4,4,3,3,3,8,2,2,3209,4,4,5,4,2,5,4,5,5,1,4,5,6,3,2,7,4,2,2,7,1,1,4,4,4,4,4,4,4,5,4,4,5,4,4,5,4,1,4,4,4,5,4,6,4
1,2,2,1,1,1,4,3,1,2,13,2,3,0,1,2,0,3,3,4,2,5,4,8,3,5,3609,1,5,3,4,1,2,1,5,6,1,1,6,5,6,1,2,5,4,2,7,1,5,1,3,1,4,2,3,1,2,6,2,6,2,4,2,1,1,2,7,4,2,4,7,2
2,2,2,98,1,99,3,2,2,4,12,2,5,3,0,2,0,3,3,1,2,4,4,7,2,3,3405,7,6,1,2,4,2,1,1,5,5,1,7,4,1,1,1,4,1,6,7,2,1,1,7,1,1,4,6,1,1,1,4,1,5,1,7,5,3,5,7,3,3,7,4,4
2,2,2,28,3,99,4,3,1,4,2,4,1,0,0,1,0,4,1,3,1,4,2,9,1,1,3101,7,6,1,2,2,6,2,2,5,4,4,6,2,2,4,1,3,4,4,3,2,5,4,2,1,4,4,5,2,1,7,4,3,6,2,5,4,5,4,3,3,3,3,5,5
3,3,2,98,3,24,1,3,1,2,9,3,1,0,0,1,0,5,4,4,1,1,1,1,1,1,3101,7,5,1,1,2,5,1,7,7,1,2,7,5,4,7,4,2,4,1,5,1,3,1,1,1,2,3,6,1,5,6,5,5,7,3,3,7,2,1,5,2,7,5,3,3
3,2,2,98,1,4,1,2,1,2,9,1,1,0,0,1,0,5,3,4,1,1,1,1,1,7,3705,6,3,2,3,2,4,1,2,4,2,2,3,3,1,2,1,3,3,7,2,4,1,1,3,1,2,1,1,3,1,7,2,5,2,7,2,7,1,1,2,3,1,7,3,5
3,3,2,98,3,99,1,3,2,2,2,1,3,0,1,1,1,5,4,4,4,4,2,1,1,8,3801,4,4,4,4,4,4,4,4,4,4,4,4,4,4,4,4,4,4,4,4,4,4,4,4,4,4,4,4,4,4,4,7,1,7,1,7,7,7,1,7,1,4,7,1,1
3,2,2,1,1,1,1,3,1,2,12,2,2,0,0,2,0,4,4,4,3,4,3,7,2,6,3714,4,7,1,1,1,7,1,7,7,1,4,7,4,1,3,7,1,1,1,7,1,1,4,1,4,7,7,7,1,3,2,5,3,7,1,4,7,7,1,6,1,7,3,2,4
2,3,4,1,1,1,3,3,1,2,12,3,2,0,0,2,0,4,4,4,3,3,3,6,2,2,3210,3,4,4,4,4,4,4,4,4,4,4,4,4,4,4,4,4,4,7,4,4,4,4,4,4,4,4,4,4,4,4,4,4,4,4,4,4,4,4,4,4,4,4,4,4
3,2,4,1,2,1,3,2,1,2,9,3,5,1,2,2,0,4,4,3,4,4,4,6,2,3,3306,2,4,5,2,4,4,2,5,4,4,3,4,4,3,4,4,4,4,6,5,3,4,5,4,5,3,4,5,4,3,4,3,4,4,3,4,4,4,3,6,4,4,3,3,3
2,2,4,98,2,64,3,3,2,2,11,3,1,0,0,1,0,4,4,4,3,2,1,7,1,2,3205,4,4,1,1,1,7,1,7,1,1,1,7,7,1,4,4,7,1,4,7,1,1,1,1,7,4,1,4,3,7,7,4,4,7,1,7,3,4,1,7,1,4,6,1,7
3,2,4,98,2,64,2,2,2,2,11,2,3,1,1,1,0,4,4,4,3,3,4,1,1,4,3508,6,7,4,4,1,4,5,5,4,4,4,4,4,4,4,4,4,4,4,5,4,4,5,4,4,5,4,7,2,4,4,6,4,4,4,4,6,4,1,7,4,5,5,2,4
2,3,4,98,2,64,4,3,2,2,12,2,2,0,0,2,0,3,4,4,1,1,1,1,2,2,3202,4,7,1,4,1,1,1,4,7,1,1,4,4,7,1,4,4,4,4,7,1,4,4,4,1,4,4,7,1,4,4,4,4,7,1,4,4,4,4,7,4,4,1,7,4
3,3,4,98,2,99,3,3,2,3,12,4,2,0,0,2,0,3,3,4,2,5,5,9,2,6,3712,1,4,3,3,4,4,4,4,3,3,4,4,6,5,4,4,3,5,5,4,3,5,4,4,4,4,5,2,3,5,5,4,3,6,2,4,5,3,4,4,4,2,4,2,6
2,2,2,1,1,1,3,4,2,2,2,2,2,0,0,0,2,5,4,4,3,5,5,6,1,3,3407,3,7,2,1,1,3,1,5,3,1,7,3,7,4,7,1,1,5,7,5,1,7,1,1,7,1,3,7,1,4,2,7,7,5,1,2,5,1,4,7,4,3,1,7,5
3,2,4,29,3,4,1,3,2,2,3,2,4,1,1,2,0,5,4,4,3,4,1,1,1,8,3807,7,7,1,1,1,7,1,7,2,1,7,4,7,1,4,7,4,1,1,5,1,3,1,3,7,1,1,3,4,2,4,7,2,7,4,7,6,4,1,7,1,7,6,2,4
2,3,2,1,1,1,2,3,2,3,12,4,1,0,0,1,0,4,4,4,5,5,5,7,1,1,3101,7,7,1,1,1,7,1,7,1,1,1,7,7,1,4,7,5,1,7,1,1,1,5,4,1,3,4,7,1,1,3,7,1,7,1,7,7,1,1,7,7,7,1,1,7
2,2,2,9,1,9,3,4,1,2,2,3,1,0,0,0,1,4,3,3,3,2,3,2,1,8,3807,7,6,2,3,3,6,1,6,5,3,3,6,5,4,3,6,2,2,1,7,2,1,4,3,2,6,7,5,2,5,4,4,5,5,3,5,4,5,4,6,3,7,3,3,6
2,2,3,1,1,1,4,2,1,3,12,1,1,0,0,1,0,3,2,4,1,5,5,2,2,1,3101,7,6,7,1,1,1,3,5,1,2,1,6,3,1,4,4,6,3,7,5,1,5,3,7,1,3,1,1,3,3,5,4,7,4,4,7,3,1,4,7,3,4,2,2,2
3,2,1,99,2,64,2,4,1,3,2,1,1,0,0,0,1,5,4,4,1,5,5,7,1,7,3809,3,7,2,2,4,6,1,5,5,3,1,4,5,1,4,6,3,3,1,5,1,4,4,1,1,7,7,7,1,4,4,7,2,7,1,5,4,5,1,7,1,7,7,2,4
2,2,2,6,3,99,4,4,2,3,2,4,1,0,0,0,1,4,4,3,1,5,5,6,1,8,3801,5,6,1,1,1,7,1,6,4,2,2,6,4,3,6,5,2,1,4,7,1,4,3,1,6,4,4,4,2,4,5,4,4,7,3,7,3,2,4,7,1,4,5,1,7
2,2,2,1,1,1,4,4,2,2,2,2,2,0,0,1,1,3,4,4,2,5,4,7,2,3,3308,3,7,1,1,1,6,1,7,6,1,4,6,4,3,4,4,4,2,4,4,2,4,3,3,4,7,1,5,7,2,7,4,6,6,1,7,1,1,4,4,3,4,1,7,6
2,2,2,1,1,1,4,4,1,2,2,2,2,0,0,0,2,4,3,3,1,1,1,4,1,8,3803,3,7,1,1,1,3,1,7,4,1,1,7,5,1,5,7,1,1,1,7,1,1,3,1,3,7,7,7,1,3,7,3,4,7,4,7,4,5,1,7,1,7,1,7,3
2,2,3,98,3,4,4,4,2,3,2,3,1,0,0,0,1,4,3,3,2,3,4,3,1,3,3301,7,5,2,1,1,2,1,6,7,1,2,5,7,2,1,3,3,3,3,5,2,1,1,3,6,1,3,5,2,6,7,2,4,6,6,4,2,2,7,7,2,3,1,6,2
2,2,2,1,1,1,3,4,1,4,2,2,2,0,0,0,2,3,3,3,1,5,5,1,1,4,3506,1,3,3,1,1,5,3,7,5,1,2,7,6,2,1,2,1,1,7,4,1,1,2,1,2,2,1,2,1,1,6,3,5,5,6,6,5,2,1,7,1,2,3,3,2
2,2,2,9,1,9,3,4,1,2,2,2,2,0,0,0,2,3,3,4,1,5,5,6,2,7,3708,4,4,1,1,1,5,1,7,4,1,1,7,2,1,4,7,1,1,4,6,2,1,4,1,5,7,5,2,1,5,2,2,4,7,4,7,4,1,3,1,7,4,2,7,4
2,2,2,1,1,1,4,3,2,3,10,1,4,0,1,3,0,3,3,4,2,2,2,3,2,1,3101,7,7,1,1,1,7,7,7,7,1,1,7,7,6,7,7,7,3,7,7,1,7,1,6,1,1,5,7,1,1,1,7,1,7,1,7,4,7,4,7,1,7,7,1,4
2,2,3,28,3,12,4,1,2,4,12,1,2,0,0,2,0,3,2,4,1,5,5,3,3,3,3303,2,4,3,5,4,5,3,5,7,3,3,5,1,5,3,3,1,2,4,3,2,4,1,4,4,3,4,4,4,3,3,5,5,7,1,5,5,3,4,6,4,4,1,7,3
2,3,3,99,1,99,4,4,1,2,2,1,1,0,0,0,1,4,4,3,3,3,3,8,1,5,3610,3,6,2,4,3,2,2,4,4,2,1,4,4,3,3,6,4,4,2,5,1,2,3,1,4,4,4,4,4,4,5,4,4,4,4,4,4,3,4,4,4,4,4,4,2
3,2,2,1,1,1,3,2,1,1,2,2,3,0,1,2,0,5,4,4,3,3,3,8,2,6,3702,7,7,1,1,1,7,1,7,7,1,1,7,7,1,4,7,1,1,1,7,1,1,1,1,1,7,7,7,1,1,7,5,2,7,1,7,5,7,3,7,1,4,3,1,1
3,2,2,666,1,1,1,3,2,2,3,3,2,0,0,2,0,4,4,4,4,5,5,3,1,2,3203,4,4,1,3,1,1,1,7,4,1,1,7,4,2,1,1,2,4,1,7,1,4,1,4,7,1,7,6,1,1,1,7,4,7,1,4,6,1,1,7,1,7,4,4,4
2,3,4,88,3,99,3,3,2,2,12,2,2,0,0,2,0,3,4,4,4,4,4,7,1,6,3706,4,4,7,1,1,1,1,4,3,1,1,4,4,4,4,3,4,4,4,4,1,4,1,4,1,1,3,2,1,3,1,4,4,4,3,7,4,4,4,7,3,3,2,7,1
1,2,2,28,1,1,4,2,1,2,9,1,3,0,0,2,1,3,3,3,1,5,5,7,2,6,3702,7,7,5,7,1,7,7,7,7,1,7,7,1,1,7,1,1,1,5,7,1,7,1,1,7,7,1,4,1,7,7,7,5,7,1,1,4,1,7,1,1,1,1,1,1
3,2,3,1,1,1,2,3,1,2,2,3,5,1,2,2,0,4,4,4,4,3,3,2,2,8,3807,7,5,4,3,2,4,1,3,4,2,5,5,4,2,3,3,2,3,3,5,4,1,1,1,5,4,3,4,2,4,4,6,5,5,2,4,6,5,2,4,2,4,4,2,4
2,2,4,99,1,99,2,1,2,3,9,1,3,0,0,3,0,3,2,2,1,3,3,2,0,3,3408,1,6,2,7,1,6,1,1,1,1,5,7,4,3,3,3,1,3,5,7,1,4,1,2,5,1,1,5,1,7,1,1,6,3,4,1,5,1,3,1,1,2,4,3,2
1,3,2,1,1,24,4,3,1,2,9,2,4,0,0,4,0,3,4,4,5,5,5,8,4,8,3804,5,6,7,1,1,1,1,1,7,1,1,7,7,3,1,7,1,2,1,6,1,1,1,1,5,1,7,7,1,1,1,6,4,4,1,2,2,7,1,7,3,7,1,7,2
2,3,3,1,1,1,4,3,1,2,7,2,4,1,1,2,0,3,3,4,3,3,3,5,3,1,3101,7,3,4,3,3,3,4,3,4,4,3,4,4,4,4,3,5,4,4,3,5,3,3,3,4,3,4,3,5,4,3,5,5,3,5,5,5,4,3,4,4,5,3,4,6
1,3,3,28,1,12,4,4,1,2,2,3,1,0,0,0,1,3,4,3,1,5,3,6,1,3,3302,4,2,1,1,3,2,1,5,4,2,4,5,1,1,6,1,4,4,7,1,3,5,5,1,2,1,1,1,7,3,6,4,7,4,1,4,3,1,4,4,3,1,1,4,1
2,2,2,24,2,12,3,2,1,2,12,1,4,1,0,3,0,4,3,4,1,5,5,7,2,8,3802,2,7,1,1,1,1,1,7,7,1,7,7,7,1,1,7,1,1,1,7,1,1,7,1,1,7,7,7,1,1,1,1,1,1,1,1,3,2,1,7,1,7,3,7,1
1,2,3,98,2,24,5,2,2,3,12,3,2,0,1,1,0,2,3,4,1,5,5,8,2,2,3205,1,6,6,1,1,2,2,3,3,2,3,7,4,6,2,4,3,3,3,5,1,2,2,6,5,1,7,6,3,5,1,1,5,2,4,5,1,2,2,7,4,4,5,5,3
3,2,3,98,1,1,1,2,2,2,2,3,4,0,1,1,2,5,4,4,3,4,3,8,1,5,3501,3,5,1,1,1,6,1,7,6,1,2,5,6,2,4,4,3,2,1,6,1,6,3,1,6,3,4,4,1,3,4,7,1,7,4,4,7,5,1,7,4,4,4,1,3
2,2,3,98,3,70,3,3,2,3,12,3,2,0,0,2,0,4,4,4,1,5,5,6,2,6,3702,7,3,2,1,1,3,1,7,3,1,3,7,1,3,1,7,1,3,1,7,1,1,2,1,6,3,6,3,1,6,1,2,4,1,7,1,4,1,3,4,1,7,1,7,1
2,2,3,28,1,99,3,2,1,2,9,3,2,1,0,1,0,4,2,4,2,5,5,3,2,3,3406,1,5,1,7,1,3,1,5,7,1,3,4,7,7,4,4,3,4,7,5,1,3,1,4,4,3,1,3,1,5,1,4,2,7,1,1,6,4,1,4,3,2,6,3,1
2,2,2,98,2,1,4,4,2,2,2,2,2,0,0,0,2,3,4,4,4,4,4,3,2,7,3705,4,2,3,2,3,3,1,3,3,5,5,2,4,3,3,3,4,2,4,3,3,4,3,3,1,4,4,4,4,3,4,5,6,5,6,5,3,4,4,6,4,4,5,5,5
2,2,2,29,1,24,3,4,1,2,2,2,1,0,0,1,0,4,4,4,2,4,4,7,2,7,3711,5,5,1,4,2,4,1,7,7,1,4,5,5,2,4,7,1,1,1,7,1,4,1,2,6,7,7,4,3,4,1,3,5,5,5,4,3,4,1,5,4,6,4,4,5
3,3,3,98,1,1,4,3,2,3,10,2,2,0,0,2,0,4,4,4,4,3,3,7,2,5,3609,4,7,1,1,1,1,7,7,7,1,1,7,7,1,7,7,7,1,1,1,1,1,7,1,7,7,7,7,7,7,1,4,4,7,1,7,4,1,1,7,4,7,1,4,7
1,2,2,98,2,99,4,1,2,4,12,1,3,0,0,2,1,3,1,3,5,5,5,7,2,3,3306,2,6,3,1,1,3,3,7,6,1,7,6,1,3,1,4,4,4,7,4,1,4,1,4,5,2,4,4,2,1,1,4,3,7,2,3,4,3,4,4,4,1,4,3,1
2,2,2,24,1,24,3,2,1,2,9,1,4,1,0,1,2,3,4,3,5,5,5,7,3,8,3802,6,4,5,5,1,1,4,4,4,4,1,5,4,7,1,1,4,7,1,4,5,3,1,1,1,7,1,5,7,4,4,4,4,4,5,5,4,4,4,4,4,3,4,5,5
2,2,2,1,1,1,4,4,2,2,2,2,2,0,0,0,2,4,4,3,3,4,4,7,2,2,3212,4,6,1,3,2,2,2,2,5,3,2,5,5,2,4,7,4,5,4,6,2,2,4,4,5,7,7,5,4,2,6,2,5,7,4,5,2,1,4,5,3,4,2,5,4
2,2,1,1,1,1,2,3,1,2,9,3,2,0,0,2,0,4,3,3,1,5,5,4,1,5,3608,1,7,1,1,1,7,4,1,7,1,1,7,7,1,3,7,1,1,1,7,1,1,1,1,4,1,7,7,1,7,1,7,1,7,1,1,7,5,1,7,1,7,7,1,3
2,2,4,98,3,99,3,3,2,3,11,2,2,0,0,2,0,4,4,4,2,4,4,3,2,1,3101,7,3,4,1,1,4,1,5,4,1,1,4,4,3,3,4,2,3,4,3,2,3,1,3,7,7,1,2,7,1,1,6,1,7,1,5,6,1,1,4,4,4,5,1,4
2,3,4,98,3,99,5,4,2,2,2,2,2,0,0,2,0,4,4,4,2,2,3,5,1,5,3505,3,4,1,1,1,1,1,4,7,1,1,7,7,4,1,7,4,3,7,3,1,4,2,4,1,1,4,3,4,1,7,3,3,4,1,4,3,4,4,7,4,3,3,7,3
3,2,3,1,1,1,3,4,2,2,2,2,2,0,0,0,2,4,4,4,3,3,3,9,1,5,3604,4,3,4,3,4,4,5,5,5,3,4,4,4,4,4,4,3,5,3,4,5,3,3,4,3,4,4,2,3,3,3,4,4,5,3,4,3,3,4,3,4,5,4,5,5
2,2,3,97,2,1,3,2,1,3,12,2,2,0,0,2,0,3,3,3,4,5,5,8,4,2,3203,1,1,1,1,1,1,1,4,7,1,1,6,7,7,3,4,4,4,5,4,1,1,1,1,1,1,3,5,1,7,4,4,4,7,1,4,4,3,3,7,1,4,1,7,4
2,2,2,1,1,1,4,4,1,2,2,2,2,0,0,0,2,5,4,4,1,1,3,3,5,6,3704,5,4,2,2,1,6,4,6,3,2,3,6,3,3,6,4,2,2,2,6,2,3,4,2,4,7,6,4,2,3,5,3,4,6,6,5,3,4,4,6,2,6,2,3,4
3,3,2,1,1,1,1,4,2,2,2,3,1,0,0,0,1,4,4,4,2,3,3,7,1,5,3505,7,6,1,1,1,6,3,7,7,1,1,7,6,3,4,4,5,2,4,6,1,1,4,4,6,4,4,6,1,6,7,3,4,6,3,6,5,3,1,7,1,4,2,4,4
3,3,2,1,1,99,2,3,1,2,9,2,4,0,1,3,0,3,4,4,4,4,4,6,2,5,3609,4,7,1,1,1,5,1,4,5,1,2,3,6,5,4,3,5,2,3,4,1,3,3,3,4,4,2,6,1,3,5,4,3,3,2,3,3,5,3,4,5,5,4,6,3
3,2,2,32,1,70,3,4,2,3,2,2,2,0,0,0,2,4,3,4,2,4,3,7,2,3,3405,7,6,1,3,1,5,3,7,5,1,2,7,4,2,4,7,1,1,1,7,1,1,4,1,6,6,7,6,2,6,1,4,7,7,3,6,3,1,3,7,2,7,3,6,4
3,2,2,9,1,9,1,4,1,2,2,4,1,0,0,0,1,4,3,2,2,4,4,5,1,4,3502,2,4,1,1,1,4,1,5,4,1,4,5,5,1,4,1,4,4,4,7,3,4,4,4,2,4,4,2,6,2,7,5,6,7,4,7,7,2,2,7,4,4,1,7,7
2,2,2,1,1,1,2,4,2,2,2,2,2,0,0,0,2,5,4,3,3,1,3,2,1,2,3202,4,4,1,1,1,5,1,7,5,1,2,5,5,3,4,4,4,2,4,4,1,1,4,2,4,6,5,3,3,6,5,4,5,7,1,4,5,1,2,4,3,4,2,5,4
3,3,2,1,1,1,1,3,1,2,9,3,3,1,0,2,0,4,4,4,3,3,3,7,1,2,3212,1,6,1,3,1,7,1,7,7,2,5,5,7,1,4,2,4,4,6,5,2,4,1,3,3,4,1,3,5,4,3,7,3,6,1,7,6,1,4,7,1,2,2,3,4
1,2,4,98,3,4,5,1,1,3,11,2,3,1,1,1,0,1,4,4,1,5,5,8,5,6,3703,3,7,4,6,4,4,1,4,5,1,5,3,4,5,3,4,7,1,5,3,7,4,4,2,7,4,1,7,7,1,3,7,1,7,7,7,7,1,3,5,4,5,1,1,5
3,2,4,24,1,24,2,4,2,2,9,1,2,0,0,2,0,4,4,4,4,4,4,7,2,2,3201,4,5,1,1,1,5,1,7,7,1,4,7,1,1,4,1,4,4,1,7,1,4,1,1,1,1,1,4,1,1,1,5,4,7,1,4,7,1,1,7,1,7,4,4,4
2,3,3,88,3,88,4,1,2,4,12,1,2,0,0,2,0,3,2,3,2,3,3,5,2,3,3408,4,4,5,5,4,4,4,5,5,4,4,6,7,4,5,5,5,4,5,4,3,5,4,2,5,4,4,5,3,5,4,3,3,2,3,5,5,3,5,6,5,4,4,4,3
2,2,2,98,1,9,3,3,1,2,12,1,4,1,1,2,0,4,3,3,1,1,1,8,2,4,3403,5,7,1,1,1,6,1,3,3,1,2,6,6,5,2,4,3,2,3,5,2,3,3,2,2,7,5,6,1,4,3,3,3,6,2,2,3,3,2,7,2,4,3,6,3
3,3,4,98,2,99,3,3,2,3,11,1,1,0,0,1,0,4,4,3,1,5,5,7,1,6,3702,7,1,4,7,7,7,1,7,4,4,3,7,2,1,3,1,4,3,6,5,1,4,1,6,7,1,1,1,5,1,7,4,5,7,2,5,5,4,4,7,2,4,4,5,4
2,2,2,28,1,1,4,3,2,2,9,1,1,0,0,1,0,3,4,4,3,4,3,4,1,6,3601,3,5,2,1,1,6,3,4,4,2,4,6,3,2,2,5,4,4,2,6,1,1,6,3,5,3,6,7,2,5,2,2,6,6,2,2,3,6,4,2,4,6,2,6,2
2,2,4,29,1,4,4,2,1,4,7,1,2,0,0,2,0,3,3,4,1,5,5,6,1,8,3803,5,3,7,1,1,4,1,7,2,1,1,7,4,4,1,7,4,2,7,7,1,3,1,1,3,7,1,1,3,7,4,1,3,7,4,5,1,4,1,7,1,3,1,7,5
3,2,3,98,2,22,2,3,2,2,11,1,2,0,0,2,0,5,2,4,1,5,5,5,1,2,3203,2,7,1,1,1,5,1,7,7,1,7,5,7,3,3,4,5,3,1,7,1,3,1,6,7,1,4,7,1,4,6,4,1,4,3,2,5,7,1,7,1,7,4,6,3
2,2,3,28,1,99,3,2,1,3,12,2,4,2,0,2,0,3,3,4,1,5,5,8,3,2,3209,1,4,7,3,3,3,2,4,4,4,4,7,3,4,3,4,4,4,5,2,2,4,3,4,4,3,3,2,4,3,4,4,3,2,4,2,4,3,4,7,4,4,2,6,3
2,3,2,1,1,1,4,4,2,2,2,2,2,0,0,0,2,3,4,4,2,2,3,8,2,2,3206,4,5,1,2,3,2,1,4,4,2,3,5,4,3,4,2,3,6,7,3,2,6,3,2,3,5,1,2,4,4,7,3,6,4,6,5,1,1,4,2,3,2,2,7,4
2,2,2,24,1,24,5,2,1,3,12,2,3,1,0,2,0,3,2,2,1,5,5,7,2,3,3306,1,5,1,1,1,2,3,5,4,1,2,6,3,2,4,7,4,1,2,7,1,2,2,1,2,2,6,7,1,2,2,2,4,6,6,2,3,6,1,7,2,5,5,6,1
2,2,4,98,2,99,4,3,2,4,12,3,3,2,0,1,0,3,3,3,2,4,4,6,2,6,3601,1,4,4,4,4,4,4,4,4,4,4,4,4,4,5,4,4,4,4,4,4,4,4,4,4,4,4,4,4,4,4,4,4,4,5,4,4,4,4,4,4,4,4,4,4
2,2,3,98,2,99,3,4,1,2,11,3,1,0,0,1,0,4,3,3,3,2,2,2,5,2,3208,4,7,6,1,1,3,1,3,5,3,2,3,4,3,1,1,2,2,3,2,1,4,1,5,1,6,2,2,1,5,1,2,5,5,1,4,5,2,3,3,3,3,3,4,2
2,2,3,98,1,1,3,3,2,2,12,2,3,0,0,1,2,5,4,4,2,1,3,6,2,5,3505,1,7,1,1,1,7,1,7,7,1,1,7,2,1,4,7,4,1,4,5,1,1,1,2,1,1,7,7,1,7,4,7,4,4,4,3,7,4,1,7,1,7,1,4,4
3,2,4,98,1,99,1,2,2,2,4,3,4,1,0,2,1,4,4,4,4,4,3,7,1,2,3203,3,7,7,1,1,1,1,7,7,1,1,4,7,1,1,1,1,1,4,7,1,1,1,7,7,1,4,7,1,7,4,7,7,7,1,7,7,7,1,7,1,4,7,1,1
2,1,2,28,1,10,4,2,1,2,9,2,6,3,1,2,0,3,3,3,1,5,3,7,2,6,3707,1,3,2,2,1,3,2,4,2,1,4,2,6,3,4,3,4,6,7,2,2,3,3,4,1,6,1,3,3,1,6,3,5,3,2,3,3,2,6,3,5,2,2,6,3
2,2,4,98,2,22,3,4,1,3,9,3,2,0,0,2,0,3,4,3,1,5,5,4,2,3,3408,4,7,1,1,1,7,1,7,7,1,1,7,7,1,1,7,1,1,1,7,1,1,1,1,4,1,7,7,1,1,4,4,1,7,1,7,7,1,1,7,1,7,4,7,1
2,2,3,29,1,22,4,2,2,4,10,1,2,0,0,2,0,4,3,4,2,5,5,7,3,4,3403,3,4,5,3,4,4,5,4,3,3,3,5,5,3,2,3,3,4,7,4,2,3,2,6,2,1,1,1,6,4,5,3,3,4,3,5,2,4,2,4,2,4,2,4,4
2,2,2,1,1,1,1,2,2,2,9,2,3,2,0,1,0,3,3,3,1,5,5,6,2,4,3507,2,5,1,1,1,1,1,1,1,1,1,1,4,1,1,1,1,1,1,1,1,1,1,1,1,1,1,5,1,1,5,4,7,7,1,7,7,4,4,7,1,1,1,7,1
2,2,2,28,3,24,5,3,1,2,2,1,1,0,0,1,0,3,4,4,1,1,1,7,1,4,3508,6,7,1,3,1,1,1,7,7,1,1,7,2,1,6,2,2,3,4,6,1,3,1,1,1,1,2,4,2,7,7,3,6,7,1,2,2,1,2,5,1,2,2,5,4
2,3,3,22,3,22,4,2,2,3,10,1,1,0,0,1,0,3,2,3,5,5,5,2,2,1,3101,7,4,4,2,4,4,4,4,4,2,4,4,4,4,4,4,4,4,4,4,4,4,4,4,6,4,1,1,4,4,4,4,4,2,4,4,2,4,4,4,4,4,4,4,4
3,2,2,9,1,9,3,4,2,2,2,3,1,0,0,0,1,4,4,4,3,3,3,6,1,6,3710,4,7,1,1,1,7,1,7,7,1,1,7,7,4,4,7,3,1,1,7,1,1,5,2,1,7,7,7,1,6,5,5,7,7,1,7,4,1,3,7,1,7,1,1,3
3,2,2,30,1,27,1,2,2,4,3,1,2,1,0,1,0,4,2,1,1,5,5,2,1,3,3301,3,6,4,4,5,4,2,6,5,5,6,7,2,2,4,7,4,3,3,3,1,3,2,1,7,1,2,3,1,5,1,3,5,4,4,1,7,1,2,3,1,3,2,3,3
2,2,3,98,3,27,2,3,2,3,10,1,2,0,1,1,0,4,1,1,3,3,3,9,1,8,3807,7,3,1,1,1,5,1,7,7,1,7,7,4,7,1,7,4,3,1,4,1,1,1,7,1,4,4,1,5,1,4,3,3,7,2,3,1,1,1,7,4,7,3,7,1
1,3,3,1,1,1,6,2,2,2,4,2,3,1,0,2,0,3,3,4,1,5,5,9,0,6,3601,2,7,1,1,1,4,1,4,7,1,1,7,4,7,1,4,4,1,7,4,1,4,4,4,1,1,1,4,1,4,4,1,3,7,1,1,1,4,3,7,4,4,1,7,3
1,2,2,1,1,1,5,4,1,2,2,3,2,0,0,0,2,3,4,4,2,5,4,7,2,4,3510,1,7,1,1,1,3,1,7,7,2,7,7,7,1,4,3,4,4,4,2,1,1,2,7,3,4,1,4,7,5,7,1,4,5,1,7,1,1,2,7,1,4,1,7,3
1,1,2,1,1,1,4,4,1,2,2,3,2,0,0,0,2,3,3,3,1,5,5,7,2,7,3810,3,4,1,1,1,1,1,4,4,1,1,4,6,7,4,1,3,4,4,1,4,2,5,4,1,1,1,4,7,4,7,1,7,1,7,1,3,1,4,4,1,4,1,7,4
1,2,2,98,2,12,5,2,2,2,4,1,2,0,0,1,1,3,4,4,1,1,1,6,1,4,3509,4,1,6,1,1,2,1,7,6,1,1,4,5,2,4,4,3,4,5,5,3,4,1,3,2,1,1,1,6,4,4,2,5,4,2,1,1,7,4,7,3,4,5,4,3
2,3,3,98,2,99,4,3,1,2,9,3,1,0,0,1,0,3,3,3,3,3,3,4,2,5,3606,4,4,4,4,4,4,4,4,4,4,4,4,4,4,4,4,4,4,3,4,4,4,4,4,4,4,4,4,4,4,4,4,4,4,4,4,4,4,4,3,4,4,4,4,4
2,2,3,98,1,1,3,3,2,2,12,3,2,0,0,2,0,4,4,4,1,4,3,6,2,2,3207,5,7,1,4,1,5,1,7,7,1,2,4,7,2,5,4,4,3,1,7,1,4,3,4,4,4,4,6,1,4,4,6,4,7,1,4,6,6,3,6,4,7,2,2,3
2,3,3,98,3,1,3,4,1,2,9,2,2,0,0,2,0,3,4,4,2,4,3,2,1,1,3101,7,3,1,4,1,4,1,4,4,1,3,4,4,1,2,3,4,3,7,2,2,5,3,4,1,3,1,3,5,1,3,4,6,4,3,7,4,1,6,4,4,4,1,7,4
2,3,4,98,2,64,3,3,2,4,2,2,3,1,0,2,0,3,4,4,2,4,3,3,2,8,3807,7,4,4,4,4,4,4,4,4,4,4,4,4,4,4,4,4,4,4,4,4,4,1,4,4,4,4,4,4,4,4,4,4,1,4,4,4,4,4,7,4,7,1,7,4
2,2,3,98,2,12,4,1,2,4,1,1,4,0,1,3,0,3,1,3,1,5,5,8,2,2,3212,1,7,1,1,1,1,1,7,7,1,1,7,7,1,1,1,4,1,4,2,1,4,4,1,1,1,1,7,1,1,7,5,1,7,2,7,4,7,1,7,1,7,7,1,1
2,2,2,1,1,1,2,4,2,2,2,2,2,0,0,0,2,4,4,4,3,4,3,3,1,2,3210,3,7,1,4,4,3,1,6,5,4,4,6,6,4,3,3,4,3,2,5,2,4,5,5,3,4,4,4,4,5,3,3,6,6,1,5,4,2,2,5,2,4,2,3,4
2,2,2,24,1,24,3,2,1,2,9,1,3,1,0,2,0,4,4,3,2,5,4,6,1,3,3307,1,7,1,1,1,7,1,7,7,1,1,7,7,1,1,1,4,1,7,7,1,1,1,1,4,1,1,7,1,1,4,7,1,7,1,1,7,4,1,7,1,1,7,4,1
2,2,3,99,1,24,3,2,1,2,9,2,4,2,0,2,0,3,3,4,1,5,4,7,2,6,3712,1,6,1,4,1,3,1,6,7,1,3,4,4,7,1,3,4,4,3,7,1,1,1,4,3,7,1,7,1,6,4,7,4,7,1,3,6,1,3,7,1,4,1,5,1
2,3,2,9,1,99,4,3,1,3,8,3,1,0,0,1,0,3,4,4,3,3,3,7,1,2,3202,1,7,1,1,1,4,1,7,6,1,1,7,5,7,3,7,1,1,1,7,1,3,3,1,3,1,7,6,1,7,2,2,2,7,1,1,2,4,1,7,1,7,2,4,1
1,2,4,98,2,24,4,2,2,2,9,1,2,0,1,1,0,4,4,4,1,1,1,6,1,6,3706,5,7,1,1,1,7,1,7,7,1,7,7,7,7,1,5,1,1,4,7,1,4,1,3,7,7,5,7,1,1,1,7,1,7,1,7,3,7,1,7,1,7,1,7,1
2,2,4,98,2,24,3,3,2,3,11,3,2,0,0,2,0,3,3,4,4,4,4,2,1,4,3507,4,7,1,1,1,7,7,4,7,1,1,7,7,1,1,1,3,4,1,7,1,1,1,3,3,1,1,7,2,7,4,5,6,7,1,4,6,4,4,2,1,7,4,5,4
2,2,3,98,2,4,4,1,1,2,11,1,5,0,0,5,0,4,2,4,3,4,4,7,5,5,3501,4,4,3,2,3,7,1,3,7,4,3,4,4,1,1,4,3,4,4,6,1,4,1,4,1,1,1,2,4,4,3,4,5,6,4,7,5,4,4,7,4,4,4,1,4
3,2,2,98,1,22,3,1,1,1,1,1,3,0,0,3,0,5,1,1,1,5,5,4,2,7,3805,7,4,2,3,1,1,4,5,2,2,4,5,2,3,2,1,6,5,7,5,3,4,1,2,1,4,2,2,6,2,6,3,5,5,2,1,5,3,4,7,4,1,5,7,3
1,2,4,98,2,64,5,3,1,3,11,3,3,0,0,3,0,3,3,3,1,4,4,6,2,5,3602,7,5,3,4,2,4,4,4,4,2,4,5,4,4,4,4,4,4,4,4,2,4,3,4,3,4,4,4,3,4,1,4,4,5,4,4,4,5,3,7,4,4,3,4,4
1,3,2,1,1,99,4,2,1,2,9,1,3,0,0,3,0,3,3,3,1,5,5,7,4,4,3403,5,4,2,2,1,1,2,7,1,1,2,7,3,1,5,1,5,4,7,3,1,2,2,1,2,2,1,2,4,4,7,3,1,7,3,3,2,3,3,7,1,3,1,6,4
2,2,3,29,1,99,3,1,1,2,7,2,4,2,0,2,0,4,2,2,1,5,5,8,5,7,3705,1,1,1,5,1,1,1,1,4,3,5,5,1,7,3,3,1,1,1,5,1,4,4,5,5,1,3,6,5,1,1,3,1,3,1,4,3,2,4,2,3,3,3,5,4
2,2,2,29,1,4,4,3,2,3,2,2,2,0,0,0,2,4,4,4,1,5,5,9,2,6,3714,5,3,1,1,1,2,1,3,7,5,3,6,2,2,2,2,3,3,7,1,2,7,2,2,1,4,1,1,2,2,7,4,4,6,6,6,2,1,4,6,3,3,3,3,4
2,1,2,29,1,24,3,2,1,4,11,2,3,1,0,2,0,4,1,3,1,5,5,6,1,5,3606,6,1,7,1,1,7,1,7,6,1,3,7,7,1,1,1,1,1,2,7,1,1,7,1,7,7,1,7,1,1,7,3,5,5,2,2,3,3,1,7,1,5,1,5,3
2,2,2,98,2,24,4,2,1,3,10,3,2,1,0,1,0,3,4,4,4,4,4,3,2,3,3301,2,7,5,5,5,3,7,7,5,5,6,5,5,5,4,4,5,5,5,5,6,5,7,5,5,5,5,5,6,5,5,6,4,5,5,5,5,6,5,4,4,4,5,5,4
2,2,3,24,1,24,4,1,2,3,10,1,2,0,0,2,0,3,2,4,1,5,5,9,3,6,3702,7,5,3,1,1,4,5,5,5,1,1,6,4,3,3,6,4,3,4,4,3,4,2,4,1,2,5,7,1,6,2,4,2,6,3,1,4,4,4,3,4,4,4,7,2
2,2,3,98,2,9,4,2,2,3,11,4,2,1,0,1,0,3,3,3,2,2,4,7,1,5,3611,1,6,1,5,1,1,4,6,4,1,3,3,4,2,4,3,5,6,1,6,2,4,4,4,6,1,6,6,1,3,5,4,3,5,5,4,5,4,3,6,5,3,5,2,3
2,2,4,29,1,99,4,4,2,2,2,4,1,0,0,0,1,4,4,4,2,5,4,3,1,4,3508,6,5,5,1,1,5,1,5,7,1,4,7,6,2,3,2,4,1,4,7,1,3,5,3,4,2,3,2,2,2,3,4,6,5,2,4,3,1,5,7,2,3,1,7,2
2,2,2,24,1,24,2,1,1,3,13,1,1,0,0,1,0,5,2,3,1,5,4,4,2,2,3203,1,7,1,1,1,7,1,7,4,1,1,7,1,1,4,7,4,1,1,6,1,3,5,1,2,1,5,7,2,7,4,5,1,7,4,5,7,7,1,7,1,7,4,1,4
1,2,4,98,2,64,5,2,2,4,10,1,3,0,0,1,2,3,1,3,1,5,5,8,4,2,3208,4,4,3,6,3,4,2,5,6,3,5,5,3,2,3,1,4,3,4,7,2,7,1,4,7,7,4,3,4,5,7,1,3,7,1,5,1,4,7,7,4,4,1,7,4
2,2,2,29,1,4,3,2,1,2,9,1,3,0,0,2,1,3,2,4,1,5,5,6,2,6,3701,3,1,7,7,7,1,1,4,4,1,7,7,1,1,3,1,5,7,7,1,5,7,4,2,3,1,1,1,7,7,7,1,5,1,7,7,6,1,4,4,7,3,3,7,1
2,2,1,1,1,1,3,4,1,3,2,4,1,0,0,0,1,4,4,4,2,3,4,6,1,3,3305,2,7,1,1,1,3,1,4,6,1,3,7,5,1,4,4,3,2,2,4,1,2,4,4,1,7,5,3,3,3,7,4,3,6,4,6,4,1,5,7,3,6,2,4,5
2,1,3,24,1,24,4,4,2,2,11,1,2,0,0,2,0,4,4,3,3,4,4,7,1,7,3809,5,4,1,1,1,4,1,2,3,1,1,4,3,3,2,1,3,2,1,2,2,1,2,3,5,4,1,1,2,2,1,3,3,3,3,3,3,1,7,6,1,7,5,1,2
2,3,2,98,3,99,4,2,1,2,9,1,2,0,0,2,0,4,4,4,2,4,4,7,2,6,3710,5,4,3,2,2,1,2,6,2,3,4,4,3,4,3,3,3,2,4,3,3,4,1,5,5,1,4,5,3,7,4,2,5,3,3,3,2,3,3,7,2,3,2,7,2
2,3,3,98,1,1,3,1,2,3,4,2,4,2,0,2,0,4,1,4,1,5,5,6,2,6,3702,7,3,7,1,5,3,1,5,6,3,7,2,2,3,3,5,5,4,4,3,5,3,2,4,3,1,2,2,4,1,7,3,1,4,2,1,5,3,3,7,7,2,2,4,2
2,2,3,9,1,9,3,2,2,3,10,1,4,2,0,2,0,4,3,4,1,5,5,8,3,4,3506,2,7,1,1,1,7,3,7,7,1,1,6,5,7,1,7,1,1,1,7,1,1,1,1,7,3,6,7,1,3,5,5,4,1,1,3,4,5,1,7,1,7,4,3,7
2,2,3,24,1,24,3,2,1,2,9,1,1,0,0,1,0,3,3,4,1,5,5,3,1,7,3805,3,5,1,2,2,5,4,5,6,1,4,4,5,1,1,6,4,4,2,4,2,2,3,4,2,5,4,3,2,4,2,3,6,1,3,2,6,1,4,7,3,5,2,3,4
2,2,3,98,2,99,2,2,2,3,9,2,3,0,0,3,0,3,3,4,3,5,3,8,3,6,3710,2,3,3,1,7,1,4,4,4,1,4,5,4,4,1,3,3,7,3,4,3,4,3,3,1,3,4,3,3,4,2,4,4,3,1,3,4,4,4,7,4,4,1,5,3
2,1,4,98,2,9,2,2,2,2,12,2,3,0,1,2,0,4,3,4,5,5,5,2,1,4,3507,4,7,1,1,1,7,1,2,1,4,2,7,1,4,1,1,1,5,7,7,1,4,1,7,2,1,4,7,4,6,1,1,1,7,1,7,7,5,1,7,1,7,3,7,1
2,2,2,24,1,24,3,4,2,2,2,2,2,0,0,0,2,3,4,4,1,5,5,6,2,4,3409,3,5,2,2,2,4,1,6,3,1,2,6,5,4,4,5,4,3,2,5,3,1,3,6,6,7,5,6,3,2,4,3,5,5,1,5,3,1,1,6,3,5,5,6,4
2,2,2,98,3,1,3,1,1,4,1,1,4,0,0,4,0,4,2,4,1,5,5,8,2,3,3405,7,7,1,1,1,4,1,7,3,1,7,7,1,1,1,1,7,1,7,4,1,1,1,5,7,1,1,7,1,1,2,7,4,7,2,3,7,5,1,7,1,4,3,1,1
2,2,2,9,1,10,2,2,2,3,4,1,5,2,1,2,0,3,3,4,5,4,4,2,1,6,3703,3,7,1,1,1,3,1,1,7,1,1,3,3,5,1,1,1,1,7,2,1,1,2,1,7,1,1,7,1,1,1,3,3,7,1,1,7,7,3,3,5,3,4,7,3
2,2,2,88,1,99,4,4,1,3,2,1,1,0,0,0,1,3,3,4,5,4,4,6,1,8,3803,5,5,3,2,1,5,4,5,5,2,2,7,1,2,4,4,3,1,1,5,2,1,4,3,4,7,5,4,2,7,4,4,5,5,4,3,2,3,3,5,3,4,4,4,4
2,3,3,1,1,1,3,1,2,4,1,1,3,0,1,2,0,3,2,4,1,5,4,1,1,5,3607,2,6,1,4,1,5,1,3,6,1,4,4,4,1,4,5,3,1,1,5,1,4,4,4,7,1,4,5,4,1,4,3,2,5,4,5,4,3,4,7,4,6,5,2,4
2,3,3,88,1,24,3,4,2,3,2,3,2,0,0,2,0,4,3,2,2,4,4,7,2,3,3405,7,6,1,1,2,5,1,6,5,2,2,5,3,2,3,2,2,4,3,5,3,2,3,3,5,2,4,6,6,2,6,3,5,6,1,6,3,1,4,4,3,5,1,5,5
2,2,3,1,1,88,2,2,1,2,9,2,3,1,0,2,0,4,4,4,3,3,3,1,1,3,3407,4,7,1,7,1,4,1,7,7,1,4,4,4,1,7,4,1,4,1,7,4,4,1,4,1,1,1,7,1,1,1,7,4,7,1,7,7,7,1,7,4,5,4,3,4
2,2,4,98,2,64,4,2,1,3,9,1,4,2,0,2,0,4,4,3,1,5,3,6,2,3,3303,4,4,3,4,1,5,1,7,7,2,3,4,3,1,5,4,4,3,4,6,1,1,1,2,1,1,4,2,3,7,5,4,4,5,2,5,3,1,3,7,1,6,2,5,1
2,2,3,24,1,24,2,3,1,2,9,2,4,0,0,4,0,4,4,4,1,5,5,8,1,8,3806,4,7,1,1,1,7,1,7,1,1,1,4,7,1,1,1,1,1,1,7,1,1,2,1,1,7,7,7,1,7,7,6,2,7,1,7,7,6,2,7,2,6,4,1,2
2,3,1,24,1,24,3,3,1,3,11,3,2,1,0,1,0,4,3,4,5,5,5,8,2,1,3101,7,6,2,1,2,5,1,5,5,2,4,7,5,7,2,7,1,1,1,7,1,1,3,1,1,7,7,2,1,5,1,2,4,7,4,6,4,1,4,2,3,7,6,7,1
2,3,4,98,3,24,3,1,1,1,1,1,3,0,0,2,1,2,3,3,3,3,3,3,4,3,3305,5,5,3,6,3,3,4,4,4,3,4,5,5,5,3,5,6,4,3,5,3,4,4,5,5,5,5,3,3,5,2,5,4,4,4,5,5,5,4,4,3,4,4,4,4
1,2,3,98,1,1,5,2,2,4,9,1,4,2,0,2,0,3,2,3,1,5,5,7,4,6,3702,7,2,1,2,1,1,1,7,6,1,1,7,1,2,4,1,7,1,1,7,1,1,5,1,7,1,1,5,2,1,7,3,5,7,1,6,2,1,1,7,1,7,6,5,1
2,3,2,1,3,99,3,4,1,3,2,1,2,0,0,0,2,3,3,3,3,2,3,5,1,1,3101,7,6,2,4,4,6,1,4,6,2,2,6,6,1,7,1,4,4,7,4,1,4,5,5,2,4,1,4,3,6,7,5,3,5,3,2,3,6,4,7,2,3,5,3,5
2,3,4,98,2,99,2,2,1,3,11,2,5,1,2,2,0,4,3,4,1,1,1,4,2,8,3807,7,6,1,1,1,7,1,6,4,1,6,5,6,2,4,4,2,2,2,4,1,2,3,4,2,1,4,7,3,5,4,4,5,4,1,7,5,3,2,7,1,7,3,2,4
2,2,3,6,1,1,2,3,1,2,9,2,4,0,1,3,0,4,3,4,1,5,3,7,2,3,3401,4,5,1,2,4,7,1,7,7,1,1,7,1,1,1,7,1,1,7,3,3,1,1,1,1,7,1,1,4,4,5,3,5,3,3,2,4,1,5,6,1,4,1,2,2
2,2,2,1,1,1,4,3,1,2,9,2,2,0,0,2,0,3,4,4,1,1,1,6,2,7,3810,3,7,1,1,1,4,1,6,7,2,2,6,4,2,4,4,3,3,1,6,1,3,1,3,5,4,1,3,3,4,6,3,4,6,2,5,4,5,1,4,3,7,2,6,3
2,3,4,98,2,1,3,4,2,3,9,3,1,0,0,1,0,4,4,4,3,3,3,7,1,5,3603,1,7,1,1,1,7,1,5,7,2,1,4,4,1,2,7,2,1,1,5,1,4,4,4,4,1,4,7,1,4,7,4,1,4,1,7,4,4,4,7,1,7,5,4,7
2,2,3,98,3,1,5,3,1,2,13,1,2,0,0,2,0,3,4,4,3,4,3,9,3,4,3510,7,2,1,1,1,1,1,4,4,1,1,4,7,1,5,1,4,6,7,2,3,6,3,4,1,1,2,2,5,4,7,3,4,3,4,4,2,1,4,3,4,4,2,4,4
2,2,2,28,1,10,4,2,1,2,3,1,2,0,0,2,0,3,3,3,4,4,4,3,2,6,3702,7,5,6,5,4,7,5,5,6,7,5,7,6,6,7,7,4,5,6,5,5,7,2,3,7,7,6,5,4,5,6,7,6,6,6,6,3,5,7,6,6,3,4,6,7
2,1,3,98,3,99,4,1,1,1,3,1,4,0,0,4,0,3,1,3,2,5,5,2,1,6,3710,5,4,4,4,4,4,4,4,4,4,5,4,4,4,4,4,4,4,5,4,4,4,5,4,4,4,4,1,5,4,5,4,5,3,5,1,3,2,4,6,4,4,2,6,4
2,2,3,98,3,1,2,1,2,2,9,1,1,0,0,1,0,3,3,3,2,5,4,6,1,6,3707,6,5,3,2,3,3,2,3,2,5,3,4,3,7,3,2,4,3,3,3,4,3,1,3,4,2,1,5,1,4,4,4,3,3,5,3,5,3,2,5,4,4,3,3,3
2,2,3,1,1,1,3,1,2,3,12,2,3,1,0,2,0,5,3,3,3,3,3,1,1,1,3101,7,7,1,1,1,7,1,7,7,1,7,1,7,1,7,4,1,4,7,7,1,1,1,1,7,1,1,7,1,1,1,4,4,7,1,4,5,7,1,7,4,4,7,3,4
2,2,3,24,1,24,4,3,1,3,7,3,1,0,0,1,0,4,3,3,2,4,4,7,1,8,3807,7,5,3,1,1,4,1,7,7,1,1,7,4,7,1,6,4,1,2,5,1,2,2,2,1,3,2,2,5,7,2,3,4,7,1,5,3,4,2,6,1,5,5,3,3
2,3,3,97,2,4,3,2,2,3,11,2,3,1,0,2,0,3,1,4,1,5,5,7,3,3,3406,3,4,1,1,1,3,3,7,4,1,2,6,4,1,1,1,4,1,4,5,2,3,1,2,1,1,1,4,2,3,2,7,2,7,2,4,4,4,1,7,4,1,5,1,2
2,3,3,98,2,27,3,1,1,2,2,1,1,0,0,1,0,3,4,3,3,3,3,1,1,3,3305,4,4,4,4,4,4,4,4,4,4,4,5,4,4,4,4,4,4,4,4,4,4,4,4,4,4,4,4,4,4,4,4,3,4,4,4,4,4,4,5,4,4,4,4,4
1,2,2,28,1,23,5,2,2,3,11,2,4,1,1,2,0,4,3,1,5,5,5,4,1,6,3702,7,6,2,3,5,4,1,4,1,5,4,5,3,7,3,3,6,5,5,1,3,6,6,5,2,3,5,5,3,2,3,2,5,4,7,4,3,6,7,3,5,6,6,7,5
2,3,3,31,1,23,1,2,1,2,9,1,3,0,0,3,0,4,4,4,1,5,5,9,5,7,3805,4,4,3,1,1,3,1,2,1,1,3,4,4,2,3,1,4,3,7,4,3,6,1,4,4,1,2,3,5,3,4,4,3,4,4,4,2,5,3,4,3,3,5,5,4
2,3,2,22,1,22,3,2,1,4,12,2,2,0,0,2,0,3,2,3,2,5,5,7,3,1,3101,7,4,3,6,7,4,5,5,6,4,3,7,3,3,3,3,3,1,7,4,4,5,4,5,5,3,4,2,6,3,5,5,7,7,3,4,7,2,6,1,4,2,4,3,3
1,3,4,98,2,64,5,2,2,2,11,2,4,2,0,2,0,3,4,4,1,5,3,5,2,8,3803,5,4,7,1,4,2,1,4,4,4,4,4,4,6,4,4,4,4,4,4,4,4,4,7,1,4,4,1,4,7,4,3,1,2,4,4,3,4,4,4,4,4,2,5,6
1,2,2,1,1,1,5,3,1,4,11,2,2,0,0,2,0,4,4,3,1,3,4,8,1,8,3802,2,7,1,1,1,4,1,7,4,1,1,7,7,1,4,7,1,1,1,7,1,1,7,1,1,7,7,4,1,1,4,1,4,7,1,7,1,1,4,7,1,7,1,7,7
2,3,3,98,1,1,2,2,1,3,12,2,4,2,0,2,0,3,1,4,1,5,3,9,3,6,3703,4,7,1,1,1,4,1,4,7,1,1,4,4,7,1,1,4,4,7,4,1,4,1,4,2,5,1,5,1,1,7,3,3,4,4,4,6,1,4,4,1,1,1,7,4
2,2,2,1,1,1,3,4,2,3,2,3,1,0,0,0,1,4,3,3,1,4,5,8,1,1,3101,7,7,1,1,1,7,1,6,7,1,3,7,7,1,4,7,2,1,1,6,2,1,5,3,2,7,7,6,1,3,1,2,6,6,2,6,5,2,1,7,3,6,7,3,5
2,2,4,98,2,64,1,2,2,2,9,1,2,0,0,2,0,5,4,4,1,5,5,1,1,5,3505,7,6,1,2,1,7,1,6,7,1,2,7,7,1,2,7,4,2,7,7,1,7,2,2,1,1,3,7,1,2,1,6,4,7,1,4,6,5,1,7,2,7,6,2,4
2,2,1,1,1,1,1,4,2,3,10,4,1,0,0,1,0,3,4,2,1,5,5,7,1,6,3706,5,7,1,1,1,1,1,7,7,1,4,7,7,7,4,7,1,1,1,7,1,2,1,1,7,7,7,7,1,7,1,2,1,7,1,7,7,1,1,7,2,7,7,1,1
1,2,2,31,1,99,4,3,1,2,9,1,3,1,0,2,0,3,3,4,2,4,2,7,2,8,3803,3,2,1,1,1,1,2,2,1,1,2,6,5,4,2,4,3,2,4,5,1,4,3,3,5,7,1,3,5,3,3,3,5,5,3,4,3,4,4,6,4,4,2,4,4
2,2,2,32,3,99,3,2,2,3,4,1,5,3,0,2,0,3,3,4,2,5,5,3,2,6,3702,7,7,1,1,1,7,1,7,7,1,1,7,1,1,1,7,1,1,1,7,1,1,1,1,7,2,7,7,1,7,1,2,1,7,1,3,7,7,1,3,1,7,1,3,1
2,3,3,98,1,1,3,4,1,2,2,2,4,0,0,1,3,4,4,4,1,4,2,8,2,3,3407,3,3,1,2,3,2,4,5,6,5,3,4,4,3,3,3,2,4,1,1,4,3,4,1,1,5,7,3,3,2,4,3,5,4,3,1,2,4,3,4,3,3,4,4,5
2,2,3,88,1,31,3,2,1,2,9,1,1,0,0,1,0,4,3,3,3,4,4,2,2,5,3610,4,2,3,1,2,1,6,4,5,1,2,5,3,5,1,4,3,3,5,5,5,2,3,3,2,4,2,2,4,3,6,5,3,1,7,2,6,1,4,4,4,3,3,6,2
2,1,4,98,2,1,4,4,2,3,2,2,2,0,0,1,1,3,3,3,1,5,5,6,3,6,3701,4,1,2,3,2,3,1,3,5,2,2,5,4,1,4,2,3,3,4,3,4,2,3,4,2,1,2,1,6,1,7,2,6,1,7,6,3,1,7,4,4,4,1,7,6
1,3,4,97,3,99,3,1,2,4,4,2,4,2,0,2,0,3,3,4,1,5,3,9,4,1,3101,7,5,5,1,1,7,2,6,5,2,6,4,4,6,4,3,4,4,7,4,1,4,1,1,5,2,2,3,3,3,7,4,5,6,6,3,1,4,4,5,2,3,2,3,4
2,2,2,24,1,24,4,4,1,2,9,3,1,0,0,0,1,4,4,4,3,3,2,4,2,4,3509,3,3,1,3,3,4,3,3,4,3,4,5,2,3,3,2,4,2,4,5,3,4,3,5,4,5,4,4,3,2,2,3,5,5,5,3,5,2,3,4,3,4,1,5,4
2,2,2,1,1,6,4,3,1,4,10,1,4,2,0,2,0,3,3,3,1,5,5,7,3,1,3101,7,4,1,1,1,3,2,5,5,1,4,5,4,4,4,4,3,2,4,3,3,4,4,4,1,6,4,4,1,1,7,4,5,4,6,6,4,1,4,4,4,6,1,6,4
2,1,2,28,1,12,3,3,1,2,9,2,4,0,2,2,0,4,3,3,2,2,2,7,1,5,3504,3,1,1,3,5,1,1,6,1,1,2,4,3,3,3,7,7,5,7,1,5,7,2,6,4,3,1,1,7,1,7,4,5,3,7,1,4,1,6,3,3,1,4,6,1
2,3,2,29,1,4,3,1,2,3,7,2,4,2,0,2,0,3,1,3,1,5,5,7,2,5,3602,1,3,7,4,1,3,4,4,4,1,2,4,4,3,1,2,4,3,5,3,2,4,1,4,4,2,2,2,5,4,2,2,5,3,3,1,4,5,5,7,4,4,2,6,1
2,3,3,1,1,1,4,4,1,2,9,2,2,0,0,1,1,5,4,4,3,5,3,8,2,5,3501,1,4,2,5,7,4,1,4,2,1,1,5,2,2,3,4,3,3,5,3,3,4,2,4,4,4,1,2,5,5,2,2,6,3,2,6,3,2,4,7,3,4,2,6,3
1,1,2,28,1,10,5,4,2,3,2,2,2,0,0,0,2,3,2,3,3,1,2,7,1,5,3602,7,1,6,7,7,4,2,6,6,7,5,4,1,1,1,1,7,6,7,1,6,7,1,7,5,6,1,1,7,2,7,2,6,1,7,3,1,1,6,2,5,1,2,6,3
1,2,3,29,1,4,3,2,1,4,12,1,2,0,0,2,0,3,1,3,1,5,5,7,2,7,3805,7,3,3,4,1,3,6,6,2,1,3,6,2,2,3,5,4,2,6,4,3,3,2,2,2,1,1,2,5,1,6,3,6,6,4,3,5,3,4,6,3,2,3,6,6
2,2,2,9,1,1,4,2,2,3,2,2,4,2,0,2,0,3,4,3,3,4,4,6,2,8,3807,7,7,2,2,1,7,1,5,7,1,7,7,4,3,1,7,1,2,1,7,1,1,1,4,4,4,7,3,1,1,3,4,2,7,5,7,2,1,1,7,1,7,1,5,7
2,3,2,1,1,1,3,4,1,2,2,3,1,0,0,0,1,4,4,4,1,1,2,6,1,8,3801,3,5,1,2,4,2,3,5,5,2,2,3,2,2,5,6,3,4,4,5,3,2,2,1,2,4,5,5,5,4,6,3,5,4,4,6,4,2,3,6,2,4,4,5,5
1,2,2,24,1,24,6,2,1,2,9,2,3,1,0,2,0,3,3,4,1,5,5,7,3,8,3802,6,1,3,1,7,1,1,4,3,1,1,3,1,1,3,1,3,4,1,3,3,1,3,1,1,3,1,1,4,1,3,2,3,2,2,7,2,3,3,2,1,6,1,5,1
2,2,3,1,1,99,4,1,2,4,4,2,4,1,0,3,0,3,3,3,1,5,5,6,2,6,3713,1,4,1,6,1,3,1,5,7,1,2,5,3,1,3,2,4,4,4,4,2,3,3,4,2,2,3,3,3,3,4,3,5,3,2,4,4,2,3,4,2,4,2,4,3
2,3,2,1,1,1,5,4,1,2,2,2,2,0,0,0,2,3,4,3,1,5,5,7,2,8,3807,7,4,4,1,4,1,1,4,1,1,1,7,1,7,4,4,1,1,1,4,1,4,1,1,4,1,4,4,4,4,4,4,4,4,4,4,1,4,4,7,1,4,1,7,1
2,3,2,1,1,1,3,4,2,2,2,4,1,0,0,0,1,3,4,3,3,2,2,5,1,4,3508,5,5,2,1,1,6,1,6,4,1,1,4,7,2,4,4,5,2,2,7,2,4,6,2,7,6,5,4,3,1,4,2,5,6,1,5,4,2,1,6,2,6,2,6,4
2,3,2,88,1,88,4,4,1,2,2,2,2,0,0,0,2,4,3,4,1,4,4,6,1,8,3802,6,1,1,4,1,5,4,7,7,1,1,7,7,4,4,7,1,4,1,4,1,5,4,4,1,5,7,7,1,1,4,4,4,5,5,4,6,1,1,4,3,5,1,7,4
2,2,3,98,2,1,4,4,2,2,8,4,1,0,0,1,0,4,4,4,1,1,1,7,1,8,3803,5,7,1,3,1,3,1,7,7,1,1,7,7,7,1,7,1,1,1,3,1,3,1,7,7,1,7,7,2,7,1,3,1,7,1,1,4,7,1,7,1,7,7,1,7
2,2,2,97,1,1,4,2,2,4,12,3,5,0,0,5,0,3,4,4,1,1,1,7,4,6,3707,2,4,1,1,1,3,1,7,7,1,1,4,4,4,4,4,3,3,4,4,1,4,1,1,7,5,1,1,2,3,2,4,4,6,3,4,4,2,1,7,1,4,4,4,2
2,2,2,29,1,4,3,1,1,2,9,1,3,0,0,3,0,3,3,4,2,5,5,7,4,5,3610,1,3,3,5,2,3,2,3,2,1,2,5,3,5,4,3,3,3,4,3,3,4,1,2,2,2,4,4,3,2,4,3,4,4,3,3,4,3,4,5,4,4,3,6,3
2,2,3,32,1,99,2,3,1,2,11,2,5,1,0,4,0,4,3,4,3,4,3,7,2,7,3811,1,4,4,1,3,4,1,6,5,4,4,6,3,3,3,4,1,4,4,4,2,3,1,3,3,7,4,2,4,4,3,4,5,4,3,7,7,2,4,4,3,5,1,7,4
2,1,2,1,1,1,4,4,2,2,2,2,2,0,0,0,2,4,3,3,1,5,5,3,2,1,3101,7,5,1,1,1,2,1,7,2,1,1,7,7,1,1,1,4,6,4,2,2,2,1,7,4,4,1,4,2,1,7,4,3,7,4,7,1,1,1,7,2,4,4,6,2
2,3,2,1,1,1,3,4,2,2,2,3,1,0,0,0,1,3,4,3,4,3,2,7,1,5,3602,7,7,1,2,1,5,3,7,4,1,4,7,6,4,4,4,2,1,3,4,1,2,3,1,5,4,6,4,2,3,3,4,6,7,2,4,4,2,4,6,3,5,2,7,4
2,3,2,1,1,1,4,4,2,3,2,3,1,0,0,0,1,4,4,4,2,4,5,6,1,7,3705,4,4,1,2,1,2,3,5,5,1,1,4,4,2,2,3,3,3,2,5,2,5,3,4,3,7,3,5,2,2,4,3,6,6,6,6,3,1,4,7,3,6,2,6,4
2,2,2,6,1,6,4,2,1,4,10,2,4,2,0,2,0,3,1,1,1,5,5,8,3,1,3101,7,4,1,2,2,2,4,4,4,4,1,7,1,2,3,7,4,4,4,5,3,7,4,3,1,3,4,2,6,2,7,2,4,5,4,4,1,1,4,7,4,4,2,7,5
1,1,3,98,2,64,5,2,2,4,10,1,3,1,0,2,0,3,1,2,1,5,5,9,2,8,3807,7,6,3,2,2,3,1,2,3,2,2,5,3,3,2,2,2,3,6,2,2,2,2,2,2,3,1,2,6,2,2,2,3,3,6,2,3,2,3,5,6,2,3,6,2
1,2,1,30,1,70,6,4,2,4,2,2,2,0,0,1,1,2,1,1,1,5,5,9,4,1,3101,7,7,1,1,1,1,7,1,1,1,1,7,2,7,7,7,2,1,1,4,1,1,7,1,1,7,7,7,1,1,1,1,3,7,1,4,1,3,4,7,3,7,5,7,1
2,2,1,97,1,6,4,1,1,1,1,1,6,0,1,3,2,3,1,4,1,5,5,9,4,8,3807,7,6,2,5,1,1,6,5,5,1,3,6,2,6,1,4,1,3,3,4,1,1,1,5,2,2,2,1,6,4,7,3,6,6,2,1,2,1,4,7,2,4,2,5,4
2,3,2,29,1,4,3,2,2,4,4,2,3,1,0,2,0,3,1,3,1,5,5,7,3,7,3810,3,3,3,5,1,3,5,4,1,1,2,7,5,1,3,2,7,6,7,3,4,4,3,5,5,1,1,2,7,2,6,2,6,3,3,3,3,4,5,5,5,1,1,6,3
1,1,1,28,1,10,5,4,1,4,2,2,2,0,0,0,2,3,3,3,2,4,3,8,2,5,3605,4,3,4,1,3,3,7,2,3,3,2,5,1,6,3,1,4,6,7,1,4,2,4,2,1,6,1,1,6,1,7,3,5,3,7,4,1,1,4,1,3,1,3,3,1
2,2,2,9,1,9,4,4,2,4,2,4,1,0,0,0,1,3,4,4,3,4,3,7,2,1,3101,7,5,1,1,1,5,1,7,7,1,1,7,6,2,6,6,1,2,1,7,1,1,3,1,6,6,7,5,1,1,4,5,4,7,2,6,2,2,4,7,1,7,2,4,5
2,3,2,1,1,1,4,3,1,2,7,2,4,1,1,2,0,3,1,2,1,5,5,9,5,1,3101,7,7,1,5,3,2,1,2,2,3,4,4,3,3,4,4,4,2,7,4,1,3,4,5,4,6,1,7,4,3,6,4,4,6,3,3,5,6,4,4,3,1,3,3,2
2,3,1,29,1,4,3,1,1,4,7,1,4,0,0,3,1,3,3,3,2,3,5,3,1,8,3807,3,4,3,4,3,3,3,4,3,4,2,5,1,2,3,2,5,6,7,4,3,6,3,2,5,3,1,1,6,3,5,3,4,4,1,5,3,4,4,4,3,2,4,4,3
2,2,4,32,1,99,3,2,2,2,4,1,4,1,0,3,0,4,4,4,2,3,2,6,2,7,3711,1,7,1,1,1,4,1,7,7,1,7,7,7,1,7,1,1,1,1,7,1,1,1,1,7,1,7,7,1,7,1,7,4,7,3,3,7,1,1,1,1,7,3,1,1
2,2,1,1,1,1,4,4,2,4,2,2,2,0,0,0,2,3,4,3,5,5,5,8,2,1,3101,7,5,1,1,1,7,1,7,6,3,4,7,3,4,7,7,1,1,2,7,1,1,3,1,3,3,4,4,4,5,4,4,4,7,1,4,3,2,2,4,1,4,4,3,4
2,2,2,1,1,1,3,4,1,2,2,2,2,0,0,1,1,4,4,4,2,5,5,8,2,7,3705,6,5,1,1,1,7,1,7,7,4,1,7,7,1,2,7,1,1,1,6,1,1,6,1,6,7,7,4,2,7,5,4,2,7,2,6,4,7,1,5,1,7,4,7,4
2,2,1,1,1,24,2,4,2,2,2,2,2,0,0,0,2,5,4,3,1,5,4,8,2,5,3607,3,7,7,1,1,7,1,7,7,1,7,7,7,7,7,7,1,1,1,7,1,1,7,7,7,7,7,7,1,7,4,4,4,7,1,7,4,1,1,7,1,7,4,7,1
2,2,3,9,1,9,3,4,2,3,2,3,1,0,0,0,1,4,4,4,2,3,5,5,1,8,3803,6,7,1,1,1,7,1,7,7,1,1,7,7,1,1,7,1,1,1,7,1,1,7,1,7,7,7,7,1,7,1,3,2,7,3,7,2,2,3,7,1,7,5,1,2
2,2,2,1,1,1,4,4,2,4,12,2,3,0,0,2,1,3,4,3,2,4,4,5,3,5,3602,7,6,3,2,2,3,3,6,4,2,1,7,5,2,2,4,1,1,2,6,2,1,1,6,3,6,6,3,4,2,3,1,6,7,1,5,2,1,5,7,3,7,3,6,3
2,2,2,1,1,1,4,4,2,4,2,2,2,0,0,0,2,3,3,3,2,3,4,7,2,1,3101,7,5,3,1,2,5,3,5,4,1,1,7,5,3,6,7,1,1,1,6,2,2,4,3,3,6,7,5,1,4,3,3,4,7,2,5,4,1,3,7,3,5,5,5,4
1,2,1,98,1,12,4,4,2,4,12,3,1,0,0,1,0,3,2,1,1,4,5,8,3,1,3101,7,3,5,4,4,4,6,1,2,2,4,4,1,7,2,1,7,2,7,2,1,6,1,5,7,1,1,1,7,4,7,4,6,5,6,4,1,1,1,7,4,1,4,4,4
2,3,1,1,1,1,4,4,2,4,2,2,2,0,0,0,2,3,4,3,3,2,4,7,2,1,3101,7,7,1,1,1,1,1,4,7,4,1,4,7,5,3,7,4,1,4,2,1,1,2,4,3,4,5,7,1,3,6,3,2,4,3,4,3,5,4,7,1,7,2,6,3
1,2,1,97,1,6,5,1,1,1,1,1,4,0,1,3,0,2,2,3,1,5,5,7,5,7,3810,4,3,6,1,1,1,3,4,4,1,2,4,1,6,2,1,5,4,5,3,3,2,2,4,3,1,3,1,7,1,5,3,5,3,5,3,1,3,4,7,4,3,2,4,4
2,3,2,97,1,1,4,1,1,1,1,1,3,0,0,3,0,3,4,3,1,5,5,1,2,8,3807,7,7,1,1,1,1,1,7,1,1,1,4,4,1,4,1,4,1,1,7,1,1,4,4,1,1,1,7,1,1,1,4,1,4,4,4,6,7,1,7,1,4,4,6,4
2,3,2,28,1,10,3,1,1,4,1,1,4,0,0,4,0,3,2,3,2,5,4,7,2,5,3609,1,4,4,4,4,4,4,4,4,4,4,4,4,4,4,4,4,4,4,4,4,4,4,4,4,4,4,4,4,4,4,4,4,4,4,4,4,4,4,4,4,4,4,4,4
2,2,2,24,1,1,4,4,1,2,2,2,2,0,0,0,2,3,4,4,3,3,3,7,2,8,3803,6,7,6,7,6,5,6,7,3,6,6,6,7,5,4,6,6,6,7,7,6,6,6,6,6,7,7,6,6,7,6,4,5,7,5,5,6,4,5,5,6,7,4,6,4
1,1,1,28,1,10,3,3,1,1,2,1,2,0,0,2,0,3,4,4,3,4,3,2,1,7,3810,3,1,4,1,1,3,3,3,4,3,3,4,4,4,1,3,4,4,7,7,3,4,3,7,4,4,1,1,4,5,3,4,2,4,4,3,3,3,4,2,3,2,5,3,5
1,1,1,9,1,6,1,2,2,2,9,2,5,1,0,4,0,1,1,1,2,2,2,2,1,7,3705,3,1,1,1,5,2,2,4,3,2,2,3,3,4,1,3,6,4,5,1,2,4,1,2,3,3,1,5,4,4,4,1,3,1,7,1,3,3,2,1,3,4,1,2,7
1,1,2,29,1,4,4,4,2,4,12,2,2,0,0,2,0,3,3,4,2,5,4,8,2,1,3101,7,2,6,4,6,2,7,5,4,2,6,4,2,7,2,1,6,6,7,2,4,6,1,7,1,1,1,1,6,2,6,1,7,3,7,2,2,4,6,3,6,1,2,6,2
1,1,2,29,1,99,3,2,2,4,4,1,3,1,0,2,0,4,1,3,1,5,5,6,2,7,3805,7,2,6,1,3,3,2,5,2,4,1,4,1,4,3,1,5,3,7,1,4,6,1,6,6,2,1,1,7,2,7,4,4,6,4,2,1,2,4,4,4,1,2,5,1
1,3,2,1,1,1,6,2,2,4,12,2,4,2,0,2,0,1,1,1,4,4,4,7,4,7,3805,1,4,5,5,5,4,4,4,4,5,5,5,4,4,4,3,5,4,4,5,5,4,5,5,4,4,3,4,4,6,5,5,4,4,5,5,6,5,4,4,3,5,5,6,5
1,1,4,97,3,12,6,1,1,1,1,1,4,0,1,3,0,5,4,4,5,5,5,9,4,1,3101,7,7,7,7,7,7,1,7,7,7,7,7,7,7,7,7,7,7,7,7,7,7,7,7,7,7,7,7,7,7,7,7,7,7,7,7,7,7,7,7,7,7,7,7,7
1,1,2,29,1,23,5,1,1,4,1,1,1,0,0,1,0,3,1,1,1,5,5,7,1,7,3805,7,1,7,5,7,5,3,6,2,4,3,2,1,2,2,1,7,5,7,1,5,7,1,7,7,1,1,1,7,1,7,2,7,6,4,1,2,2,4,2,5,1,1,7,1
1,1,2,29,1,25,4,2,2,4,4,2,3,1,0,2,0,2,2,3,1,5,5,8,3,3,3405,7,3,5,1,3,1,2,3,3,1,1,5,3,6,3,1,7,4,7,3,2,6,1,7,5,1,1,1,5,2,7,2,6,2,7,1,2,2,5,2,5,1,2,7,2
1,3,2,28,1,23,5,2,2,4,4,2,3,1,0,2,0,3,2,2,2,5,5,9,3,5,3603,2,2,7,2,3,2,5,4,3,3,3,7,2,3,1,1,6,4,7,4,3,5,1,5,5,1,1,1,6,1,7,3,4,4,5,3,2,4,5,1,3,1,1,2,1
1,2,4,99,1,24,5,1,2,4,1,1,3,0,0,3,0,2,1,4,2,5,4,8,3,7,3711,5,3,2,2,1,6,2,5,7,1,5,5,4,4,4,4,5,4,3,6,3,4,3,3,3,3,4,3,5,3,1,2,2,2,3,2,2,3,4,5,4,4,4,3,4
1,3,2,29,1,4,5,2,1,4,12,1,1,0,0,1,0,3,2,4,1,5,5,8,4,8,3806,1,4,1,1,1,4,5,1,3,1,1,3,1,4,4,1,7,4,7,3,2,7,2,4,2,4,1,3,5,2,4,1,6,3,2,2,1,1,4,3,5,1,2,7,3
1,1,1,29,1,25,4,2,1,4,10,2,3,1,0,2,0,3,3,4,1,5,5,8,2,5,3606,1,6,1,2,1,2,2,2,3,2,2,3,1,6,3,1,5,7,7,2,4,4,2,5,1,6,1,2,6,1,3,2,6,3,5,7,1,1,3,3,6,1,4,4,5
1,1,3,24,1,24,6,2,1,2,13,1,1,0,0,1,0,3,3,1,5,1,5,3,2,8,3802,6,7,1,1,1,1,1,7,7,1,2,1,1,1,1,1,1,1,7,1,1,1,1,1,2,2,1,1,1,1,1,1,7,1,1,1,1,1,1,7,1,1,1,1,1
1,1,4,98,2,88,6,1,2,2,4,4,3,1,0,2,0,5,4,4,5,5,5,1,2,5,3501,3,7,7,7,7,7,7,7,7,7,7,7,7,7,7,7,7,7,7,7,7,7,7,7,7,7,7,7,7,7,7,7,7,7,7,7,7,7,7,7,7,7,7,7,7
1,2,1,98,2,1,4,2,2,4,10,1,3,0,0,2,1,3,3,4,1,5,5,6,2,7,3711,3,1,1,5,6,7,1,7,7,5,6,7,7,1,1,7,1,2,3,7,1,1,1,1,3,4,6,1,7,7,5,3,7,7,1,7,1,3,7,7,1,7,1,7,7
2,2,2,1,1,1,3,4,2,2,2,2,2,0,0,2,0,4,3,3,1,5,5,4,2,8,3803,5,4,3,2,3,3,1,7,4,4,4,7,5,2,4,7,2,1,1,7,1,1,4,1,2,4,7,3,1,3,3,3,6,7,1,5,5,1,3,4,4,7,4,4,4
2,3,2,29,1,4,2,4,2,3,2,3,1,0,0,0,1,3,4,2,1,5,5,7,1,4,3403,2,2,7,4,6,4,2,5,3,6,4,7,1,3,2,1,6,5,7,1,4,7,1,7,4,1,1,1,7,2,7,4,4,5,5,2,4,2,4,4,2,1,4,5,2
1,1,2,28,1,12,4,4,2,3,2,4,1,0,0,0,1,3,3,4,3,3,2,7,1,7,3810,5,3,5,6,2,3,5,4,3,1,2,4,4,3,4,1,4,4,7,3,4,7,4,4,7,5,1,1,6,1,7,3,5,3,2,2,2,3,5,3,3,1,1,5,2
3,2,4,98,2,1,1,1,2,2,4,1,4,3,0,1,0,5,3,4,3,1,2,1,1,8,3802,5,7,4,1,1,7,1,7,1,1,1,7,7,1,1,7,1,1,1,7,1,1,7,7,1,1,1,7,1,7,1,7,1,7,1,7,7,7,1,7,7,7,7,1,7
3,3,2,24,1,24,1,4,2,3,2,3,1,0,0,0,1,3,3,4,1,5,5,4,1,8,3802,2,4,1,3,1,3,1,6,6,2,1,7,5,2,3,5,4,3,3,5,1,2,2,2,6,1,3,2,5,4,1,3,5,7,2,2,6,2,4,6,2,5,2,6,2
1,1,2,29,1,12,5,2,2,4,4,2,4,2,0,2,0,3,2,3,1,5,5,8,3,7,3708,1,1,5,5,5,3,5,3,3,3,3,4,1,7,3,1,7,4,7,1,5,7,3,3,4,1,1,1,7,3,1,3,3,1,5,3,1,3,5,4,4,1,2,7,3
3,2,3,9,1,1,2,4,2,3,2,2,2,0,0,0,2,4,2,2,2,5,5,7,2,7,3708,5,7,1,2,1,4,5,7,1,1,2,4,4,4,4,4,1,1,1,7,1,4,4,4,4,7,4,6,2,1,4,4,1,4,5,4,5,2,4,4,4,7,4,4,5
3,1,2,98,3,1,1,4,2,1,2,4,2,0,0,1,1,4,4,4,5,5,5,3,1,8,3803,5,1,7,1,1,7,1,7,7,1,7,7,7,7,7,1,7,7,7,1,5,7,7,7,5,7,1,1,7,7,4,7,4,7,7,1,5,5,1,7,7,1,4,1,7
1,1,1,6,1,10,5,4,1,2,2,3,1,0,0,0,1,3,2,2,1,5,5,8,2,5,3606,1,2,2,1,5,3,1,4,2,5,3,2,1,1,2,1,2,6,7,1,6,6,4,6,5,7,1,1,7,3,7,3,4,2,5,2,3,2,6,4,6,1,1,4,1
2,2,1,28,1,12,4,4,1,4,2,4,1,0,0,0,1,3,4,4,1,4,5,6,1,5,3505,3,6,1,4,2,7,1,5,5,2,2,6,2,3,5,6,1,1,2,6,3,3,5,1,3,7,2,2,3,1,4,2,3,7,2,5,2,1,6,7,2,6,2,6,3
2,2,1,29,1,31,3,4,2,4,12,3,2,0,0,1,1,5,3,2,5,5,5,5,3,5,3603,5,5,5,4,2,3,4,4,4,6,6,7,4,3,4,3,5,5,7,4,2,4,1,6,3,6,1,4,3,1,4,4,3,3,4,2,4,2,3,3,4,5,6,3,3
2,2,2,1,1,24,3,4,1,4,2,2,2,0,0,0,2,3,4,3,1,4,4,4,2,7,3705,6,7,1,3,2,3,1,5,5,5,2,5,4,2,3,7,2,3,2,3,2,1,4,3,3,7,7,7,1,5,1,2,6,6,5,3,2,5,3,3,3,4,2,5,3
1,3,2,1,1,1,5,4,1,4,7,2,2,0,0,0,2,3,2,4,1,5,5,9,5,5,3606,6,2,6,4,1,4,1,7,6,2,4,7,3,7,3,6,1,1,5,7,1,1,3,2,4,7,6,2,4,4,4,3,3,7,2,4,1,2,5,7,4,4,1,7,5
1,1,1,28,1,12,4,4,1,4,2,2,2,0,0,1,1,2,3,3,1,5,4,9,3,7,3705,6,1,5,3,6,2,1,2,2,2,2,4,1,6,2,1,6,5,7,1,4,6,1,7,4,1,1,1,7,1,7,2,5,3,3,2,2,3,5,3,4,1,3,6,2
3,3,2,24,3,24,2,4,2,3,2,3,2,0,0,0,2,4,4,4,3,4,4,8,2,5,3504,3,7,1,1,4,7,1,7,7,3,4,7,7,1,3,5,1,2,1,7,1,2,3,2,3,2,6,7,1,4,4,3,6,7,1,4,6,5,4,7,1,7,5,2,2
2,2,1,1,1,1,4,4,2,4,2,2,2,0,0,0,2,3,3,4,1,5,5,8,2,5,3604,4,5,1,3,1,3,1,4,4,1,1,7,7,1,4,7,3,2,1,7,1,1,4,1,3,1,2,2,3,4,5,3,5,7,1,4,3,2,3,4,4,7,2,7,2
2,2,2,28,1,25,3,1,1,4,12,1,4,0,0,4,0,3,1,3,1,5,5,8,1,7,3805,1,2,4,2,2,5,2,6,5,2,2,6,3,2,3,5,2,3,6,3,3,5,2,2,2,2,1,2,3,2,6,3,3,6,2,2,2,5,3,3,3,2,3,2,3
1,1,1,29,1,12,6,1,2,4,12,2,2,0,0,2,0,2,2,4,1,5,5,7,3,7,3705,6,1,5,2,2,1,6,5,2,1,3,4,1,3,3,1,7,7,7,2,4,5,1,5,2,2,1,1,3,2,6,1,6,4,2,2,1,3,4,5,2,1,1,6,3
1,2,2,1,1,1,4,4,2,3,7,3,2,0,0,1,1,3,4,3,1,5,5,6,3,7,3808,5,3,1,1,2,3,1,4,4,1,2,6,7,3,2,3,4,1,3,6,4,3,3,1,2,2,6,6,1,4,1,2,6,5,3,3,4,4,4,2,3,4,3,6,4
3,3,2,29,1,99,2,1,2,4,10,1,2,0,0,2,0,4,3,4,1,5,5,1,2,5,3608,4,7,1,1,1,7,3,4,1,1,2,7,2,4,2,4,1,4,6,4,1,3,2,4,4,2,3,7,1,1,4,5,3,4,1,2,6,6,1,7,1,2,7,4,4
1,1,1,28,1,23,6,4,1,4,7,2,2,0,0,2,0,3,2,3,1,5,5,8,5,5,3606,6,2,6,5,6,3,5,3,3,4,5,5,1,5,3,1,6,5,7,1,4,6,3,4,5,1,1,1,6,2,5,3,4,3,5,1,1,2,4,2,4,1,3,6,2
3,2,2,98,1,99,2,1,2,2,4,2,4,2,0,2,0,4,3,4,1,1,1,7,1,5,3611,1,7,1,1,1,7,1,7,7,1,7,7,7,7,4,4,1,4,4,7,1,4,1,1,7,4,4,7,1,7,1,4,3,7,1,7,7,1,1,7,1,4,5,1,7
2,2,2,1,1,1,3,2,2,3,10,1,2,0,0,2,0,4,3,4,3,5,4,7,1,8,3802,6,7,1,1,1,5,1,1,1,1,1,4,3,4,4,7,3,1,1,7,1,3,5,1,7,1,5,7,1,3,7,5,3,7,1,7,5,5,1,7,1,7,4,5,4
3,2,4,98,2,9,1,2,2,1,2,4,1,0,0,1,0,5,3,4,3,5,4,1,1,4,3508,3,7,1,1,1,7,1,1,7,1,1,7,7,1,1,1,1,1,1,7,1,1,1,1,1,1,1,5,1,1,7,7,1,7,1,7,7,7,1,7,1,7,7,1,7
2,3,2,98,1,24,3,4,2,3,10,1,1,0,0,1,0,4,3,3,2,2,2,7,1,7,3705,6,7,1,1,1,7,3,7,5,2,2,7,4,1,5,7,1,1,1,7,1,3,1,6,7,2,3,6,1,2,6,2,2,5,2,3,2,4,5,7,3,7,5,2,3
2,2,4,98,1,1,3,2,2,2,9,3,3,0,2,0,1,4,4,4,1,2,3,7,2,5,3606,3,7,7,1,1,7,1,1,7,1,5,3,4,7,2,4,4,1,4,3,4,4,3,4,1,4,1,5,4,1,4,4,1,6,1,5,6,1,1,7,1,6,3,3,1
1,1,2,28,1,12,5,2,1,4,12,1,2,0,0,2,0,3,2,3,1,5,5,8,4,6,3710,1,3,2,6,3,3,6,4,2,4,3,5,3,3,4,4,5,2,7,3,4,5,3,3,3,4,1,1,6,4,4,3,6,4,4,4,1,2,6,5,5,2,2,6,3
2,2,1,24,1,24,3,4,1,4,2,4,1,0,0,0,1,5,3,3,3,5,5,5,1,3,3407,3,6,4,1,3,5,1,5,4,3,5,4,5,1,3,7,1,1,1,7,2,1,5,1,1,7,7,2,4,5,1,4,5,6,3,1,3,1,2,2,2,5,1,2,6
2,1,2,28,1,23,5,4,2,3,10,2,2,0,0,0,2,3,3,4,1,1,1,9,3,3,3407,1,2,2,3,4,3,1,5,4,4,4,5,1,3,3,1,5,4,7,1,2,7,2,4,6,1,2,1,7,1,5,3,3,6,2,4,1,1,5,2,4,1,1,6,3
3,2,2,1,1,1,2,4,2,3,2,3,1,0,0,0,1,4,4,4,3,5,5,4,1,5,3501,5,7,1,1,1,6,1,4,4,1,1,4,7,1,4,4,4,3,3,4,2,4,1,4,3,4,4,1,1,1,7,4,4,7,1,4,5,4,4,4,1,4,7,1,1
2,3,2,28,1,99,3,1,2,4,4,2,3,1,0,2,0,3,1,1,1,5,5,7,2,5,3605,1,4,2,3,1,7,7,6,2,1,1,7,3,2,3,1,4,2,7,4,2,4,1,3,7,7,1,3,3,2,1,3,5,5,1,3,3,4,4,4,2,4,4,4,3
2,1,3,29,1,4,3,1,1,3,12,1,1,0,0,1,0,3,2,4,2,4,2,6,2,6,3714,4,5,3,4,2,6,3,5,6,2,5,5,5,7,4,4,4,3,3,5,3,4,3,3,4,6,1,3,5,5,4,4,3,5,2,3,5,4,3,6,2,5,3,2,3
3,2,3,98,2,64,2,2,1,2,12,1,1,0,0,1,0,3,2,3,2,5,5,7,1,5,3606,6,7,1,1,1,1,1,7,7,1,1,7,7,1,1,1,1,1,7,5,1,1,1,1,1,7,4,6,1,5,1,1,4,7,1,4,7,7,1,7,1,1,7,7,1
2,3,2,1,1,1,4,4,2,3,2,4,2,0,0,1,1,4,3,2,3,3,4,6,1,3,3404,2,7,1,1,1,4,1,4,7,1,4,7,7,1,4,3,4,4,4,1,4,1,1,7,4,1,1,4,4,7,7,7,4,7,7,7,1,1,4,7,1,4,2,1,1
2,1,2,28,1,25,3,3,1,3,11,2,3,0,0,3,0,4,3,4,1,5,4,8,3,6,3702,7,3,7,6,1,2,7,3,1,1,2,2,1,7,5,2,4,1,2,1,4,6,6,1,5,3,1,1,6,4,7,6,2,2,4,6,5,2,4,1,4,6,3,5,1
2,3,2,31,1,12,4,3,1,3,12,2,4,0,0,4,0,3,3,3,1,4,5,7,2,8,3802,1,5,1,1,1,3,3,7,4,1,1,5,3,1,1,1,3,3,7,2,1,4,2,4,1,2,1,2,4,2,2,3,5,4,5,4,3,1,3,7,4,3,1,5,2
2,2,3,24,1,24,5,2,2,3,4,2,4,2,0,2,0,3,3,4,1,5,5,8,3,8,3802,6,7,1,1,1,1,1,1,7,1,1,7,1,1,1,1,1,1,4,3,1,4,1,1,7,7,1,4,4,1,4,1,2,7,1,1,1,7,4,4,4,7,1,7,5
2,2,3,1,1,1,3,3,2,3,12,2,2,0,0,2,0,4,4,3,3,3,3,9,3,3,3301,1,7,1,1,1,5,1,7,2,1,1,5,7,1,3,2,2,1,1,7,1,3,3,2,2,2,2,7,1,4,5,2,4,7,2,7,4,7,1,7,1,7,2,5,3
2,3,2,1,1,12,4,3,1,3,12,3,1,0,0,1,0,3,3,3,1,5,5,2,2,6,3702,7,2,3,1,3,5,2,3,2,2,3,5,2,3,2,2,5,3,7,1,3,2,2,4,3,4,3,4,4,2,6,3,5,4,3,3,3,2,4,5,5,2,2,6,1
3,3,4,98,2,88,2,3,2,2,11,3,3,1,0,1,1,4,4,4,1,1,1,1,1,3,3405,7,4,7,7,7,7,1,6,6,6,5,7,7,7,7,6,7,6,6,7,6,6,6,7,7,6,6,7,6,7,1,6,7,7,7,7,6,4,6,7,1,7,5,7,7
3,2,4,98,3,12,3,2,1,1,9,1,3,1,0,2,0,4,4,3,4,4,4,7,1,5,3505,7,5,1,1,1,1,1,4,7,1,1,4,7,1,7,7,4,4,4,4,1,1,3,4,6,7,4,7,3,7,1,5,3,1,5,3,7,1,3,7,4,4,3,3,4
3,2,4,28,3,99,3,3,2,2,2,3,1,0,0,1,0,5,3,4,1,3,3,2,1,2,3206,4,6,1,1,1,7,1,6,7,2,5,7,2,1,1,4,3,2,3,7,1,1,1,5,6,2,3,4,2,6,1,3,4,7,1,5,4,2,1,5,2,7,1,7,1
1,1,2,29,1,4,4,1,1,3,11,1,4,0,0,4,0,2,2,3,1,5,5,6,4,3,3404,1,1,4,3,6,3,7,3,1,5,3,4,2,7,2,1,7,6,7,2,3,5,1,7,7,1,1,1,7,4,4,5,1,4,3,3,1,7,4,1,3,1,1,1,3
2,3,2,98,2,1,3,3,2,2,9,3,2,0,0,2,0,4,4,3,3,3,3,7,1,2,3210,3,7,4,4,1,4,4,4,1,1,4,4,4,4,4,4,4,4,4,4,1,4,4,4,4,4,4,7,1,4,4,4,4,7,4,4,4,7,1,4,4,4,4,4,4
3,2,4,98,2,88,1,4,1,2,2,1,1,0,0,0,1,3,2,1,5,3,3,1,1,1,3101,7,4,7,1,1,1,1,7,7,1,1,7,7,1,1,7,1,1,1,7,1,1,1,1,7,7,1,1,4,4,4,7,1,7,1,7,7,7,1,7,1,7,7,4,1
3,3,3,98,2,1,1,4,1,2,2,3,1,0,0,0,1,5,3,3,1,5,5,1,1,4,3402,1,7,1,1,1,7,1,7,7,1,1,7,7,1,7,7,1,1,7,7,1,1,7,1,1,7,1,7,1,7,1,7,1,7,1,1,7,7,1,1,1,7,7,1,7
1,1,2,97,1,12,4,2,1,4,13,2,3,1,0,2,0,2,2,4,1,5,5,7,4,3,3303,5,2,4,5,6,2,6,2,2,5,2,2,2,6,4,1,6,6,7,3,4,2,1,5,2,2,1,1,4,2,7,2,5,3,5,2,2,4,4,7,6,1,2,6,4
2,2,4,6,1,6,2,4,2,2,2,2,4,0,1,1,2,4,4,4,2,2,2,7,2,5,3611,2,7,3,3,1,1,1,3,7,1,3,3,3,1,1,3,4,4,2,1,3,4,3,4,7,4,1,3,5,1,4,5,7,1,5,1,5,1,7,7,4,4,1,7,1
2,2,2,1,1,1,3,3,2,2,11,3,2,1,0,1,0,4,3,3,1,5,5,6,1,2,3209,3,7,1,5,1,6,1,3,4,1,1,5,6,4,5,4,2,3,7,3,1,2,4,1,5,1,4,6,1,7,5,3,5,7,1,7,4,1,2,5,1,2,4,6,5
2,2,2,6,1,1,3,3,1,2,2,1,1,0,0,1,0,4,4,4,3,3,3,3,1,1,3101,7,3,5,5,7,3,6,4,5,3,3,7,4,6,3,6,3,5,6,3,3,4,5,2,7,1,7,2,5,5,7,3,6,6,3,3,4,2,3,3,3,2,6,3,4
3,2,2,24,1,24,3,2,1,4,11,1,3,0,0,2,1,4,3,4,3,3,3,3,2,2,3210,3,6,4,6,1,6,2,5,7,2,3,4,4,1,2,4,3,4,4,6,1,2,4,6,4,1,4,5,1,3,1,4,4,4,4,4,5,4,1,6,4,4,4,4,4
2,2,3,24,1,24,4,3,1,3,12,2,4,0,1,3,0,3,4,4,4,4,4,6,2,7,3709,2,7,1,1,1,1,1,4,7,1,1,7,7,1,4,7,1,1,1,7,1,1,4,1,7,7,7,4,1,4,1,4,4,7,1,4,4,1,1,7,1,7,4,7,1
2,3,2,31,1,31,3,4,1,2,2,2,2,0,0,0,2,4,4,4,1,1,4,8,1,5,3608,4,5,4,1,1,5,2,5,5,1,3,7,7,1,3,2,2,4,7,5,1,1,1,4,3,7,1,2,5,5,7,4,5,5,2,6,4,1,4,7,2,5,2,7,5
1,2,2,29,1,25,3,2,2,3,12,2,3,1,0,2,0,3,2,3,5,5,5,3,2,3,3307,5,4,1,5,1,3,1,5,5,1,4,6,4,4,1,3,4,3,4,4,1,3,2,4,7,4,2,2,4,2,4,4,5,4,3,3,3,2,2,5,4,3,4,5,2
2,2,3,98,2,1,2,4,2,3,2,4,1,0,0,1,0,4,4,1,2,2,4,5,1,4,3503,5,7,4,7,1,7,1,7,7,1,1,7,7,3,3,1,4,2,7,7,1,1,3,3,7,1,1,3,4,1,7,2,3,7,1,7,3,4,1,7,1,3,1,7,7
2,2,3,98,2,99,4,4,2,2,12,3,1,0,0,1,0,4,4,4,2,5,3,8,1,1,3101,7,6,2,1,2,3,1,5,5,3,4,5,2,1,3,7,2,2,2,7,2,1,1,6,7,1,4,6,2,3,3,4,2,7,1,4,2,2,2,4,4,6,5,2,1
3,2,2,666,1,70,3,4,2,2,2,3,1,0,0,0,1,4,3,3,4,3,3,6,1,7,3805,7,7,1,2,7,1,1,7,7,7,1,7,7,1,1,7,1,3,4,7,1,1,1,5,7,3,7,6,2,7,1,2,1,7,1,7,7,1,4,7,1,3,7,5,1
2,3,2,88,3,1,2,2,1,1,9,1,2,0,0,1,1,4,4,4,5,5,5,1,1,3,3405,7,7,1,1,1,7,1,1,5,3,1,3,3,1,4,7,1,1,1,4,1,1,1,3,1,3,3,4,1,7,7,7,7,4,1,4,7,1,1,4,1,7,7,1,1
1,2,2,1,1,1,3,3,1,2,2,2,2,0,0,2,0,4,3,3,1,5,5,6,2,8,3803,5,5,3,1,1,7,1,5,2,1,1,7,7,7,3,5,1,1,7,5,1,1,1,4,7,7,7,7,1,1,4,3,4,6,1,2,2,4,5,7,3,1,5,2,6
2,2,2,99,1,99,3,4,2,2,2,4,1,0,0,0,1,5,4,4,3,3,3,9,0,2,3211,3,7,1,1,1,7,1,7,7,1,4,7,6,1,4,7,1,1,1,7,1,1,7,7,7,6,7,7,1,1,1,3,4,7,1,7,5,7,1,7,1,7,7,4,4
3,2,4,9,1,9,3,4,1,2,2,3,2,0,0,0,2,4,4,4,3,5,1,7,1,4,3403,4,7,1,1,1,7,1,7,7,1,1,7,7,1,7,7,1,1,1,7,1,1,1,1,7,7,7,7,1,7,1,5,7,7,1,7,7,1,1,7,1,7,1,7,1
2,1,2,29,1,4,4,2,1,4,13,2,3,1,0,2,0,3,1,2,1,5,4,8,3,1,3101,7,3,3,4,4,2,1,5,3,2,3,5,3,7,3,1,6,5,7,3,3,3,2,4,2,3,2,1,6,2,5,2,5,5,3,3,2,3,7,7,5,3,5,4,4
2,2,2,24,1,24,1,2,2,3,2,1,2,0,0,2,0,4,3,3,2,5,4,7,1,8,3801,1,7,4,1,1,6,1,6,5,2,4,7,5,2,2,6,3,4,1,7,2,3,1,4,4,3,6,6,1,2,1,6,4,7,2,4,7,4,3,7,2,6,6,1,4
1,3,2,98,2,1,4,4,1,2,2,3,1,0,0,0,1,3,4,4,2,2,2,1,1,4,3503,4,3,1,1,1,7,1,7,1,1,1,7,1,7,7,7,1,1,4,7,1,1,7,1,7,1,1,4,7,7,3,3,3,7,4,3,2,3,4,5,3,3,1,5,3
2,3,2,29,1,99,4,2,2,4,10,1,2,0,0,2,0,4,3,4,1,5,5,4,3,7,3805,7,5,1,1,1,5,1,5,5,1,6,7,3,3,4,3,4,2,7,7,1,3,4,4,5,3,4,4,4,3,6,3,4,5,4,5,2,4,2,7,1,3,1,5,5
2,3,3,98,1,1,4,2,1,3,12,2,4,0,2,2,0,3,3,3,5,5,5,7,3,2,3211,5,6,2,2,1,7,4,5,2,1,3,6,3,1,2,4,3,3,3,2,1,3,3,2,3,7,2,6,4,2,7,3,4,6,3,5,3,1,2,6,2,5,2,6,3
2,2,4,98,3,99,2,4,2,3,2,3,1,0,0,0,1,4,4,4,1,1,1,5,1,4,3503,5,7,1,1,1,7,2,7,7,1,1,7,7,3,2,7,1,1,1,7,1,4,4,1,7,7,7,7,1,7,1,6,5,7,1,7,4,1,1,7,1,7,4,4,4
3,2,3,99,1,24,3,4,1,2,2,2,2,0,0,1,1,5,4,4,4,3,4,7,2,7,3711,1,7,1,4,1,7,1,7,7,4,1,7,5,1,4,7,1,1,4,7,1,1,4,4,7,7,4,7,1,6,2,4,4,7,3,4,4,7,2,4,4,7,4,4,4
2,3,3,28,1,24,4,2,1,3,12,2,4,2,0,2,0,3,2,1,1,5,5,9,3,6,3701,4,4,1,2,1,7,1,5,7,3,3,3,1,1,1,1,4,5,7,3,3,1,1,1,4,3,1,2,3,2,6,2,4,3,2,3,3,1,4,4,2,3,7,7,1
2,2,2,1,1,1,3,4,1,2,9,2,2,0,0,1,1,3,4,4,3,4,4,5,2,5,3606,6,5,3,1,1,6,3,2,2,1,1,5,2,3,3,4,1,1,1,4,1,3,3,1,4,6,6,3,3,4,7,5,3,7,1,4,5,1,4,7,3,4,3,5,2
2,2,4,1,1,1,4,2,1,3,9,2,3,1,0,2,0,3,2,3,1,5,5,7,2,3,3404,2,4,1,1,1,6,2,5,5,1,4,6,6,3,3,2,2,2,5,4,1,2,2,4,2,4,4,2,2,3,3,4,5,5,2,3,4,3,5,6,3,4,3,2,4
2,1,4,98,2,99,3,2,2,2,9,1,2,1,0,1,0,3,4,4,3,3,3,1,2,5,3605,4,4,4,4,4,4,4,4,4,4,4,4,4,4,4,4,4,4,4,4,4,4,4,4,4,4,4,4,4,4,4,4,4,4,4,4,4,4,4,4,4,4,4,4,4
1,1,3,97,2,12,6,1,1,4,12,1,2,0,0,2,0,2,1,4,1,5,5,6,5,1,3101,7,2,3,6,6,1,2,2,3,3,4,5,1,3,2,1,6,6,7,2,5,7,1,6,2,2,1,1,7,1,7,1,6,7,1,4,1,2,6,6,7,1,1,7,4
1,1,4,98,2,1,1,4,1,3,2,2,2,0,0,0,2,4,4,4,1,5,5,7,2,2,3201,2,5,2,1,1,1,1,3,4,4,1,5,5,2,4,2,5,2,6,5,3,6,4,4,5,6,1,4,3,1,6,4,6,5,3,2,1,2,4,4,5,3,1,2,2
2,3,3,98,1,99,3,2,2,3,11,1,1,0,0,1,0,4,2,3,2,5,5,1,1,5,3501,5,7,1,1,1,7,1,7,7,1,7,7,7,2,4,7,1,1,4,3,1,5,1,4,3,1,1,4,3,7,4,7,1,7,1,4,5,3,1,7,2,4,5,2,4
3,2,4,666,1,24,1,3,2,2,2,3,1,0,0,1,0,5,4,4,3,5,3,7,1,2,3203,4,7,1,1,1,4,1,7,7,1,1,7,7,1,4,7,4,1,1,7,1,4,4,1,7,1,7,7,1,7,1,7,4,7,1,7,4,7,4,7,1,7,7,1,4
2,1,2,28,1,12,3,4,1,2,2,2,2,0,0,0,2,3,4,4,1,1,5,3,1,5,3606,4,4,1,1,7,5,1,1,6,4,1,4,1,1,4,1,4,7,7,1,5,7,1,7,1,7,1,1,6,1,7,4,4,4,1,4,4,4,4,4,4,1,4,4,4
2,3,3,98,2,1,4,2,1,2,9,2,2,0,0,2,0,4,3,3,2,4,2,7,2,1,3101,7,4,1,1,4,1,1,4,5,2,3,7,5,4,4,3,4,2,1,1,3,1,2,1,3,5,1,4,3,4,6,7,2,1,4,1,3,1,2,7,3,4,4,2,4
2,2,3,24,1,24,3,1,1,2,9,1,4,0,0,4,0,4,3,4,4,5,4,5,3,6,3701,1,7,1,1,1,1,1,1,7,1,4,7,7,7,1,7,1,1,1,7,1,1,1,1,3,1,7,7,1,1,1,7,1,7,1,4,7,2,4,7,1,7,7,1,1
2,2,3,88,3,99,4,3,2,2,9,2,2,0,0,2,0,3,4,4,3,3,3,7,2,6,3304,4,4,4,4,4,4,4,4,4,4,4,4,4,4,4,4,4,4,4,4,4,4,4,4,4,4,4,4,4,4,4,4,4,4,4,4,4,4,4,4,4,4,4,4,4
2,2,3,1,3,9,3,4,1,3,2,2,2,0,0,0,2,4,3,3,3,3,3,5,2,3,3303,1,4,2,2,1,4,1,6,7,1,4,4,4,4,4,7,1,1,1,7,2,1,3,3,1,6,6,6,1,4,4,5,6,6,2,6,4,1,4,7,2,6,4,4,4
2,1,3,1,1,1,2,2,1,4,12,1,3,0,0,3,0,3,2,3,1,5,5,4,4,1,3101,7,4,3,5,3,2,3,3,4,2,1,3,3,3,1,3,6,4,7,3,3,2,1,3,2,2,2,2,4,2,6,2,5,3,3,4,5,3,4,4,5,2,2,5,2
1,2,3,29,1,12,4,2,1,4,12,2,2,0,0,2,0,2,2,4,1,1,1,7,2,7,3805,4,7,1,1,1,1,1,6,7,1,1,7,3,7,4,1,3,1,7,4,4,2,3,4,1,1,4,7,1,1,1,5,4,1,7,1,3,1,4,7,4,1,1,7,1
3,2,3,98,1,25,3,2,2,4,12,1,1,0,0,1,0,3,2,3,1,5,5,1,2,1,3101,7,6,3,5,3,1,6,7,4,2,3,5,3,6,4,4,6,1,3,5,1,4,1,1,2,7,2,7,1,6,4,2,3,5,1,5,5,5,1,4,4,6,4,5,5
2,3,2,98,3,1,4,3,1,2,7,3,3,1,0,2,0,3,4,4,1,5,3,9,3,1,3101,7,7,1,1,1,4,1,1,2,1,1,5,4,1,1,1,4,1,1,1,1,1,4,5,2,4,1,1,4,1,7,4,4,7,4,1,1,1,4,7,4,1,5,1,1
3,2,2,30,1,24,1,4,1,2,2,2,2,0,0,0,2,5,4,2,1,5,5,2,1,6,3713,5,7,3,1,2,4,1,7,7,1,1,7,1,4,7,7,1,1,3,4,1,2,4,1,6,5,7,5,1,4,2,3,2,7,1,7,7,1,2,7,1,6,1,7,3
3,2,3,1,1,1,1,4,1,2,2,2,3,0,0,1,2,4,4,4,2,4,4,1,1,5,3505,2,2,3,3,2,3,2,3,6,3,2,2,2,4,6,2,5,4,6,3,2,2,4,4,4,2,2,2,2,2,6,6,5,6,6,5,6,2,2,4,6,4,6,4,4
3,2,3,29,3,4,3,1,1,3,9,1,2,0,0,2,0,4,2,4,1,5,4,2,3,4,3503,4,5,7,3,4,6,1,4,4,2,3,5,3,4,3,5,5,3,5,4,1,4,3,4,1,3,4,4,4,6,3,7,2,6,4,3,6,5,3,7,4,4,3,5,5
2,3,4,29,1,99,4,2,2,3,10,1,4,2,0,2,0,3,2,4,2,5,5,4,3,6,3702,7,4,4,4,2,4,4,5,3,4,4,4,4,5,5,4,4,4,6,4,5,3,4,4,5,2,4,4,4,4,2,3,5,3,4,2,3,3,4,6,4,2,2,5,3
3,2,3,98,3,99,2,2,1,1,12,3,2,0,0,2,0,4,1,4,5,5,5,1,2,2,3204,5,5,5,5,3,6,2,4,6,2,4,4,5,2,3,3,5,4,6,4,3,1,3,5,3,5,2,2,5,4,3,6,5,6,3,4,7,2,3,6,3,3,6,6,3
3,2,3,29,3,24,3,4,2,2,2,3,1,0,0,0,1,4,4,4,2,3,3,3,1,5,3611,3,5,1,1,1,3,1,5,6,2,5,5,6,2,4,5,5,4,6,5,2,2,3,5,2,6,3,3,3,2,6,4,4,7,2,4,6,2,3,4,2,3,4,4,4
2,3,3,88,1,99,3,2,2,4,10,2,3,1,0,2,0,3,3,4,3,2,4,3,2,2,3201,1,4,4,4,4,4,2,4,4,4,4,4,4,4,4,4,4,4,4,4,4,4,4,4,4,4,4,4,4,4,4,2,4,4,3,4,4,3,4,4,4,4,4,6,3
2,1,2,28,1,12,4,4,1,4,2,4,1,0,0,0,1,3,3,4,2,4,4,8,2,1,3101,7,2,2,4,2,4,6,5,3,2,3,5,2,2,4,1,5,3,7,2,3,4,6,3,3,5,1,2,6,2,6,2,4,5,2,5,3,2,2,6,2,1,4,2,2
2,2,3,98,2,99,4,3,2,4,10,1,2,0,0,1,1,3,4,4,2,3,4,9,3,1,3101,7,5,3,1,1,5,3,7,5,1,4,6,2,3,3,2,2,1,2,6,2,2,3,1,1,1,1,1,4,4,7,4,3,6,4,7,1,2,4,7,1,4,3,4,7
2,3,2,98,2,1,4,3,1,4,12,3,1,0,0,1,0,3,3,4,2,4,4,7,3,2,3206,4,6,1,1,1,1,1,5,2,1,1,4,4,7,4,2,4,4,7,4,4,2,4,1,2,7,1,2,4,2,6,4,4,4,6,4,4,2,4,4,4,4,4,4,2
3,2,3,28,1,1,2,2,1,3,12,2,4,2,0,2,0,5,4,3,2,3,5,8,1,6,3712,4,7,2,1,1,5,1,6,4,1,2,7,7,4,4,1,1,1,1,6,1,1,3,1,1,4,1,4,2,7,3,6,4,6,4,4,6,4,1,7,1,7,1,7,4
2,2,3,98,2,88,3,1,2,3,12,1,2,0,0,2,0,4,1,4,1,5,5,8,3,6,3712,2,4,3,4,1,4,4,3,1,3,2,4,3,3,4,4,4,3,4,4,3,4,3,5,6,4,3,4,3,3,4,4,5,4,4,4,4,4,4,4,4,4,4,4,4
3,2,3,99,1,99,3,1,2,4,11,1,2,0,0,2,0,4,3,4,1,5,5,5,1,7,3805,7,6,1,3,2,1,1,7,5,1,4,4,4,1,5,4,3,3,5,3,2,3,1,4,4,3,1,4,5,5,7,6,6,7,4,6,3,3,4,7,3,3,1,5,6
2,2,2,1,1,1,4,4,1,3,2,2,2,0,0,0,2,4,3,3,1,3,2,7,2,7,3810,1,3,3,3,3,6,1,4,4,3,7,6,5,2,4,7,3,3,5,5,1,1,3,3,5,2,6,3,3,4,6,3,6,6,1,2,2,2,4,4,2,3,3,7,2
3,3,2,6,1,64,1,2,1,2,9,1,6,1,0,3,2,5,3,4,1,5,3,8,3,7,3705,1,2,1,4,1,1,1,7,4,3,2,5,5,2,7,4,2,1,2,4,1,2,4,1,3,1,4,3,1,7,6,7,5,5,4,1,1,7,3,7,1,5,3,2,1
2,2,2,98,3,88,4,4,1,3,2,2,3,0,0,1,2,3,4,2,1,5,3,8,1,3,3401,3,7,1,1,1,1,1,4,7,1,1,7,7,3,4,7,4,4,4,7,1,4,4,3,1,7,4,4,4,4,1,4,5,4,4,7,4,1,4,7,2,4,1,7,4
2,2,3,29,1,4,4,1,1,3,11,1,2,0,0,2,0,3,2,4,1,5,5,8,1,3,3308,1,5,5,1,1,5,1,7,7,3,7,4,7,7,5,5,5,5,7,5,1,3,3,5,1,1,1,3,1,3,5,4,3,7,3,1,1,4,1,7,1,3,1,7,3
1,2,4,98,2,1,2,1,1,3,12,2,4,2,0,2,0,3,1,4,1,5,5,2,2,8,3804,1,4,1,1,1,2,1,2,1,1,1,5,2,1,3,2,2,1,3,3,2,2,1,3,1,7,5,4,5,2,2,4,5,7,3,2,5,4,2,7,4,7,2,6,1
2,3,3,98,2,64,5,2,1,4,10,1,2,0,0,2,0,3,1,3,1,5,5,8,4,1,3101,7,6,1,5,5,4,1,2,6,3,3,7,3,3,5,1,1,3,7,3,1,6,4,1,3,7,2,5,5,6,2,3,5,7,4,6,2,6,4,7,4,2,5,3,6
1,3,3,97,3,88,4,2,1,3,10,2,2,0,0,2,0,2,1,1,1,5,5,9,5,6,3703,2,3,3,6,4,1,3,4,3,4,1,3,2,2,2,2,5,4,4,1,1,2,1,3,3,2,2,3,4,2,7,2,2,5,1,2,2,3,5,7,2,1,2,3,2
3,2,4,98,3,99,1,4,1,2,2,3,1,0,0,0,1,5,4,4,2,1,1,1,1,3,3302,1,7,1,7,1,7,1,7,7,7,1,4,4,1,4,1,4,1,4,7,1,4,1,4,1,4,7,7,1,7,1,7,7,7,1,7,7,4,7,7,4,4,3,7,7
3,3,2,31,3,99,2,3,1,2,2,3,2,0,0,2,0,4,3,4,1,5,4,7,1,3,3307,2,5,5,3,2,4,2,4,4,1,6,5,3,3,2,2,4,3,6,3,2,3,2,3,4,2,1,2,4,4,2,5,5,5,5,5,6,4,4,6,4,3,3,3,2
3,2,3,24,1,24,2,3,2,2,2,3,2,0,0,2,0,4,4,4,3,3,5,4,1,4,3502,3,3,1,1,1,7,1,7,7,1,7,7,7,3,1,7,1,1,1,7,1,1,1,7,7,4,7,7,1,7,1,4,3,7,5,7,3,7,1,7,1,7,1,7,4
2,1,2,88,1,88,1,2,1,2,11,1,1,0,0,1,0,3,3,3,1,5,5,4,1,1,3101,7,3,3,2,5,3,1,5,5,4,2,3,3,3,1,3,5,3,4,3,3,5,2,3,2,1,2,2,6,3,7,4,3,7,4,2,5,3,4,3,3,3,2,4,2
3,3,3,98,2,24,3,4,1,2,2,2,4,0,0,3,1,3,4,4,5,1,1,9,1,2,3204,5,4,4,4,4,4,4,4,4,4,4,4,4,4,4,4,4,4,4,4,4,4,3,3,4,4,4,4,4,4,4,4,4,4,3,4,4,3,3,3,4,4,4,4,4
1,2,3,29,1,4,4,2,2,4,12,2,2,0,0,2,0,3,3,4,2,5,5,7,3,6,3712,5,3,2,1,2,2,1,3,3,2,2,3,1,7,3,3,4,2,5,3,3,7,2,4,4,1,2,3,3,1,3,3,3,3,4,3,4,3,4,4,3,3,3,4,5
3,2,2,98,2,24,2,4,2,3,2,2,2,0,0,1,1,4,4,4,1,1,1,9,5,8,3807,3,7,1,1,1,1,1,7,7,1,1,5,3,4,7,4,1,1,1,7,1,1,1,1,7,7,7,7,1,3,1,4,1,7,1,7,4,7,4,7,1,7,5,3,1
3,2,3,98,3,1,2,2,1,1,9,2,5,3,0,2,0,5,4,4,3,4,3,1,1,7,3705,4,7,1,2,1,1,1,1,5,1,4,1,5,1,3,4,3,1,1,7,1,3,3,4,5,3,4,7,1,3,3,7,4,7,1,7,7,7,1,5,1,7,7,7,5
2,2,3,28,3,25,2,3,2,3,10,2,4,0,0,4,0,3,3,4,2,4,4,7,3,2,3210,2,6,3,1,1,7,1,6,5,1,7,6,6,3,4,4,5,2,4,4,2,3,1,2,6,1,3,5,2,1,6,5,5,7,1,7,6,2,3,5,4,4,3,6,6
2,2,3,1,1,1,2,3,1,3,11,2,4,0,0,4,0,4,3,4,2,4,4,7,3,4,3403,4,5,1,2,2,6,2,6,6,2,2,7,6,3,1,6,2,2,3,6,2,3,1,1,4,5,7,4,3,1,3,6,2,7,2,6,2,2,4,5,4,4,3,2,5
1,3,3,29,1,4,4,1,1,4,1,1,4,0,0,4,0,3,2,4,2,5,5,7,4,2,3201,1,3,6,5,4,3,2,4,4,4,4,5,3,2,4,5,5,4,5,3,3,3,4,3,3,3,3,3,5,5,6,3,3,5,4,4,5,2,4,5,4,3,2,3,4
3,2,3,28,2,10,2,3,1,2,9,2,2,0,0,2,0,5,4,3,1,4,3,7,1,3,3405,4,7,1,4,1,4,1,1,4,1,6,7,4,1,1,7,1,1,2,7,1,6,1,4,1,7,6,7,1,3,1,5,2,7,1,4,7,4,1,7,3,7,4,4,7
2,3,3,98,2,64,3,4,1,3,2,2,1,0,0,0,1,3,4,4,1,5,5,6,1,1,3101,7,7,1,1,1,7,1,7,7,1,1,7,7,1,1,1,7,1,7,7,1,1,1,1,7,7,1,1,7,1,7,1,7,7,1,1,1,4,1,7,1,1,1,7,1
2,2,3,1,1,1,2,3,2,3,10,3,2,0,0,1,1,3,4,4,5,4,5,6,2,3,3301,7,4,4,4,1,1,1,5,7,4,1,7,7,1,4,1,4,1,1,7,1,5,1,1,7,1,4,4,4,1,7,4,4,1,1,4,4,4,1,4,4,1,1,4,1
2,2,2,88,1,99,3,4,1,3,2,2,2,0,0,0,2,4,3,4,4,4,4,7,2,2,3205,3,3,1,2,2,2,1,5,3,1,1,3,3,3,4,2,2,1,3,1,1,3,3,2,6,3,2,1,1,2,7,3,3,6,1,3,4,2,2,4,2,3,2,3,3
3,2,4,666,1,88,3,4,1,4,3,3,2,0,0,0,2,5,4,4,3,3,4,1,1,2,3210,3,4,3,1,4,4,4,7,1,1,1,1,1,6,4,1,4,5,1,7,5,2,4,4,1,1,5,6,7,2,4,5,1,7,5,2,5,4,5,6,6,4,5,3,5
1,2,3,98,3,1,6,2,1,3,8,1,3,2,0,1,0,1,1,1,1,1,1,9,5,4,3510,3,5,4,4,1,4,5,5,6,5,6,6,5,6,5,4,3,6,4,6,5,5,5,7,6,3,6,7,4,7,4,1,7,1,5,7,1,6,7,7,5,7,7,7,6
1,2,3,98,1,1,2,2,1,2,2,1,3,0,0,2,1,3,3,3,4,4,4,1,1,5,3610,4,5,4,4,3,4,3,4,4,3,4,4,3,4,3,4,4,3,4,4,4,4,4,4,4,4,3,4,4,4,4,3,3,3,3,3,3,4,4,3,3,3,3,3,3
2,2,3,98,1,31,1,4,2,2,2,4,1,0,0,0,1,4,3,4,1,1,1,3,1,6,3304,3,5,1,1,1,7,1,1,6,2,1,7,7,1,1,1,5,1,7,7,3,1,7,7,4,1,1,1,7,1,7,7,1,6,1,7,5,1,2,7,1,6,7,1,1
2,2,4,98,2,99,4,2,2,2,11,1,4,1,0,3,0,3,4,4,1,5,5,2,4,6,3702,7,7,4,2,1,6,1,2,7,2,7,7,7,3,4,1,3,2,1,5,1,3,3,4,2,6,4,7,1,2,1,2,3,7,1,4,4,2,3,5,4,7,1,7,4
1,1,2,98,1,1,5,2,2,2,9,3,5,1,2,2,0,4,4,4,5,4,5,2,2,5,3605,3,2,4,4,4,3,3,3,3,4,3,4,4,3,2,4,2,3,2,2,3,4,6,2,4,3,3,6,2,3,3,3,2,4,4,4,5,4,3,5,4,4,4,3,2
2,2,3,98,2,4,3,1,2,2,11,1,2,0,0,2,0,3,2,4,1,5,5,3,2,5,3504,5,7,7,5,1,7,1,7,7,1,7,7,7,7,1,4,7,4,7,7,1,3,1,7,6,1,5,7,1,7,1,7,5,7,1,5,7,7,1,7,1,4,1,3,1
2,3,3,88,3,99,4,1,2,3,10,1,2,0,0,2,0,3,2,3,4,5,5,9,2,6,3702,7,4,3,4,1,4,3,4,4,1,4,4,4,4,3,5,4,4,4,4,4,4,4,4,2,1,1,4,5,4,5,3,2,4,4,4,4,4,4,7,4,4,2,5,2
2,2,4,98,2,24,4,3,1,2,2,1,2,0,0,1,1,3,4,3,3,3,2,4,2,6,3713,5,7,1,4,1,4,1,1,7,1,1,7,4,4,1,7,7,1,1,7,1,1,1,1,7,4,7,7,4,1,1,4,4,4,4,6,4,7,2,7,1,7,2,6,4
1,3,2,1,1,1,5,4,1,4,2,2,2,0,0,0,2,3,3,4,1,5,5,7,2,5,3501,4,4,1,1,1,2,1,2,2,1,1,6,2,2,3,1,3,3,4,2,1,2,5,1,2,6,4,6,1,1,3,2,5,4,6,3,2,3,4,7,3,4,1,7,3
2,2,3,31,1,31,5,2,1,3,10,1,2,0,0,2,0,3,3,4,1,5,5,6,3,6,3702,7,5,4,5,4,3,7,4,1,1,3,6,1,1,3,1,7,4,7,7,3,7,4,7,1,1,1,3,7,4,4,4,4,5,4,1,1,2,4,7,4,1,3,5,4
2,2,2,24,1,24,3,4,2,2,2,3,2,0,0,2,0,4,4,4,1,4,3,6,1,2,3209,3,7,1,4,4,6,1,7,7,4,2,7,6,1,1,7,1,1,1,7,1,1,7,1,7,3,7,7,1,6,1,5,6,6,1,6,5,1,1,6,1,7,2,7,3
2,2,3,6,1,25,4,4,2,2,2,2,2,0,0,0,2,4,4,3,2,1,2,6,2,3,3401,3,4,2,1,1,5,3,5,6,1,4,6,5,3,3,5,4,3,6,5,2,3,2,3,4,3,2,3,4,2,4,4,4,6,3,5,3,3,4,5,3,3,4,4,4
3,2,2,98,3,12,2,3,1,3,11,3,2,0,0,2,0,4,4,4,1,5,5,7,2,7,3805,4,7,1,1,1,4,1,6,4,1,2,6,7,1,3,7,3,4,1,4,1,1,5,4,4,2,4,7,1,4,7,3,4,7,1,3,7,6,2,7,2,7,4,5,1
2,2,4,98,1,24,3,2,1,2,8,1,2,0,0,2,0,3,3,4,2,5,5,9,2,2,3209,4,4,1,3,1,1,1,7,7,1,7,7,4,7,4,7,4,4,1,7,1,4,4,1,1,1,7,7,1,7,1,3,4,7,1,3,3,1,1,7,1,7,3,7,1
2,1,2,1,1,1,3,4,2,3,2,4,2,0,0,1,1,4,3,3,1,4,5,6,2,3,3301,1,3,4,4,3,3,5,4,3,3,3,4,3,6,4,3,5,4,7,3,3,3,3,3,5,2,1,3,3,4,5,4,5,4,5,3,5,3,3,3,4,1,3,5,4
2,3,4,28,1,99,4,1,2,3,1,1,3,1,0,2,0,3,2,4,1,5,5,5,2,8,3807,7,3,7,4,3,1,5,5,5,4,4,4,3,1,4,4,4,4,7,4,4,4,1,4,6,1,1,1,4,4,7,4,4,4,4,4,2,4,4,7,4,4,3,2,4
2,2,3,98,2,1,3,4,1,3,2,2,2,0,0,0,2,4,3,2,4,5,4,7,1,3,3302,4,7,1,3,1,7,1,7,7,1,1,7,7,1,4,7,1,3,1,7,1,1,4,5,7,4,4,7,1,7,1,4,5,7,1,5,4,4,1,7,1,7,2,7,4
3,2,3,98,1,70,2,2,2,3,12,1,2,1,0,1,0,4,2,4,3,5,3,7,1,1,3101,7,6,2,2,1,2,1,4,7,1,4,4,4,1,2,5,4,4,4,6,3,4,4,7,6,4,4,6,2,4,1,4,5,5,3,4,7,4,3,7,5,4,4,7,5
2,2,2,98,2,24,2,1,2,3,11,1,2,0,0,2,0,4,3,3,2,5,5,1,3,3,3404,5,7,1,1,1,5,2,1,7,1,1,7,7,1,2,7,4,1,1,7,1,1,2,4,1,7,7,7,1,6,2,6,2,7,1,3,7,6,4,7,4,7,6,5,7
2,3,4,98,2,64,4,3,1,2,9,3,2,0,0,2,0,4,4,4,1,1,3,7,2,6,3706,1,7,1,1,1,7,1,7,1,1,1,4,3,1,4,1,1,3,4,7,1,4,1,3,3,7,1,7,1,1,4,4,5,4,1,4,5,4,4,4,4,4,4,4,4
3,2,3,99,3,70,4,3,1,4,12,3,1,0,0,1,0,4,3,4,1,1,1,6,2,6,3702,7,2,3,1,1,6,1,1,4,1,1,7,5,1,1,7,1,1,1,7,1,1,1,7,5,1,3,1,3,4,2,3,3,7,1,1,1,7,1,7,1,7,7,6,5
1,1,2,29,1,4,5,4,1,2,2,2,1,0,0,1,0,2,4,4,3,3,3,8,3,8,3807,7,3,4,4,2,3,1,3,2,1,2,4,2,4,1,3,4,2,4,2,2,1,1,3,2,2,3,2,4,1,4,2,3,3,3,1,1,2,2,2,4,4,1,6,1
2,2,2,24,1,24,3,4,2,1,9,3,1,0,0,1,0,4,4,4,4,3,5,6,1,5,3604,1,7,1,1,1,5,1,7,4,1,5,6,7,2,1,7,4,3,2,4,1,1,2,1,6,1,5,7,1,5,1,4,4,7,4,6,4,4,1,4,2,4,4,4,4
2,2,3,22,2,4,3,1,2,4,12,1,4,0,0,4,0,3,3,4,1,5,5,9,3,8,3804,1,4,3,2,1,5,1,6,6,1,1,7,3,7,1,1,5,1,3,4,1,4,1,7,5,3,4,6,3,1,4,4,4,7,1,3,3,4,3,7,2,2,2,3,1
2,2,3,98,1,1,3,4,2,2,2,4,1,0,0,0,1,3,4,4,4,2,4,3,1,5,3611,1,7,3,3,1,2,2,7,3,1,1,7,7,1,4,7,2,4,1,6,1,1,1,2,1,3,7,6,2,7,1,6,1,7,3,7,2,1,7,7,1,7,2,2,3
3,2,3,29,1,99,1,2,2,3,12,1,1,0,0,1,0,5,3,4,1,5,4,1,1,5,3610,3,4,4,4,1,1,1,1,7,1,1,7,1,1,2,7,4,4,2,6,1,1,1,4,7,1,4,3,1,1,1,1,7,7,1,4,7,5,1,7,1,7,2,1,1
2,3,3,98,3,1,4,2,2,3,9,1,5,0,0,3,2,3,4,3,1,4,3,7,2,5,3501,2,4,5,4,3,4,4,4,5,3,4,4,3,2,4,4,5,4,4,4,2,4,2,3,4,3,4,4,5,4,4,5,4,4,2,4,4,4,3,4,4,4,4,4,4
2,3,4,99,1,64,3,4,1,3,2,4,1,0,0,0,1,4,4,3,3,3,1,1,1,8,3806,4,7,1,2,1,6,1,5,7,1,3,5,7,1,5,7,2,3,3,7,2,3,5,2,4,7,4,7,1,6,3,4,3,5,6,7,5,3,1,7,2,6,7,3,2
3,3,4,98,2,99,2,4,2,2,2,2,2,0,0,0,2,4,4,4,1,5,3,2,1,5,3606,3,4,1,4,1,4,1,4,3,1,1,4,4,1,1,1,4,1,7,4,3,4,3,4,3,1,4,3,4,1,7,4,4,7,1,4,5,1,1,7,4,4,1,4,4
2,2,3,98,2,99,6,1,2,3,4,2,4,2,0,2,0,3,3,3,3,3,3,1,1,1,3101,7,1,4,2,6,5,5,7,3,4,5,5,4,3,6,3,4,4,4,4,3,4,6,6,6,3,6,4,4,4,5,3,2,2,6,5,3,3,4,5,5,3,2,6,5
2,2,3,98,1,24,3,4,2,2,2,2,5,2,0,1,2,3,4,4,1,5,2,7,3,6,3706,5,4,4,1,1,4,4,5,4,1,1,7,7,7,4,7,4,1,1,7,1,1,4,1,2,4,7,4,2,7,1,3,6,4,1,1,1,1,2,5,2,7,1,7,4
1,2,2,29,1,4,4,2,1,3,11,2,3,1,0,2,0,3,1,2,1,5,5,6,2,5,3504,1,6,3,3,2,3,2,6,4,3,3,6,3,3,2,4,4,3,7,5,2,4,2,2,3,2,3,4,3,3,3,4,4,6,3,3,3,4,4,6,3,4,1,6,3
2,2,2,98,2,88,2,2,1,2,12,2,6,4,0,0,2,3,4,4,3,3,3,6,4,3,3405,7,3,3,3,3,3,3,3,3,2,3,3,3,6,2,3,3,3,3,3,4,3,3,2,3,2,3,3,4,3,3,3,3,3,2,3,3,3,3,3,6,3,2,2,5
2,2,3,99,1,1,3,3,2,2,9,2,4,0,0,4,0,3,4,3,3,3,3,7,3,3,3401,1,4,1,1,1,6,1,7,7,1,2,7,4,1,7,7,4,3,1,2,2,5,5,6,4,2,2,7,1,3,4,2,5,3,4,4,4,5,2,7,5,4,3,3,4
2,2,2,98,1,1,3,3,1,2,9,2,2,0,0,2,0,4,3,3,2,5,5,9,5,1,3101,7,5,1,4,4,5,1,7,3,4,4,6,1,1,3,4,3,4,1,4,1,4,1,1,5,1,5,7,1,7,4,5,4,6,4,3,4,2,4,4,6,7,4,6,3
2,2,3,98,3,99,3,1,2,4,1,1,3,0,0,2,1,3,3,4,1,5,5,8,1,1,3101,7,3,3,5,1,3,2,7,6,1,4,6,4,7,3,4,3,4,5,3,1,1,1,1,4,1,4,6,1,5,2,7,3,7,1,3,2,5,4,7,1,4,3,3,4
2,2,2,31,1,31,5,4,1,3,2,2,2,0,0,1,1,4,3,3,1,5,5,9,2,7,3805,7,1,4,1,1,5,1,2,4,1,2,7,7,6,3,1,7,3,7,6,1,4,5,1,1,5,1,1,2,4,6,3,2,3,7,1,4,7,1,7,1,1,1,5,6
3,3,4,98,2,9,1,4,1,4,13,2,2,0,0,1,1,3,4,2,3,1,3,6,1,1,3101,7,7,7,1,1,7,1,7,7,1,1,1,7,7,1,7,1,1,1,7,1,1,1,1,1,1,7,7,1,7,1,7,1,7,1,7,7,7,1,7,1,7,7,1,1
2,3,4,98,1,1,5,3,2,3,12,3,1,0,0,1,0,3,4,3,2,3,3,6,2,4,3402,5,3,5,6,2,4,5,6,5,1,1,6,5,3,2,2,3,4,6,6,3,7,1,7,5,1,2,2,7,3,6,2,5,5,3,3,2,1,4,6,4,4,2,6,6
2,2,3,1,1,1,3,4,1,2,2,2,3,0,0,1,2,4,3,3,2,1,3,6,3,3,3308,1,5,2,2,2,6,1,6,3,4,2,6,4,3,3,4,4,3,2,6,2,2,2,3,5,3,2,6,7,2,6,4,4,5,3,4,5,3,3,5,4,6,3,4,4
2,3,4,97,2,99,2,2,1,3,12,1,2,0,0,2,0,3,3,3,1,5,5,7,3,7,3705,4,4,3,4,4,5,3,5,4,3,2,5,4,4,1,1,4,3,7,4,1,3,1,2,4,1,4,5,4,1,4,3,2,3,2,2,3,4,4,4,2,1,4,5,5
2,2,3,28,1,99,3,2,2,3,7,1,1,0,0,1,0,3,2,3,1,4,3,7,1,1,3101,7,2,3,1,1,5,1,6,6,1,1,7,3,6,3,2,2,3,7,5,3,5,3,5,4,2,3,1,6,2,7,5,5,6,4,7,3,1,6,7,6,2,5,3,7
2,3,4,97,3,6,3,2,1,2,9,1,1,0,0,1,0,3,4,4,3,3,3,1,2,8,3803,5,1,4,3,1,3,1,3,1,1,1,1,1,3,1,4,2,2,1,1,1,1,1,1,1,1,1,1,1,1,1,4,2,2,3,3,4,4,4,3,3,4,3,4,3
3,2,3,98,2,64,1,1,1,1,12,1,3,2,0,1,0,4,1,1,3,3,3,6,1,8,3802,5,7,1,1,1,1,1,1,1,1,1,7,7,7,7,7,1,1,7,7,1,1,1,7,1,7,1,7,1,7,1,7,1,1,7,1,7,7,1,7,1,7,1,7,1
2,3,2,1,1,99,3,4,1,3,2,2,2,0,0,0,2,4,3,4,5,5,5,4,2,4,3510,7,5,1,1,1,2,1,7,7,1,1,7,4,4,4,7,1,2,1,5,1,3,3,1,4,7,5,3,1,2,3,2,3,7,1,4,3,1,2,7,1,7,1,5,4
2,2,2,28,1,10,4,3,2,3,10,2,2,0,0,2,0,3,4,3,1,3,5,7,2,6,3706,3,7,1,1,1,6,1,5,5,1,2,6,2,1,4,4,4,3,3,5,2,3,3,5,5,2,2,7,1,3,7,3,5,6,1,3,2,1,3,7,4,5,3,7,3
1,1,4,98,2,64,6,4,1,2,11,2,2,0,0,2,0,3,4,4,1,5,5,6,4,5,3609,4,5,7,5,1,4,4,5,5,2,3,6,4,4,1,4,3,4,7,3,2,4,1,6,7,7,1,2,6,5,7,3,7,4,2,4,1,2,5,7,4,4,1,5,3
2,3,2,1,1,1,4,3,2,3,13,1,2,0,0,2,0,4,3,3,2,3,4,7,2,8,3802,5,5,4,1,1,5,1,7,2,1,7,7,7,1,4,6,4,2,1,5,1,2,3,4,6,5,5,6,2,5,6,4,4,5,4,4,5,3,2,7,2,7,3,4,5
3,2,3,24,1,99,3,3,1,3,12,2,4,1,0,3,0,4,3,4,1,5,5,9,3,5,3504,4,7,1,1,1,2,1,4,3,1,2,3,5,3,5,1,4,2,2,2,1,1,7,1,3,1,1,2,6,1,7,5,2,7,2,5,4,2,1,7,2,7,7,4,4
3,2,3,22,1,99,3,4,2,2,10,3,1,0,0,1,0,4,4,4,5,5,3,9,1,5,3607,4,6,1,1,1,1,1,6,7,1,1,7,2,2,2,4,2,1,4,5,1,2,3,4,3,5,6,6,1,1,1,4,4,7,3,2,4,1,4,7,1,4,2,4,1
2,2,2,1,1,1,3,4,1,3,2,2,2,0,0,0,2,3,4,4,1,5,4,7,2,2,3203,4,3,4,5,4,3,1,5,7,2,2,7,3,3,2,4,1,2,1,7,1,1,2,2,4,4,6,4,1,4,6,3,4,7,2,6,2,5,3,4,1,7,3,3,4
2,3,3,29,1,99,4,1,2,3,12,1,2,0,0,2,0,3,3,4,1,5,5,8,3,6,3702,7,4,3,4,4,2,4,4,3,3,4,3,3,2,4,3,3,4,1,3,4,4,1,4,4,3,3,3,1,3,4,3,3,4,4,3,4,4,3,3,3,3,3,3,3
2,2,3,98,2,23,3,2,2,3,4,2,7,2,1,3,1,4,2,2,1,5,5,7,3,1,3101,7,3,7,1,7,1,1,7,7,7,2,2,7,4,3,7,3,1,4,4,2,3,3,3,1,1,7,5,1,3,7,4,5,7,7,7,7,3,1,5,3,4,5,2,2
2,2,3,98,3,99,6,1,2,2,3,3,2,1,0,1,0,1,1,1,4,1,2,1,4,7,3809,1,7,3,7,6,3,3,4,4,2,6,5,4,6,3,4,5,5,6,6,1,2,1,4,5,6,5,5,5,6,6,2,4,3,4,6,5,4,1,7,5,5,5,3,3
2,2,2,98,1,1,2,4,2,2,2,2,4,0,0,2,2,3,4,4,4,3,2,8,3,6,3702,7,6,1,1,1,2,3,6,5,1,2,5,3,3,4,4,2,2,2,5,1,2,2,2,3,5,6,6,1,6,2,4,5,6,1,4,5,4,1,7,5,4,2,5,3
2,2,4,1,2,64,4,4,2,2,2,3,1,0,0,0,1,3,4,4,2,3,3,2,1,2,3212,1,7,5,3,1,1,1,7,7,1,3,5,7,5,1,7,1,3,1,7,1,1,1,1,6,7,7,3,1,7,1,3,3,1,1,1,3,1,1,7,1,7,1,3,3
2,2,3,28,1,12,4,1,1,2,9,1,3,1,0,2,0,3,3,4,1,4,4,2,2,2,3207,1,5,2,5,1,7,1,7,7,1,5,7,4,1,1,7,4,1,7,7,1,1,1,4,1,1,4,7,1,1,4,3,1,4,7,1,4,1,4,2,4,2,2,5,4
1,1,2,88,1,1,5,4,1,2,2,2,2,0,0,0,2,3,3,4,2,5,5,7,2,6,3714,1,4,1,1,2,2,2,2,5,2,1,4,5,7,6,1,4,2,3,2,4,4,7,1,1,7,1,1,2,2,7,2,6,3,7,6,3,1,4,2,1,4,2,4,5
3,2,4,98,3,99,1,3,2,2,9,3,3,0,0,3,0,5,4,3,3,3,3,9,1,2,3201,4,5,1,3,1,4,2,1,7,2,4,4,7,1,4,4,4,4,4,7,1,4,4,4,4,4,4,4,1,4,4,7,3,7,1,5,4,7,1,7,1,4,4,1,4
1,2,4,97,2,12,3,2,1,3,12,3,8,6,0,2,0,5,3,3,2,5,4,1,1,6,3712,5,5,7,5,6,6,5,7,3,3,5,5,4,4,6,6,4,5,5,2,4,4,6,5,7,6,7,4,6,6,3,3,4,5,6,5,3,4,6,4,5,4,2,4,6
2,2,3,1,1,1,3,3,1,3,7,2,3,0,0,3,0,3,3,4,2,5,5,8,3,4,3507,1,3,3,1,1,4,3,6,3,2,3,6,3,4,3,4,3,3,4,4,3,3,3,4,5,4,4,4,4,2,4,4,4,4,3,4,4,4,4,4,4,4,5,4,3
2,2,3,1,2,64,3,4,2,2,2,3,2,0,0,0,2,5,4,4,1,1,1,8,1,5,3603,3,3,1,1,1,7,1,5,7,1,4,7,4,4,2,4,4,4,1,4,1,1,3,4,7,3,4,4,4,2,4,4,7,4,3,2,4,1,3,7,1,6,1,7,1
2,3,3,98,2,99,3,3,1,2,2,3,1,0,0,1,0,3,4,4,4,3,3,1,1,4,3502,5,7,7,7,7,7,7,7,7,7,7,7,7,7,7,7,7,7,7,7,7,7,7,7,7,7,7,7,7,7,7,5,1,4,1,4,5,1,1,1,7,5,1,4,5
2,2,3,1,1,1,3,2,2,3,7,1,1,0,0,1,0,3,2,3,1,5,5,7,1,2,3209,1,4,1,1,1,7,1,7,7,1,7,2,1,7,1,1,1,1,1,7,1,1,1,1,7,1,4,7,1,1,1,4,4,7,1,4,4,5,1,7,1,4,1,7,3
2,2,3,98,3,1,3,3,2,3,11,3,4,0,1,3,0,3,3,4,1,5,5,7,2,7,3809,1,6,1,1,1,4,1,4,4,4,4,4,5,3,4,1,4,3,5,6,3,4,2,4,4,1,4,4,1,4,4,5,3,6,3,4,6,4,4,6,4,4,3,4,4
2,2,3,28,3,10,3,3,2,3,10,2,3,0,0,3,0,3,1,2,2,4,4,8,3,4,3507,1,3,4,1,1,4,3,3,4,4,3,5,2,3,3,7,4,2,4,4,2,3,3,4,5,3,4,3,4,3,4,4,4,5,2,4,3,4,4,4,4,4,4,4,4
2,2,3,98,2,24,2,1,1,1,13,2,2,0,0,2,0,3,3,3,2,5,5,7,2,2,3211,4,5,1,1,1,5,1,2,5,1,2,7,4,5,3,7,4,3,1,4,3,4,3,4,3,6,4,4,3,5,1,3,4,4,1,7,7,3,2,7,4,4,3,5,4
2,2,2,9,1,99,4,4,1,2,2,2,2,0,0,0,2,3,4,4,1,5,2,6,2,2,3203,6,5,2,1,1,5,5,6,3,1,3,7,4,2,5,7,2,2,1,7,1,1,4,2,2,5,7,6,1,3,2,3,4,7,1,4,1,3,4,7,1,7,4,7,4
2,2,2,1,1,1,3,4,1,2,2,2,3,0,0,2,1,4,4,4,5,5,3,7,1,6,3702,7,7,1,1,7,1,1,7,7,1,1,7,7,7,7,1,7,1,1,7,1,1,1,5,2,7,7,7,1,3,7,3,7,6,1,1,4,1,1,7,1,7,2,7,4
2,2,3,98,2,64,4,4,2,2,2,2,2,0,0,0,2,4,4,4,2,3,2,8,2,7,3711,4,6,1,3,1,7,2,6,5,1,2,2,4,4,5,3,4,1,3,5,1,4,4,1,5,6,5,5,1,4,6,5,6,6,4,7,3,2,3,5,1,6,7,2,4
2,2,3,28,1,23,3,1,1,4,12,1,2,0,0,2,0,4,2,2,1,5,5,2,2,3,3404,1,4,1,3,1,3,2,7,4,1,1,7,3,4,4,4,4,2,7,5,1,4,1,2,2,1,1,1,1,3,5,7,3,7,1,3,2,4,3,7,3,3,1,7,4
2,2,3,24,1,1,4,4,1,1,2,2,2,0,0,0,2,4,4,4,2,4,3,6,1,5,3504,5,2,7,6,4,4,1,5,7,6,3,5,4,2,2,5,4,4,1,7,3,3,3,2,5,6,1,7,1,6,7,5,4,7,4,7,2,1,2,5,2,5,1,3,4
3,2,3,98,3,99,1,2,2,3,3,3,4,3,0,1,0,5,3,3,1,5,4,2,1,1,3101,7,6,2,4,1,5,3,5,5,2,5,5,2,4,3,4,5,3,2,6,3,3,3,3,6,2,3,6,4,3,3,7,5,2,3,3,6,2,2,6,3,5,7,2,2
2,3,3,98,3,99,4,4,1,4,2,2,2,0,0,0,2,4,3,4,1,5,5,7,1,2,3205,5,7,1,1,1,7,5,5,7,1,3,7,4,1,1,7,1,1,4,5,2,1,1,3,4,7,4,4,4,2,6,4,7,7,1,6,4,3,4,4,4,4,1,4,4
2,2,2,1,1,1,3,4,2,3,2,2,2,0,0,1,1,3,3,4,1,5,5,7,1,6,3707,1,4,2,4,2,4,1,6,7,2,3,6,7,2,3,4,3,3,4,6,2,3,3,3,5,5,2,4,5,3,7,5,4,3,6,3,3,5,3,5,2,5,2,4,3
1,2,2,31,1,12,5,2,2,4,12,1,1,0,0,1,0,2,1,1,1,5,5,7,2,8,3807,7,1,4,2,2,4,1,6,4,4,1,4,4,4,3,1,5,3,7,3,1,2,1,2,7,1,1,1,3,1,7,1,3,3,2,2,1,1,1,3,2,1,2,4,1
3,2,3,98,2,1,2,2,2,4,4,1,3,1,0,2,0,3,2,3,3,1,1,2,2,6,3702,7,6,1,2,2,2,2,2,2,2,2,4,6,2,2,2,2,3,2,6,2,2,3,2,3,2,2,2,4,6,4,2,2,4,4,4,4,2,4,6,4,4,2,5,2
3,3,4,98,2,64,2,2,1,3,2,1,1,0,0,1,0,4,2,2,1,5,5,8,1,5,3501,4,7,1,1,1,7,1,7,1,7,1,7,7,1,1,7,7,1,1,1,1,7,1,1,1,7,1,1,1,1,1,7,1,1,7,1,5,1,1,7,1,1,7,1,1
3,2,3,98,2,88,1,3,2,2,9,2,3,0,0,2,1,3,4,4,2,2,2,4,3,4,3503,4,7,1,1,1,2,1,6,1,1,2,3,2,4,4,2,5,2,4,3,1,5,1,3,4,7,1,5,1,2,5,6,4,4,2,7,7,4,1,7,1,7,5,3,2
3,3,2,98,2,64,1,4,2,2,2,3,1,0,0,0,1,4,4,4,3,3,4,7,1,2,3206,2,7,1,1,1,5,4,7,3,1,3,6,6,1,7,1,3,3,7,5,2,2,4,2,5,7,1,2,4,4,1,5,3,7,1,3,7,2,1,7,2,1,1,4,1
3,2,3,98,1,1,2,2,1,2,12,1,2,0,0,2,0,4,2,4,1,5,5,8,2,1,3101,7,1,1,4,1,1,1,1,7,1,1,7,4,1,4,1,4,4,7,4,1,4,1,1,1,1,1,1,7,1,4,4,1,7,4,1,7,1,1,7,4,1,4,4,4
3,2,3,1,1,1,2,3,2,2,9,3,1,0,0,1,0,4,3,3,1,5,5,6,1,6,3707,6,4,4,1,1,4,1,7,7,1,7,7,7,1,1,4,4,2,4,4,1,1,1,4,4,1,1,4,4,7,7,4,4,6,4,4,7,3,4,7,4,4,3,7,4
2,3,4,88,3,99,4,3,2,2,9,2,3,0,1,2,0,3,4,4,2,3,3,5,2,5,3604,4,4,4,4,4,4,4,4,4,4,4,4,4,4,4,4,4,4,4,4,4,4,4,4,4,4,4,4,4,4,4,5,5,5,4,5,4,2,5,4,4,4,2,6,4
1,3,3,98,2,1,5,3,1,3,13,2,2,0,0,2,0,3,4,3,2,2,1,7,3,4,3509,4,4,1,1,1,4,1,4,7,1,2,6,4,3,2,3,4,4,2,4,3,2,2,3,3,2,4,2,1,3,5,3,5,6,2,7,3,2,4,6,2,4,1,7,3
2,2,4,98,2,99,4,3,1,2,2,2,4,0,0,4,0,3,4,4,2,2,3,6,3,6,3706,1,5,4,4,1,4,3,6,5,2,3,4,4,2,2,4,4,3,4,4,1,4,2,4,4,4,4,4,5,4,5,4,5,5,4,4,4,3,3,5,2,4,4,5,3
1,2,2,1,1,1,5,3,1,2,11,2,5,3,0,2,0,3,3,4,1,5,5,8,3,5,3504,5,3,2,2,1,2,2,3,5,1,2,3,3,3,4,1,3,1,7,3,1,2,4,1,1,2,1,2,4,3,4,3,4,3,5,4,3,1,4,7,3,3,2,6,3
2,2,3,98,2,64,5,3,2,2,11,2,4,0,0,4,0,3,4,4,2,2,5,7,3,2,3211,5,7,4,4,1,7,1,7,7,3,3,4,7,4,4,4,4,3,1,7,1,4,4,4,5,1,4,7,1,4,4,3,4,7,2,7,3,5,3,7,4,4,4,4,3
2,2,3,98,3,1,4,3,2,3,12,2,2,0,0,2,0,4,4,4,1,5,1,4,3,2,3208,4,7,1,1,1,5,1,5,6,1,3,6,3,1,3,3,3,1,1,5,1,1,1,3,3,3,4,7,1,1,5,5,1,7,1,6,5,4,1,6,1,6,5,5,3
2,2,3,28,1,99,3,2,2,3,10,2,2,0,0,2,0,3,3,3,2,4,4,5,2,3,3405,7,5,4,3,3,3,3,3,4,1,3,4,4,3,3,4,3,3,4,4,3,3,3,4,4,4,4,6,1,3,5,4,3,4,2,4,5,7,4,5,3,3,5,3,4
2,3,3,88,1,24,3,4,1,3,2,2,2,0,0,0,2,4,4,4,1,5,5,5,1,7,3805,7,4,1,6,1,7,1,7,7,1,1,7,7,7,1,7,1,1,1,7,1,1,6,1,4,7,7,6,1,1,1,5,4,7,1,7,1,7,4,5,1,7,1,7,4
3,2,3,98,2,99,3,2,2,3,12,2,4,0,2,2,0,3,3,3,2,4,5,7,2,1,3101,7,7,1,1,1,1,1,4,3,2,2,5,4,1,1,4,2,2,3,4,3,2,2,6,2,1,4,2,5,3,2,5,6,3,1,1,5,2,2,7,4,4,2,6,2
2,1,2,1,1,1,3,3,2,3,10,3,2,0,0,2,0,3,3,4,5,5,5,5,1,4,3503,5,7,1,1,1,2,6,6,7,1,1,7,5,1,4,3,3,2,5,4,1,1,2,2,7,1,5,6,1,3,7,5,4,7,6,5,5,1,5,6,2,4,2,6,4
1,3,4,99,1,99,5,1,2,3,4,1,4,2,0,2,0,3,2,4,1,5,4,6,2,8,3807,7,1,1,1,1,7,1,5,7,1,1,4,1,1,1,1,1,1,7,4,1,1,1,1,4,1,1,2,1,4,3,3,3,7,1,7,1,1,4,7,4,1,1,3,4
2,2,3,24,1,1,3,4,2,2,2,4,1,0,0,0,1,4,3,4,2,4,5,7,1,1,3101,7,3,1,3,1,7,1,4,4,1,6,7,5,7,2,7,3,3,5,5,2,2,3,7,4,7,2,1,7,1,4,4,3,7,1,3,4,1,6,7,4,4,2,4,1
2,1,3,22,1,22,5,4,1,3,2,3,1,0,0,0,1,3,3,4,1,5,5,7,1,7,3711,5,4,7,5,6,3,1,4,3,3,6,7,6,3,2,1,4,7,7,3,2,6,2,2,3,7,7,1,7,6,1,4,7,2,4,6,2,2,4,7,4,4,4,1,1
2,3,4,98,2,88,2,4,2,2,2,2,2,0,0,2,0,4,4,4,4,1,4,6,2,4,3502,4,6,1,1,1,7,4,7,7,1,1,4,7,1,1,1,4,4,4,4,1,4,1,4,4,1,4,7,1,4,7,4,4,4,1,4,4,4,4,7,4,4,4,4,4
2,2,2,1,1,1,4,4,1,4,2,3,1,0,0,0,1,4,3,4,1,5,4,6,1,6,3702,7,5,2,4,1,7,1,7,7,1,1,7,4,1,7,7,2,1,1,7,1,1,2,3,1,1,7,7,1,3,1,3,2,7,7,3,2,3,1,7,1,7,7,2,3
2,2,3,99,1,24,3,3,1,2,9,2,2,0,0,2,0,4,3,4,1,5,5,7,2,7,3708,1,7,1,1,1,4,1,7,7,1,7,7,5,3,2,1,3,3,7,5,1,1,2,7,1,7,1,4,1,6,1,4,6,4,3,1,4,4,1,7,4,1,1,7,1
2,2,3,98,3,99,3,4,1,2,2,2,4,0,0,2,2,4,3,4,1,5,5,8,3,2,3210,2,6,1,2,1,3,1,5,7,1,2,7,4,3,2,2,4,2,3,3,1,3,2,1,2,2,1,3,2,4,7,3,6,7,1,1,5,2,1,7,2,3,1,7,4
2,2,3,29,1,24,4,4,2,4,2,3,1,0,0,0,1,3,2,3,1,5,5,3,1,4,3409,3,5,2,1,3,6,1,7,7,1,4,7,4,2,1,7,4,4,1,7,2,4,1,6,4,4,5,5,5,4,1,3,3,6,1,4,5,1,1,7,2,7,7,3,4
3,2,2,6,1,24,3,4,1,4,2,3,1,0,0,0,1,4,4,3,2,5,1,6,1,7,3711,3,6,1,2,3,5,2,6,4,4,1,6,4,3,3,5,2,2,4,5,2,1,5,2,3,6,4,2,4,4,2,4,5,5,4,5,4,2,5,7,3,5,6,3,5
3,2,3,98,2,99,2,1,1,2,9,1,2,0,0,1,1,4,3,4,4,5,5,8,2,1,3101,7,6,1,1,1,1,1,3,7,1,1,5,3,1,2,1,2,4,6,3,1,3,2,2,3,2,1,5,3,4,6,7,3,7,4,6,6,2,1,7,1,3,2,1,4
3,2,1,98,3,1,2,2,2,1,11,3,1,0,0,1,0,5,4,4,1,5,5,2,1,3,3405,7,7,2,1,1,7,1,7,7,2,4,5,4,4,2,4,3,1,3,6,1,3,3,1,6,7,4,7,1,7,1,4,4,6,4,4,6,4,1,7,1,7,7,4,4
2,2,2,31,1,31,5,3,1,3,11,2,4,0,1,3,0,3,3,2,1,5,5,9,4,6,3703,4,7,1,1,1,5,4,7,7,1,1,7,7,7,4,4,4,1,1,4,1,1,1,1,1,7,4,5,1,1,4,2,3,7,2,7,1,1,4,2,1,7,3,7,1
2,2,2,31,1,99,4,1,2,3,12,1,5,0,0,5,0,4,2,4,1,5,5,8,5,5,3602,1,7,7,1,1,7,1,7,5,2,1,4,3,4,4,1,4,3,4,4,2,2,1,4,1,1,4,5,1,4,3,4,4,7,4,4,3,5,3,4,4,4,1,7,4
3,2,1,98,1,1,3,3,2,3,11,2,2,0,0,2,0,4,4,3,1,5,5,8,2,7,3810,2,5,1,1,1,7,1,7,7,1,1,7,3,1,4,1,1,2,1,4,1,1,1,1,7,4,1,2,1,3,7,5,4,7,1,7,4,4,1,7,1,7,4,5,4
2,1,2,28,1,12,4,4,1,4,2,4,1,0,0,0,1,4,4,3,1,5,5,7,1,4,3507,4,4,3,1,3,1,1,5,6,3,1,6,1,3,2,1,5,5,7,2,5,2,2,6,2,1,1,1,7,1,7,2,5,3,3,2,2,1,4,7,4,1,2,3,2
2,2,3,98,1,24,4,3,1,2,12,3,2,0,0,2,0,3,4,4,1,5,5,7,2,8,3801,1,4,1,1,1,7,3,7,4,1,3,7,4,4,3,4,4,4,1,7,1,2,3,4,3,4,4,7,1,1,1,2,2,3,4,4,2,2,1,7,4,7,1,7,4
1,1,2,98,3,1,4,3,1,2,13,2,4,1,1,2,0,3,4,4,1,5,5,9,3,2,3203,1,1,7,6,5,1,1,4,1,4,1,4,4,7,1,1,4,5,7,2,4,7,1,7,1,1,1,1,7,7,7,3,4,1,7,1,7,2,1,7,4,1,4,4,7
1,2,3,24,1,99,4,1,1,2,9,1,3,1,0,2,0,3,2,4,1,5,5,3,2,5,3610,5,6,2,4,1,2,1,5,5,1,3,4,6,1,5,3,1,4,4,4,3,4,3,3,3,1,3,5,3,3,3,3,6,4,5,4,5,5,2,5,3,4,3,3,3
2,2,4,98,2,64,4,2,1,2,7,1,2,0,0,2,0,3,4,4,1,1,1,5,2,7,3811,1,7,1,1,1,1,1,7,1,1,1,7,7,7,1,7,1,1,1,7,1,7,1,1,1,1,1,7,1,1,1,3,1,7,1,2,3,6,1,6,1,7,3,6,1
2,2,3,98,3,12,1,3,2,1,9,2,2,0,0,2,0,4,4,3,3,4,4,6,1,2,3202,3,7,1,4,1,3,1,5,6,1,4,5,4,2,1,6,5,4,4,3,3,2,3,5,2,3,4,6,3,3,5,3,4,7,3,2,7,2,2,7,4,4,7,3,6
2,2,3,1,1,1,3,4,1,3,2,2,2,0,0,0,2,3,3,4,1,3,3,2,1,4,3508,6,7,1,1,1,1,1,5,7,1,1,7,7,1,1,7,7,1,7,7,1,1,7,7,7,1,7,7,1,4,6,4,7,7,1,7,4,1,1,7,1,7,1,7,1
3,3,4,99,1,99,1,3,2,2,10,3,1,0,0,1,0,4,4,3,2,5,5,7,1,5,3606,6,7,1,1,1,3,1,7,7,1,5,3,7,2,3,2,3,4,1,7,1,2,2,5,7,7,4,7,1,6,1,4,2,6,1,2,6,3,2,5,4,7,4,2,2
3,2,4,24,1,24,4,3,1,2,12,2,3,0,1,2,0,3,3,3,2,4,4,8,2,3,3307,5,7,1,1,1,5,5,7,4,1,5,4,5,2,4,6,1,1,1,5,1,1,2,4,6,3,7,5,1,2,2,6,5,6,1,4,4,2,3,7,2,6,2,3,4
2,3,2,98,1,1,3,2,1,2,9,1,1,0,0,1,0,4,3,4,3,3,4,6,1,3,3305,5,3,2,2,1,2,1,6,5,1,5,4,4,3,1,2,6,1,7,2,3,5,1,4,1,3,4,7,1,6,3,4,3,7,3,2,4,2,6,7,1,1,3,2,2
3,2,3,98,2,24,2,3,1,2,9,3,1,0,0,1,0,5,3,4,1,5,3,2,1,6,3304,3,6,5,2,3,7,1,6,7,2,3,7,5,1,2,7,2,4,1,5,1,1,2,3,4,4,2,4,1,5,5,6,4,7,2,4,7,5,1,4,1,7,4,5,2
2,3,4,24,1,24,1,2,1,2,9,1,5,3,0,2,0,4,4,4,5,1,5,9,2,5,3609,1,7,1,4,1,7,4,7,1,1,4,7,4,1,1,7,4,1,7,7,1,3,3,4,1,1,4,7,1,1,1,4,1,1,1,7,7,7,1,7,1,7,7,1,1
1,3,3,1,3,1,5,4,1,3,2,2,4,0,0,2,2,3,4,4,1,5,3,9,4,6,3710,2,5,1,3,1,3,3,3,3,1,2,7,5,3,2,4,4,3,7,4,2,5,1,3,1,2,1,1,3,1,7,4,4,5,7,5,3,1,5,7,4,3,1,7,5
3,2,2,98,2,99,1,3,2,4,10,3,1,0,0,1,0,4,4,4,2,5,5,7,1,4,3402,3,7,6,4,4,5,1,4,7,5,1,4,1,4,1,4,4,6,1,7,1,1,1,1,7,4,5,4,3,4,4,4,4,4,1,5,7,4,5,4,1,7,4,1,7
2,2,2,29,2,9,3,2,2,3,12,2,1,0,0,1,0,4,2,3,1,5,5,7,2,3,3407,3,4,4,2,3,7,1,7,6,3,4,7,1,4,3,3,4,3,3,4,1,4,1,4,2,1,4,4,3,2,5,3,4,7,2,4,3,4,3,4,4,3,5,4,3
2,2,3,1,1,1,4,3,1,2,12,1,2,0,0,2,0,3,4,4,4,4,4,6,2,1,3101,7,7,1,1,1,4,1,4,7,1,1,4,4,7,4,4,4,4,1,4,1,4,4,4,1,1,4,7,4,4,4,4,4,6,4,7,4,2,4,4,4,4,3,4,4
1,3,2,1,1,1,4,2,1,4,12,2,4,2,0,2,0,3,2,3,1,5,5,7,3,5,3603,1,7,1,1,1,4,4,5,2,2,2,7,6,2,4,1,4,3,6,4,1,6,1,4,2,5,2,2,3,3,6,2,5,5,2,2,2,2,2,7,2,2,2,7,2
2,2,3,28,1,12,4,1,2,4,1,1,1,0,0,1,0,3,1,2,2,4,4,5,5,1,3101,7,4,2,2,2,3,4,4,5,2,3,4,2,6,2,4,4,4,6,4,2,5,2,3,5,2,2,3,3,2,4,3,4,4,4,4,4,4,4,6,4,3,3,5,3
3,3,3,98,2,64,2,4,2,1,9,4,2,0,0,2,0,5,4,4,3,4,3,6,1,6,3304,4,7,1,1,1,3,1,4,3,1,2,4,7,2,1,2,4,2,1,7,1,1,3,3,7,2,3,4,1,2,3,7,4,7,1,4,6,1,4,7,4,4,2,2,3
2,3,3,1,1,1,4,4,2,3,2,1,1,0,0,0,1,4,4,3,3,2,2,6,1,1,3101,7,2,1,1,1,2,1,3,7,2,1,5,5,1,1,7,1,1,3,3,3,3,1,3,3,1,1,1,4,1,4,4,3,3,5,4,3,1,7,7,4,3,3,5,2
1,3,4,28,1,99,5,4,1,3,2,2,2,0,0,1,1,3,4,4,5,5,5,7,2,7,3705,2,2,1,1,1,2,2,2,2,1,2,2,3,1,2,1,3,2,6,1,2,2,2,2,3,2,1,4,2,1,7,2,4,2,2,4,1,1,3,2,3,2,1,6,3
3,2,3,98,2,24,1,4,1,3,2,2,2,0,0,1,1,5,4,4,3,3,3,4,1,6,3707,1,7,1,1,1,7,1,7,7,1,1,7,7,1,1,7,1,1,1,7,1,1,1,1,7,7,7,7,1,1,1,7,5,7,1,7,7,7,1,7,1,7,2,1,7
1,2,2,1,1,1,4,4,1,3,2,3,1,0,0,0,1,3,4,2,1,1,1,7,1,5,3604,3,4,1,3,1,1,3,3,7,1,5,7,7,2,3,7,1,1,1,7,1,1,4,1,7,3,3,6,5,5,7,2,5,7,7,3,1,1,3,7,3,7,4,5,3
3,3,4,98,2,1,3,4,2,3,2,4,1,0,0,1,0,5,4,4,3,3,2,7,1,2,3211,5,7,1,1,1,5,1,4,7,1,1,4,7,4,2,3,4,2,4,4,1,2,1,2,5,1,2,7,1,4,1,4,4,6,1,5,4,2,2,4,2,4,1,2,7
2,2,2,98,3,1,2,4,2,2,2,2,2,0,0,0,2,3,4,3,3,2,2,7,1,4,3509,4,6,1,2,1,4,1,2,2,1,2,7,2,3,6,2,4,4,6,4,2,3,1,3,1,6,6,2,4,3,4,4,2,7,1,4,5,3,3,7,1,4,1,2,4
2,2,3,98,2,1,4,4,1,2,2,2,2,0,0,0,2,4,4,4,4,3,3,4,1,8,3803,5,7,1,3,1,4,1,7,7,1,1,7,7,1,1,7,1,3,3,7,1,1,3,3,7,7,1,7,1,3,1,4,4,6,4,7,4,4,4,7,1,7,4,4,4
2,2,3,98,2,64,2,3,2,2,9,2,2,0,0,2,0,3,4,3,3,4,4,7,2,7,3810,2,7,7,2,1,7,1,7,7,3,1,7,4,1,4,4,2,2,1,7,1,1,1,4,2,1,4,4,1,1,5,5,5,7,2,5,7,3,1,7,1,7,1,2,7
2,3,2,98,1,31,3,1,1,3,1,1,5,1,0,3,1,3,1,4,1,5,5,6,2,6,3702,7,3,3,6,1,4,2,6,5,3,4,5,4,3,5,5,4,4,2,5,3,2,1,2,5,6,1,3,3,2,4,4,6,4,3,3,6,5,4,5,5,5,2,5,2
3,2,3,98,3,4,1,1,1,3,1,1,1,0,0,1,0,4,2,3,1,5,5,8,1,1,3101,7,4,7,2,1,7,7,7,7,6,5,7,4,1,4,7,3,4,3,4,2,4,4,2,7,1,5,5,1,5,4,7,3,7,1,3,7,5,2,7,1,5,5,3,3
3,3,4,98,2,99,3,4,2,2,9,2,3,0,0,2,1,4,4,4,2,5,2,6,2,8,3806,3,4,1,1,1,5,1,1,4,1,4,7,5,5,4,2,4,5,7,4,2,4,1,6,7,1,2,6,5,4,6,4,6,7,1,6,4,1,4,6,4,1,2,6,7
2,2,3,24,1,24,2,2,1,2,9,1,2,0,0,2,0,4,3,4,2,5,5,7,1,1,3101,7,6,4,1,2,7,1,3,5,1,2,5,4,2,2,6,4,1,2,4,2,3,4,1,1,1,1,5,1,3,2,3,3,3,1,2,5,1,4,4,3,6,4,2,1
1,2,2,6,3,6,4,2,2,3,9,2,4,2,0,2,0,3,3,4,2,4,4,8,3,3,3308,1,6,2,1,1,5,2,5,5,3,4,5,4,3,4,3,4,3,3,4,2,3,3,3,4,5,4,4,2,3,4,4,4,6,2,5,3,4,4,5,3,5,3,5,5
2,3,3,97,3,99,3,3,2,3,12,4,1,0,0,1,0,4,4,3,3,3,2,7,1,6,3710,3,5,3,1,1,5,4,4,4,4,2,5,4,1,4,4,4,3,4,7,2,3,2,4,5,2,4,5,3,2,2,4,3,4,3,2,4,3,2,4,4,4,4,3,4
2,3,4,9,3,99,4,3,2,2,11,2,4,0,1,3,0,4,4,4,1,4,3,7,3,6,3707,6,4,3,2,1,4,1,3,4,2,1,6,3,3,5,3,4,1,3,4,4,2,5,2,3,2,4,3,5,2,7,4,6,4,4,4,2,3,3,6,4,6,2,5,5
3,2,2,1,1,1,1,4,1,2,2,3,1,0,0,0,1,4,4,4,3,3,3,1,1,4,3508,6,5,1,2,1,6,7,1,7,1,1,7,6,7,2,7,3,2,1,6,2,1,1,3,2,7,1,3,2,1,7,7,4,7,6,7,7,4,6,7,1,7,1,3,7
3,2,3,98,3,24,1,4,2,2,2,4,1,0,0,0,1,5,4,4,3,3,3,7,1,2,3212,1,5,1,4,3,3,1,4,7,2,4,4,6,2,4,6,2,4,1,6,1,2,2,2,3,4,4,4,1,4,4,5,4,7,4,4,6,4,4,5,4,7,7,2,4
2,2,4,98,3,99,1,1,1,2,12,1,1,0,0,1,0,4,4,4,1,5,5,2,2,2,3207,5,4,7,7,4,3,1,7,7,2,4,7,7,4,3,4,5,1,7,7,1,1,1,7,2,2,4,4,1,3,4,7,1,7,1,1,7,7,2,7,1,7,7,1,1
2,2,3,6,1,6,4,4,1,2,2,4,1,0,0,0,1,3,3,3,2,3,4,7,1,5,3611,4,4,5,3,3,4,1,5,5,4,4,5,3,2,4,4,3,3,6,4,3,3,3,5,2,6,2,2,5,2,7,4,4,7,2,5,3,1,4,4,3,4,4,1,3
2,1,3,29,1,99,5,2,1,4,12,1,4,1,0,3,0,4,3,4,1,5,5,8,5,6,3601,4,4,2,3,2,3,4,5,5,1,3,4,5,4,3,3,3,3,7,2,4,3,3,5,1,3,1,2,5,3,4,3,4,4,4,4,3,2,4,5,3,2,1,3,3
2,2,2,28,1,12,3,3,2,3,10,2,4,1,1,2,0,4,4,4,1,5,5,9,2,1,3101,7,4,1,1,1,6,1,6,1,1,5,4,3,4,4,2,3,4,7,4,1,3,1,1,7,1,2,2,6,7,3,4,4,7,1,7,4,3,4,7,4,2,1,7,3
2,2,4,1,1,1,4,3,2,3,10,3,3,0,1,2,0,3,3,3,2,5,4,7,3,1,3101,7,7,1,1,1,4,4,5,5,2,4,6,4,3,2,5,4,5,3,7,1,3,1,5,5,4,5,7,1,5,4,5,5,4,3,4,2,3,4,7,4,4,3,3,2
3,2,3,98,3,9,3,2,1,2,3,2,3,0,0,3,0,4,4,4,2,2,3,6,2,2,3203,6,3,1,2,1,4,1,3,7,1,1,3,4,1,1,3,1,1,3,7,1,3,1,1,2,1,4,7,1,1,1,5,1,7,1,4,7,1,1,7,1,7,3,4,3
2,2,2,98,2,1,3,3,1,2,9,3,2,0,0,2,0,3,3,3,4,4,4,3,2,8,3807,7,4,4,4,4,4,4,4,4,4,4,4,4,4,4,4,4,4,4,4,4,4,4,4,4,4,4,4,4,4,4,4,4,4,4,4,4,4,4,4,4,4,4,4,4
2,2,3,29,1,4,4,1,2,2,8,1,4,0,0,4,0,3,2,3,1,5,5,9,2,6,3706,3,5,2,4,1,2,4,5,5,3,4,5,2,7,3,6,4,3,6,5,1,2,1,5,3,3,1,5,2,5,2,3,4,3,4,1,3,6,3,6,3,2,1,5,1
3,2,2,98,3,9,2,4,2,2,2,3,1,0,0,0,1,5,4,4,3,2,2,7,1,3,3406,1,7,1,1,1,4,1,7,4,1,1,7,7,1,2,5,4,2,1,4,1,3,1,4,5,4,4,7,1,3,7,7,5,7,1,7,5,1,4,7,1,7,1,4,4
3,2,3,97,3,4,2,2,1,3,12,2,4,2,0,2,0,4,1,3,1,5,5,8,4,1,3101,7,7,4,1,1,7,1,6,4,1,1,7,5,1,4,7,4,4,4,6,1,4,1,4,5,1,4,7,1,2,1,5,2,6,4,4,5,4,1,7,4,2,5,6,5
2,2,3,24,1,99,3,2,2,4,10,1,3,0,0,3,0,4,3,4,2,4,4,7,4,6,3704,2,7,1,3,1,3,1,7,1,1,4,5,1,4,3,7,1,1,1,1,1,1,3,3,1,3,7,7,1,3,5,3,5,7,1,5,3,5,4,7,3,4,1,5,1
3,2,2,88,2,64,3,3,1,2,2,3,1,0,0,1,0,4,4,1,5,5,3,6,1,6,3706,1,7,1,1,2,7,1,7,7,1,1,7,7,7,7,7,1,1,1,7,1,4,7,1,1,1,7,7,1,7,1,2,6,7,1,2,7,1,1,3,1,7,1,3,1
1,2,2,666,1,99,4,4,1,3,2,2,2,0,0,0,2,3,3,4,1,5,5,8,2,5,3505,7,4,2,1,2,2,1,4,3,2,2,6,1,3,2,5,2,3,4,2,2,5,2,1,2,6,4,3,4,3,7,3,3,5,3,5,3,3,3,6,4,4,3,3,5
2,2,2,28,1,23,4,1,2,3,11,1,2,0,0,2,0,3,2,4,5,5,5,7,1,1,3101,7,4,7,3,2,7,1,4,7,1,5,7,2,5,4,2,2,1,5,7,1,3,3,3,7,4,1,7,1,7,2,4,4,6,2,6,4,4,3,5,1,4,3,2,5
2,2,2,24,1,24,3,2,2,3,11,2,2,0,0,2,0,3,3,4,1,4,4,7,2,3,3405,7,4,6,5,1,5,1,7,7,2,5,7,4,2,3,7,2,2,1,6,1,1,2,1,5,7,7,6,1,5,1,3,4,7,2,6,4,2,2,3,2,5,3,4,4
2,3,3,28,1,10,3,3,1,2,12,2,5,3,0,2,0,4,3,3,2,5,4,7,2,6,3704,2,5,6,1,1,1,1,2,2,1,1,6,3,7,1,1,6,6,5,2,1,1,1,6,1,5,1,2,6,5,7,2,5,3,5,5,5,1,4,5,3,2,4,6,2
3,2,4,31,1,99,4,2,2,3,10,1,2,0,0,1,1,4,2,3,1,4,5,8,1,4,3402,3,4,3,1,1,6,2,7,4,1,4,6,2,1,5,5,4,3,4,6,1,5,2,5,6,6,1,2,6,5,5,3,5,6,4,7,3,1,4,7,4,6,1,6,2
3,3,3,98,3,99,3,3,2,3,9,3,2,0,0,1,1,4,4,4,3,3,3,9,1,6,3704,3,5,4,4,5,7,2,7,6,4,6,4,5,2,2,4,5,4,5,4,4,3,2,5,7,5,3,5,6,4,6,5,5,6,2,5,5,3,6,7,3,3,4,6,6
2,2,2,88,1,99,4,4,1,2,2,2,2,0,0,1,1,3,4,3,1,5,5,6,2,4,3508,5,4,2,1,1,2,1,1,6,1,1,4,7,5,3,4,1,2,1,5,1,3,2,2,2,4,2,1,6,1,3,4,4,7,2,3,2,6,3,6,3,6,2,4,4
2,2,2,28,1,99,4,2,1,4,12,2,4,2,0,2,0,4,2,3,2,4,4,8,4,3,3301,2,4,3,3,3,3,4,4,3,4,4,4,4,4,4,5,3,2,3,5,5,3,2,4,4,3,2,4,5,3,5,3,5,3,3,3,5,5,3,4,3,3,4,5,3
3,3,4,30,1,25,2,2,2,2,12,3,3,1,0,2,0,4,3,4,2,5,5,7,1,2,3208,4,7,1,7,7,5,1,7,7,5,7,7,5,4,4,7,3,1,5,5,1,3,2,3,1,1,4,3,1,4,2,7,6,7,1,1,7,2,1,7,2,5,3,7,5
2,3,4,98,2,88,3,4,2,1,2,4,2,0,0,1,1,4,4,4,2,4,3,7,1,3,3303,3,5,1,1,1,7,1,6,7,3,7,7,4,7,4,7,3,4,1,4,3,4,3,4,5,4,4,4,1,2,2,4,6,7,2,4,4,5,3,7,3,4,4,4,4
2,2,3,28,1,12,1,2,2,3,11,2,4,2,0,2,0,4,2,4,1,1,3,8,3,1,3101,7,3,6,3,1,5,1,4,4,1,1,7,4,2,3,2,6,4,6,6,1,4,1,7,5,1,1,3,1,2,7,4,3,6,1,2,7,6,1,3,2,2,1,2,2
3,3,3,99,1,99,3,4,2,2,2,3,1,0,0,1,0,4,4,4,3,3,5,1,1,6,3703,2,4,2,4,2,3,2,5,5,3,3,6,5,4,4,4,4,3,2,6,3,2,3,4,4,2,4,4,3,3,4,4,3,5,3,4,5,4,2,5,3,4,4,3,3
3,2,3,88,3,99,2,4,2,3,2,2,4,0,0,2,2,4,4,3,4,3,3,6,2,4,3403,1,4,2,1,1,6,3,1,3,1,1,3,2,4,5,2,4,2,1,7,1,3,4,3,7,6,3,4,1,1,2,5,5,6,4,5,5,1,4,5,3,5,1,5,4
2,2,3,98,3,1,3,4,2,3,2,2,3,0,0,0,3,4,4,3,2,3,1,5,1,2,3205,5,7,1,1,1,1,1,7,7,1,1,7,6,1,5,1,4,3,3,7,1,3,1,5,5,7,4,7,1,4,7,4,4,7,1,7,3,7,1,5,1,6,4,4,4
2,2,2,1,1,1,5,4,1,3,2,3,1,0,0,0,1,3,4,3,1,5,5,7,1,5,3606,6,7,1,1,1,7,1,7,4,1,1,5,7,1,1,7,1,1,3,7,1,1,1,1,2,7,7,5,2,1,4,1,5,7,2,7,1,3,5,7,1,7,4,6,7
1,2,4,28,1,1,6,1,1,3,1,1,4,0,0,3,1,3,1,3,1,5,5,3,1,5,3603,2,7,4,1,4,1,1,4,4,1,3,4,3,7,1,3,1,4,7,4,3,1,1,3,2,3,1,3,3,7,7,4,4,7,3,3,2,2,4,7,1,1,1,7,1
2,2,4,1,1,1,4,3,2,2,11,3,2,0,0,2,0,4,4,3,1,5,4,7,2,3,3405,7,4,2,1,1,5,1,5,5,1,1,4,1,1,4,3,2,4,6,4,1,2,3,2,6,3,3,3,2,4,6,2,5,6,2,4,4,2,2,6,1,4,1,5,2
2,3,3,29,1,25,4,2,2,3,12,2,4,0,2,2,0,3,2,4,2,5,4,7,2,7,3705,1,6,1,1,1,5,4,4,4,1,3,6,2,2,4,3,4,4,1,7,3,1,2,4,7,5,2,3,4,1,5,3,4,4,4,5,2,3,2,4,3,7,1,6,4
1,1,2,28,1,12,6,4,2,3,2,4,1,0,0,1,0,3,3,4,1,5,5,7,1,5,3609,4,4,1,1,1,1,1,4,4,1,1,4,4,4,4,1,4,4,7,1,4,4,4,4,4,1,1,4,5,4,7,1,4,3,4,4,2,1,4,4,4,4,1,4,1
3,2,2,28,1,99,3,2,1,4,10,2,2,0,0,2,0,4,3,4,1,5,5,4,1,7,3805,7,6,2,1,1,2,3,2,3,2,1,6,3,4,4,3,2,3,2,5,2,3,2,3,1,1,1,5,3,4,5,5,4,6,3,3,4,2,5,4,4,4,3,4,3
3,2,4,98,2,64,4,2,2,2,8,1,2,0,0,2,0,3,4,4,1,5,4,9,1,5,3603,3,7,1,1,1,7,1,7,7,1,7,1,7,7,1,1,1,7,1,7,1,1,1,7,1,1,7,7,1,7,1,3,1,7,1,7,3,1,1,7,1,7,1,7,1
1,2,3,30,3,99,3,3,2,4,10,2,6,2,1,3,0,3,3,4,2,5,5,8,4,3,3301,3,6,4,1,1,3,1,6,3,2,4,6,5,7,2,2,4,2,2,5,2,3,1,2,6,2,6,6,3,3,1,4,4,2,4,3,2,5,4,6,3,7,3,3,1
2,2,4,29,2,24,3,3,2,3,10,3,2,0,0,2,0,4,3,2,1,5,5,7,1,2,3204,5,5,1,1,1,1,1,5,7,1,7,7,7,1,4,1,5,4,2,7,1,1,6,7,4,7,4,5,3,7,2,4,2,7,1,1,4,7,4,7,7,4,1,7,1
2,2,3,1,1,1,3,4,2,3,2,4,4,0,0,3,1,3,4,4,5,5,5,6,3,5,3609,4,5,2,1,4,1,1,4,3,4,3,4,4,3,4,4,4,5,4,6,4,4,5,4,1,1,4,3,4,2,7,5,4,6,2,6,5,2,4,6,3,5,4,5,3
1,2,1,28,1,12,6,2,1,4,13,2,2,0,0,2,0,2,3,4,1,5,5,7,5,3,3405,7,2,3,2,3,2,6,2,2,2,2,5,5,7,5,2,5,5,7,4,2,6,5,1,1,6,2,2,6,1,5,2,6,6,2,5,1,5,4,3,3,2,3,6,1
2,2,2,31,1,31,3,2,2,3,12,2,4,1,1,2,0,3,2,4,1,5,4,8,2,8,3807,7,4,1,1,1,4,1,7,4,1,1,7,3,1,1,1,4,1,7,6,2,4,1,6,7,4,1,1,6,5,7,2,4,7,1,4,4,1,2,2,1,1,1,7,4
2,2,2,1,1,1,2,4,2,2,2,1,1,0,0,0,1,4,4,4,1,5,5,5,1,5,3609,4,3,1,1,1,1,1,7,5,1,1,7,1,1,4,7,1,1,1,7,1,2,2,1,7,6,7,5,1,7,1,4,4,7,4,7,6,1,2,7,1,7,1,7,3
1,1,2,30,1,70,4,2,2,2,4,2,3,1,0,2,0,3,4,3,1,5,5,7,2,8,3807,7,1,6,2,1,4,2,4,1,1,4,7,4,2,3,3,6,2,5,5,1,4,1,2,3,1,3,3,4,1,2,4,5,4,3,1,1,3,2,3,3,3,2,4,4
2,2,3,1,1,99,3,4,2,3,2,2,2,0,0,1,1,3,4,4,2,4,4,6,2,8,3802,3,7,1,1,1,4,3,6,1,1,1,7,4,1,3,3,4,1,3,4,2,5,2,3,3,2,2,4,3,1,3,4,4,3,5,2,3,1,1,4,4,3,2,6,4
2,2,3,31,1,31,4,2,2,4,4,2,3,1,0,2,0,3,2,4,2,5,5,9,3,6,3703,2,6,1,1,1,5,1,5,5,1,1,7,4,6,1,6,2,2,2,5,2,3,1,3,1,2,2,2,3,2,2,3,4,6,1,6,2,2,1,5,1,6,3,6,6
2,2,2,98,3,1,2,3,2,3,2,2,5,1,0,4,0,4,4,4,1,4,5,1,1,3,3405,7,7,1,7,1,4,1,7,1,1,1,7,2,6,4,1,4,1,4,7,1,4,1,1,7,7,1,4,1,4,3,7,1,7,1,7,7,4,1,7,1,7,1,4,4
3,2,3,1,1,1,2,4,1,2,2,2,2,0,0,2,0,4,4,4,2,4,3,6,2,6,3707,6,7,1,1,1,5,4,6,4,1,1,6,7,3,4,4,4,3,2,6,1,2,2,1,1,2,4,7,1,2,2,4,5,6,1,3,4,1,4,5,2,6,4,6,4
2,3,4,97,3,88,4,1,2,1,1,1,3,0,1,2,0,3,2,4,1,5,5,2,1,8,3807,7,5,1,6,1,1,7,5,1,1,1,6,4,1,4,5,5,3,7,2,1,6,1,1,7,5,2,1,7,1,1,1,1,1,3,1,2,2,5,2,3,1,3,2,6
3,2,2,98,1,6,1,4,2,3,2,3,5,0,1,3,1,3,3,1,1,4,5,4,3,6,3304,3,7,1,1,1,7,1,7,7,4,3,6,7,3,3,6,5,1,1,3,1,1,1,5,4,1,1,3,1,1,1,5,3,7,4,5,7,1,4,7,1,5,3,5,1
1,3,4,98,2,4,6,1,2,3,13,2,2,0,0,2,0,2,3,4,5,5,5,7,3,2,3209,4,4,4,1,1,1,4,4,7,4,3,7,7,4,1,7,4,4,1,4,1,1,1,7,1,7,7,3,1,7,1,4,1,4,4,4,4,1,1,7,1,7,1,1,1
3,2,3,98,2,99,1,1,2,3,4,1,3,1,0,2,0,3,3,4,5,5,5,8,1,5,3602,2,7,1,1,1,6,2,7,7,1,3,7,7,4,3,3,4,1,1,7,1,1,2,3,6,1,4,7,1,7,1,4,4,7,1,1,2,4,1,7,1,4,2,5,1
1,3,4,29,1,4,5,1,2,3,9,1,3,0,0,2,1,3,2,3,1,5,5,9,4,3,3302,1,4,2,4,2,1,1,4,4,1,4,4,2,4,2,1,4,1,7,3,1,4,1,4,5,1,1,1,5,1,7,3,6,7,1,7,7,3,4,4,4,1,2,6,4
1,2,2,1,1,99,5,4,1,4,2,2,2,0,0,0,2,3,3,3,1,1,1,7,3,6,3601,1,3,5,4,2,4,6,4,3,1,3,4,2,3,2,1,4,4,7,2,2,5,2,3,2,6,1,1,5,1,6,2,5,3,3,3,2,2,4,7,3,2,2,5,2
2,3,2,24,1,24,4,3,2,3,12,2,2,0,0,1,1,3,4,3,1,5,5,9,3,8,3807,7,4,1,1,1,4,1,4,6,1,2,4,4,2,2,1,4,4,4,3,4,4,2,4,7,4,2,2,5,2,7,3,5,4,4,4,3,2,4,4,2,5,3,5,4
2,1,2,28,1,12,4,1,1,1,1,1,4,0,1,3,0,3,1,2,1,5,5,9,3,4,3510,7,3,1,1,1,3,2,5,1,1,4,6,1,5,4,1,4,5,7,4,6,7,3,2,1,1,1,1,7,1,5,3,5,3,1,3,3,1,7,2,4,1,3,6,4
2,2,3,9,1,1,4,2,2,3,9,1,1,0,0,1,0,3,4,3,1,5,3,7,2,3,3405,7,3,1,1,1,4,1,3,4,1,7,7,5,3,4,3,4,3,5,5,3,1,3,5,3,1,7,4,1,4,1,4,6,7,1,7,2,1,3,7,1,4,4,1,4
2,2,3,1,1,1,3,2,1,4,12,2,4,2,0,2,0,3,3,3,1,5,5,8,3,3,3307,2,7,1,2,1,2,1,6,7,1,2,5,5,6,4,3,4,3,3,3,2,3,4,2,5,2,2,5,3,4,6,3,5,6,3,5,3,3,4,7,2,5,2,6,5
2,2,2,1,1,1,4,3,2,3,2,2,3,0,0,3,0,3,4,4,2,2,3,9,3,6,3702,7,6,3,3,3,4,1,5,3,3,2,4,4,6,3,3,2,3,4,4,2,4,1,3,2,3,4,2,5,5,5,4,3,6,2,5,3,2,2,6,3,4,3,3,5
2,2,3,1,1,1,3,4,2,2,2,2,2,0,0,0,2,3,4,4,3,3,4,7,2,7,3705,6,5,3,2,1,5,3,2,5,2,3,5,4,2,3,4,4,3,5,6,1,3,3,5,5,7,6,5,1,5,7,4,4,7,4,5,4,4,2,7,2,5,5,5,4
2,3,3,24,2,9,2,2,1,3,12,1,3,1,0,2,0,3,3,3,1,5,5,8,3,2,3211,2,7,1,1,1,5,7,5,3,1,1,7,2,3,5,3,4,1,7,4,2,1,4,5,5,7,3,7,1,5,1,3,5,7,1,7,7,3,4,7,3,4,2,5,7
1,2,2,1,1,1,4,2,1,3,2,1,4,0,0,4,0,3,2,2,1,5,5,7,5,8,3803,2,4,1,1,1,4,1,5,7,2,3,7,5,7,4,6,7,1,1,7,1,6,2,4,1,3,7,1,4,5,1,4,4,7,1,7,6,4,4,7,7,6,1,7,1
1,1,2,28,1,12,5,4,2,3,2,2,3,0,0,0,3,4,2,3,2,3,3,9,3,2,3211,1,4,1,2,1,3,4,4,2,1,2,7,4,4,4,1,4,5,3,3,3,3,2,2,3,3,1,1,7,5,6,3,5,5,3,5,2,1,4,4,4,4,1,7,2
1,3,2,1,1,1,4,4,2,3,2,2,2,0,0,0,2,3,2,2,1,5,4,7,2,4,3503,5,3,2,2,2,2,5,5,3,2,1,6,4,3,4,3,4,5,3,2,2,3,3,2,3,5,4,4,3,3,6,2,6,2,6,1,3,2,4,6,6,4,2,7,3
2,2,2,9,1,99,4,4,1,2,2,2,2,0,0,0,2,3,3,3,4,4,4,8,2,2,3209,1,7,1,2,3,2,1,6,7,2,1,7,4,3,1,4,2,2,4,6,3,3,3,4,2,5,5,4,2,1,6,4,3,6,1,6,3,2,4,6,3,5,4,5,3
2,2,2,29,1,99,2,3,2,3,2,2,4,0,0,4,0,5,3,3,2,3,3,9,4,3,3406,4,5,5,4,4,6,2,6,5,5,6,5,1,3,2,6,2,5,4,4,4,6,2,4,5,5,2,2,2,2,7,3,6,6,4,5,1,1,4,3,2,4,6,5,3
2,3,3,29,1,70,3,2,1,3,9,1,3,0,0,2,1,3,1,4,1,5,4,9,2,8,3807,4,3,1,3,1,1,1,7,7,1,1,7,4,3,3,2,4,1,5,5,1,3,1,1,3,1,1,3,3,4,3,6,5,5,7,3,3,3,4,7,1,4,1,5,1
1,1,2,31,3,31,4,1,1,1,1,1,2,0,0,1,1,3,1,4,1,5,4,8,1,6,3703,4,4,4,2,1,4,1,3,4,5,5,4,4,7,3,2,5,6,7,1,3,5,5,1,1,5,1,1,6,7,5,4,6,4,4,6,3,5,4,7,4,2,1,7,2
2,2,4,98,2,64,4,3,2,2,9,2,2,0,0,2,0,4,4,4,4,4,2,7,1,3,3301,4,4,6,4,2,5,1,5,5,3,5,5,4,4,3,6,2,3,3,5,2,3,3,2,4,2,4,2,4,4,4,4,5,3,3,4,4,4,2,4,4,5,4,4,4
3,3,3,29,3,4,3,3,2,3,2,2,3,0,0,3,0,4,4,4,2,2,3,6,2,3,3408,1,5,2,2,2,5,1,4,4,4,4,5,2,3,4,1,4,3,6,3,2,2,3,1,5,4,2,2,5,3,6,5,4,6,2,5,2,4,6,7,3,4,3,2,4
2,2,2,9,1,9,3,4,2,3,2,4,1,0,0,0,1,4,3,4,1,4,4,5,1,7,3810,3,2,3,3,4,3,5,7,4,4,4,6,3,3,3,5,3,2,3,4,2,1,1,4,4,1,6,2,4,2,7,3,5,5,3,3,3,3,3,3,2,5,2,7,4
1,1,2,97,1,25,5,1,1,1,1,1,2,0,0,2,0,3,2,3,5,5,5,6,2,8,3803,5,3,4,4,3,3,1,4,1,2,3,6,4,2,4,1,6,6,7,2,2,6,2,5,1,4,1,1,7,1,7,1,2,3,6,4,1,1,3,2,3,1,2,3,2
2,2,3,28,1,1,4,1,1,4,12,1,2,0,0,2,0,3,1,2,1,5,5,9,3,3,3405,2,5,5,1,7,3,1,3,4,1,2,5,3,7,2,1,2,2,4,5,1,3,3,3,1,1,1,3,3,1,3,2,3,7,1,2,3,6,1,7,1,2,1,7,2
3,2,2,24,1,24,1,1,1,3,9,1,4,2,0,2,0,4,4,4,5,5,5,9,2,7,3809,3,7,1,1,1,7,1,7,7,1,1,7,7,7,1,7,1,1,1,7,1,1,4,1,6,1,4,7,1,7,1,5,1,7,1,1,7,7,1,7,1,7,2,7,7
1,3,3,1,1,1,5,2,2,3,4,1,5,1,0,4,0,3,1,3,1,5,1,9,4,6,3713,1,7,1,2,1,1,6,5,7,1,1,2,2,5,1,2,7,7,7,4,2,3,1,7,2,1,1,1,6,4,7,2,5,5,1,4,2,1,4,3,4,1,1,7,1
2,2,4,98,2,64,5,2,2,3,9,1,1,0,0,1,0,3,2,4,5,5,3,2,1,3,3303,4,4,1,1,4,1,4,2,3,4,1,5,1,5,4,7,1,3,1,7,1,4,1,1,1,1,1,1,3,7,4,3,5,7,1,4,1,1,7,1,4,7,1,7,3
1,2,2,31,1,1,4,4,2,3,2,2,2,0,0,0,2,3,4,4,1,2,5,8,3,5,3606,6,5,1,1,1,7,1,7,7,1,4,7,6,2,3,7,5,2,4,7,1,1,2,3,6,1,7,4,1,2,6,2,5,7,2,5,2,3,1,6,1,7,5,7,1
1,3,2,1,1,1,5,4,2,3,2,4,4,0,1,2,1,3,4,4,1,4,5,7,3,8,3803,5,7,1,1,1,1,1,6,7,1,1,6,2,1,2,4,2,1,2,2,1,1,2,2,2,1,5,4,2,2,3,1,7,3,3,1,1,1,4,7,3,4,1,7,2
1,2,3,98,2,1,4,4,2,3,2,2,2,0,0,0,2,3,4,3,5,5,5,9,1,1,3101,7,7,1,1,1,6,4,6,7,1,1,7,7,3,7,1,3,3,4,5,1,3,2,3,3,3,3,7,4,4,7,4,3,5,3,3,4,6,2,7,1,3,3,2,4
3,3,4,98,3,99,2,2,2,3,10,3,3,2,0,1,0,4,3,3,3,4,2,6,1,6,3714,4,6,1,3,1,7,4,7,7,1,5,6,7,2,3,3,5,4,4,4,1,4,3,4,3,1,2,3,4,4,3,4,6,6,1,3,5,5,2,6,4,4,5,7,4
2,3,3,1,1,1,3,3,1,3,11,2,2,0,0,2,0,3,3,2,3,4,4,3,3,1,3101,7,4,4,1,7,4,3,4,4,3,5,4,3,3,4,4,4,4,4,3,5,4,4,4,4,6,3,4,4,4,4,5,4,7,4,5,4,2,7,7,5,7,4,4,4
3,2,2,88,1,99,3,2,2,3,11,1,2,0,0,2,0,4,3,3,1,5,4,1,2,8,3807,7,7,1,1,1,7,7,6,4,1,2,7,7,2,4,7,2,1,1,6,1,1,3,1,7,1,3,7,1,4,4,4,4,5,4,4,7,4,1,7,1,7,5,4,4
2,3,2,98,1,1,3,1,1,3,12,1,2,0,0,2,0,3,1,4,4,4,4,4,2,1,3101,7,4,4,5,4,4,5,4,5,4,4,5,3,5,4,4,5,4,5,4,5,5,4,4,4,3,4,4,3,4,5,5,3,5,2,5,5,4,5,6,4,4,4,5,4
2,2,2,1,1,24,5,3,2,3,2,2,2,0,0,2,0,4,4,4,1,5,5,7,1,8,3807,1,4,1,1,1,3,1,6,4,2,5,5,5,2,3,7,1,1,1,7,1,1,2,2,1,3,7,7,4,5,1,4,4,6,1,5,1,4,2,7,1,7,2,7,7
3,2,2,98,1,1,3,4,1,2,2,1,2,0,0,0,2,4,4,4,2,2,2,6,1,7,3808,5,7,1,1,1,5,1,7,7,1,1,5,7,4,4,7,4,1,4,5,1,4,1,2,4,7,1,4,3,1,7,4,3,7,4,6,4,3,3,4,1,5,7,5,3
2,2,3,1,1,1,4,4,2,3,2,2,3,0,0,2,1,3,3,4,4,1,3,7,2,5,3604,2,7,1,1,1,7,1,1,7,1,1,7,7,1,1,1,1,1,4,7,1,1,1,1,7,1,1,7,1,1,7,3,4,4,3,4,3,4,1,7,1,4,4,5,1
1,1,2,98,3,88,3,2,1,2,3,1,3,0,0,3,0,3,3,3,2,4,4,6,2,1,3101,7,7,4,4,3,4,2,3,1,2,2,7,7,2,4,4,3,3,1,6,2,3,3,4,2,4,4,7,2,2,3,3,2,4,2,3,5,1,3,4,4,6,2,4,1
2,1,3,98,3,99,4,3,1,3,2,1,1,0,0,1,0,3,3,1,4,5,5,6,1,4,3508,3,1,1,1,1,1,1,1,1,1,1,1,3,2,1,1,3,1,1,1,3,1,6,3,1,1,1,1,7,1,7,3,1,1,1,1,1,1,7,1,3,1,3,1,1
1,2,4,98,2,64,4,1,2,3,4,1,3,1,0,2,0,2,3,3,2,5,5,7,3,8,3801,4,7,1,1,1,6,3,5,2,1,1,4,5,7,5,1,4,4,7,5,3,3,5,3,7,7,4,7,1,2,2,2,3,4,4,3,3,4,1,7,3,4,2,7,3
2,2,2,1,1,1,4,4,2,4,2,2,4,0,0,0,4,3,4,4,2,3,4,8,4,7,3805,7,4,2,2,2,3,6,4,2,1,1,5,3,5,4,4,4,3,7,4,3,4,4,4,7,5,2,3,4,2,5,3,5,5,2,4,1,3,2,3,4,3,2,6,2
2,2,3,24,1,24,4,2,2,3,10,2,4,2,0,2,0,4,3,4,1,5,4,8,0,7,3709,5,7,1,1,1,7,1,7,7,1,2,7,7,7,1,7,4,4,4,4,1,2,3,4,7,7,4,7,2,4,1,6,3,6,1,5,5,4,1,7,1,4,2,1,1
2,3,2,1,1,1,4,4,2,2,2,3,3,0,0,2,1,3,4,4,3,1,3,6,4,4,3502,5,4,1,1,1,1,4,7,5,1,4,5,7,1,4,4,3,4,3,7,2,1,3,4,5,4,4,3,4,4,5,3,6,7,3,5,4,1,4,7,4,4,1,7,4
2,3,3,1,3,99,3,4,2,3,2,4,4,1,0,2,1,4,4,3,1,5,5,7,3,5,3602,1,3,7,4,1,4,1,7,4,1,4,7,3,1,4,1,4,3,7,3,4,7,1,5,4,4,1,3,4,1,7,4,4,7,1,4,4,1,7,7,3,4,1,4,3
2,1,1,1,1,1,4,3,1,3,12,2,3,0,0,3,0,3,3,3,1,5,5,8,5,3,3306,3,4,3,1,3,2,1,6,4,2,2,3,3,2,4,1,3,2,7,4,2,4,5,2,2,1,1,2,4,2,6,2,6,2,6,2,3,4,2,4,3,2,2,3,2
1,3,4,98,2,1,6,2,2,4,13,1,3,1,0,2,0,2,1,3,1,5,5,7,5,2,3209,3,4,3,5,6,3,1,5,4,5,3,5,2,7,1,2,4,4,7,2,2,5,3,4,5,1,1,1,3,6,3,1,5,3,4,5,1,1,4,7,4,2,1,7,1
2,2,4,98,2,99,4,1,2,4,12,1,2,0,0,2,0,3,1,4,1,5,4,1,2,2,3202,4,3,5,3,2,4,1,4,3,2,1,5,1,5,4,4,4,4,5,4,2,4,3,5,4,1,3,2,7,3,7,5,5,7,4,7,4,4,3,7,4,4,2,3,3
1,3,2,29,1,25,5,4,1,4,2,2,2,0,0,0,2,3,3,3,5,5,5,8,2,2,3204,5,3,2,1,1,2,7,1,2,1,1,2,1,7,4,1,6,5,7,2,5,6,6,1,2,7,1,1,7,4,7,2,5,3,6,4,1,2,4,6,4,2,1,6,4
2,2,4,98,2,64,3,1,2,2,4,2,3,1,0,2,0,3,3,4,1,5,2,7,0,5,3602,7,7,1,7,1,7,1,7,7,1,3,7,4,4,2,7,4,4,4,5,1,4,1,7,7,1,7,2,2,3,1,2,2,7,1,4,5,2,1,4,3,4,1,4,4
2,2,3,28,1,4,5,1,1,4,12,1,2,0,0,2,0,3,2,4,1,5,5,2,3,7,3705,6,6,3,2,2,4,1,5,5,2,3,6,3,3,3,3,3,2,6,5,4,4,3,3,5,3,3,5,3,3,4,2,5,3,1,4,1,1,4,6,2,2,1,7,3
2,2,1,31,1,24,3,3,2,4,13,2,2,0,0,2,0,3,3,3,1,5,5,9,3,2,3204,1,7,1,1,1,7,1,7,7,1,4,7,7,4,3,7,3,1,1,7,2,4,4,1,4,4,6,7,1,4,1,3,3,7,1,7,4,1,1,1,1,7,2,7,7
2,1,2,28,1,12,4,4,1,4,2,2,3,0,0,1,2,4,3,3,1,5,5,6,2,5,3608,4,2,5,7,6,3,5,5,2,5,2,5,1,7,4,1,7,6,7,1,5,7,4,5,5,5,1,1,7,2,7,3,6,2,7,2,4,1,4,2,5,1,1,6,2
2,2,2,98,3,99,5,3,1,2,9,2,3,0,0,3,0,3,4,4,2,4,3,7,3,2,3203,6,5,2,1,1,6,1,5,4,1,2,6,4,2,4,5,4,3,3,7,1,4,3,3,3,1,3,5,2,5,5,4,4,7,3,4,1,4,2,6,2,6,2,6,6
1,2,3,29,1,12,5,1,1,3,1,1,3,0,0,3,0,3,2,3,1,5,5,3,3,1,3101,7,3,7,5,5,2,1,7,5,5,3,6,3,5,3,1,7,6,7,2,3,5,1,7,2,1,1,1,5,5,7,7,5,5,6,5,3,5,4,2,4,2,3,6,2
2,3,4,98,2,64,4,3,2,2,2,2,1,0,0,1,0,4,4,4,4,4,4,8,1,6,3710,1,5,5,5,5,5,5,5,5,5,5,5,5,5,5,5,5,5,5,5,5,5,5,5,5,5,5,5,5,5,6,5,5,5,4,5,5,5,5,5,5,5,5,5,5
2,2,4,98,3,99,1,2,2,2,9,1,2,0,0,2,0,4,2,3,2,5,5,8,3,7,3705,2,4,5,2,1,1,1,5,7,1,3,6,7,5,1,5,4,3,2,7,1,1,1,6,2,1,4,7,1,7,5,7,2,7,1,5,7,5,1,3,1,5,5,4,7
1,2,2,98,3,99,4,3,2,2,9,3,3,1,0,2,0,3,3,3,2,4,4,7,4,4,3509,3,7,1,4,1,5,3,6,2,1,3,6,4,5,4,4,4,1,3,7,1,4,4,6,7,1,4,7,1,3,1,4,3,5,2,3,4,5,1,5,4,5,4,4,4
2,2,4,98,2,25,4,2,1,3,7,2,3,1,0,2,0,3,2,4,1,5,5,8,2,6,3703,4,5,1,2,1,5,2,6,5,1,7,5,4,4,2,3,2,5,2,5,1,3,6,1,4,2,1,7,2,4,3,3,6,4,6,3,3,2,5,7,4,5,2,7,4
2,1,3,98,3,88,4,2,2,2,3,1,3,0,0,3,0,2,3,3,4,4,4,3,2,1,3101,7,6,5,5,4,4,3,5,4,2,5,6,5,3,3,4,3,4,2,5,2,4,3,6,4,4,3,7,4,2,4,2,2,3,2,1,4,1,3,3,3,4,4,6,1
2,2,1,1,1,1,4,4,1,4,2,2,3,0,0,2,1,3,4,3,2,5,5,8,3,3,3407,3,2,1,2,3,6,1,6,4,2,4,7,4,2,4,3,4,2,5,5,2,3,4,4,4,2,5,6,1,3,7,6,5,7,3,6,2,4,2,6,1,3,2,3,3
2,3,3,98,2,1,5,4,2,3,12,4,1,0,0,1,0,3,3,4,2,4,4,7,3,7,3805,7,7,1,4,2,2,1,6,3,3,1,5,4,6,2,1,4,3,6,4,2,2,4,2,4,4,2,6,4,5,7,2,3,4,4,5,3,2,5,6,4,2,3,6,4
1,2,3,1,1,1,5,4,2,3,2,2,3,0,0,1,2,3,3,4,2,2,3,8,4,5,3504,1,6,1,2,1,7,4,4,5,1,2,6,4,2,3,3,5,3,1,6,1,1,2,4,5,4,2,5,1,6,2,4,4,6,3,5,1,5,4,6,4,6,3,6,4
1,1,4,29,1,25,5,2,2,3,12,2,4,2,0,2,0,3,3,4,1,5,5,7,3,8,3803,6,3,4,1,2,1,2,6,4,1,1,7,4,1,4,2,4,4,6,1,4,1,3,4,4,2,4,3,7,3,5,2,4,1,7,6,1,1,4,3,4,2,1,5,6
2,2,3,24,1,24,3,2,2,1,12,1,5,2,1,2,0,4,3,4,1,5,5,9,3,6,3706,3,4,4,5,4,4,4,4,4,4,4,4,4,4,4,4,4,4,4,4,2,4,4,4,5,4,4,7,2,4,6,4,4,4,4,4,6,4,4,4,4,4,4,4,4
1,1,2,98,2,99,4,1,1,1,9,2,3,1,0,1,1,1,1,1,1,1,1,1,1,4,3403,3,4,4,7,3,4,7,4,5,4,7,3,4,7,7,4,7,4,3,4,7,5,4,5,7,5,4,5,7,7,4,5,5,5,5,6,5,7,4,3,5,5,4,4,5
2,2,4,98,1,99,4,3,2,2,9,3,3,1,0,2,0,4,4,4,1,3,1,7,3,7,3709,1,7,1,2,1,7,1,7,7,1,7,7,1,1,3,4,1,1,1,7,1,1,1,1,4,1,7,7,1,1,1,5,1,7,1,7,4,7,1,7,1,7,7,3,1
2,2,3,1,3,1,3,4,2,3,2,2,3,0,0,1,2,3,4,4,2,4,2,7,3,5,3610,1,7,2,1,2,2,2,4,6,2,2,6,5,4,4,4,4,1,4,6,1,4,2,4,5,3,4,7,1,4,4,4,5,4,3,4,4,1,4,7,2,7,4,5,4
2,2,2,1,1,1,5,3,2,3,2,2,2,0,0,2,0,3,4,4,2,4,3,8,3,3,3305,4,7,1,1,1,1,7,4,1,1,1,6,3,4,6,1,4,4,5,4,1,4,4,1,1,7,4,6,1,2,7,4,5,6,4,4,2,2,4,7,4,4,6,4,1
3,2,4,24,1,24,2,3,1,2,12,3,1,0,0,1,0,4,4,4,1,5,4,6,1,5,3501,3,7,1,1,1,4,3,7,7,1,1,7,3,4,4,5,1,1,1,7,1,1,1,1,3,7,3,3,5,1,5,4,7,4,1,7,4,3,4,4,1,7,1,4,4
3,3,4,98,2,64,1,2,2,3,10,1,1,0,0,1,0,4,1,4,1,5,5,8,1,1,3101,7,4,1,4,1,7,4,7,4,2,4,4,4,4,4,4,4,4,4,4,1,4,4,1,7,1,4,4,4,6,4,5,1,7,1,4,7,4,1,5,4,4,5,1,4
2,2,3,28,1,99,4,2,1,4,12,2,4,2,0,2,0,3,1,4,1,5,5,7,3,1,3101,7,3,2,5,4,2,1,3,5,4,2,6,2,4,3,4,4,5,7,3,4,7,1,1,2,2,7,1,4,7,4,4,4,3,4,2,2,1,7,4,4,1,1,5,4
2,2,1,28,3,99,3,2,1,3,13,1,3,1,0,2,0,4,1,1,1,5,5,4,3,1,3101,7,4,1,1,1,7,1,1,1,1,7,7,7,4,3,1,7,3,7,7,1,1,1,1,1,7,1,3,3,3,4,4,3,7,2,5,4,4,1,7,1,3,3,3,1
2,2,1,24,1,24,5,3,1,2,9,2,3,0,1,2,0,3,4,3,3,2,4,2,3,4,3509,4,7,1,4,1,1,1,7,7,1,1,7,7,1,4,7,1,3,1,7,1,1,2,1,1,7,6,7,1,1,1,4,7,7,1,7,3,1,4,7,1,7,1,7,1
3,2,2,24,1,24,2,4,2,2,2,3,2,0,0,1,1,4,4,4,3,2,3,7,2,2,3208,4,5,1,1,3,5,1,7,7,1,4,7,7,4,3,7,3,3,1,4,3,1,1,3,3,4,4,4,4,4,4,5,5,7,1,5,6,1,4,5,5,7,1,6,4
2,2,2,31,1,99,4,2,1,2,9,2,4,0,1,3,0,4,3,3,4,3,3,8,3,3,3301,3,3,1,1,1,4,4,6,5,1,4,5,2,1,3,1,3,4,1,4,1,2,3,3,5,4,1,2,3,2,3,4,4,4,3,4,4,4,4,4,4,7,4,5,4
2,2,3,98,2,1,4,2,1,4,12,1,1,0,0,1,0,3,1,3,1,5,5,6,2,8,3803,5,5,1,3,1,2,2,2,6,1,2,6,4,4,6,4,4,2,1,2,1,2,2,4,3,7,3,3,4,2,4,2,4,4,4,4,2,1,3,7,2,2,6,2,5
2,3,2,98,2,6,3,4,1,2,2,2,3,0,0,1,2,4,4,4,4,1,1,1,2,8,3804,4,5,1,1,1,1,1,4,7,1,1,7,7,1,3,1,4,7,7,3,1,1,1,1,1,1,1,4,7,1,7,7,4,7,1,4,7,1,4,7,1,4,4,4,4
2,2,2,24,1,24,3,4,1,2,2,2,2,0,0,1,1,4,3,4,1,5,5,8,1,8,3806,4,7,1,1,1,3,3,7,5,1,1,7,3,2,7,7,1,1,1,7,1,1,7,1,2,7,7,7,1,2,3,2,3,7,1,4,4,4,1,4,1,5,4,4,3
1,3,2,28,1,10,5,3,1,4,12,2,3,0,0,3,0,3,2,3,1,5,4,7,4,6,3702,7,7,2,2,2,1,4,4,2,5,3,6,1,6,4,1,5,3,7,2,1,5,3,3,1,7,1,2,3,1,6,2,6,1,6,1,2,1,4,3,2,1,2,6,2
3,3,3,31,1,1,2,2,1,3,9,2,4,2,0,2,0,3,4,4,1,5,5,8,3,3,3405,7,5,1,1,1,5,1,6,3,1,4,7,3,1,2,1,3,7,7,1,3,1,1,4,1,4,2,3,2,3,7,6,3,6,3,2,7,2,4,6,2,1,2,5,2
3,2,3,98,2,64,3,1,2,3,10,1,2,0,0,2,0,4,2,4,1,5,5,5,2,2,3202,1,5,1,1,1,3,3,6,5,1,3,7,4,5,1,3,2,2,1,6,1,6,3,5,2,7,3,4,5,1,1,4,3,7,1,3,7,3,1,7,4,5,6,7,1
3,2,3,30,1,27,3,2,1,3,12,2,4,2,0,2,0,3,4,3,1,5,3,8,2,6,3714,1,7,1,1,1,1,1,5,1,1,1,4,4,4,1,7,4,1,1,7,1,1,3,3,5,4,5,6,1,1,1,3,4,5,3,5,4,3,4,7,2,7,4,3,1
2,2,1,29,1,4,2,2,1,3,9,1,1,0,0,1,0,4,2,4,1,5,5,7,1,3,3308,5,3,4,5,5,5,4,5,3,5,3,5,2,2,3,2,3,5,6,4,3,5,2,5,5,2,1,2,5,3,7,5,4,6,2,3,6,4,5,4,5,2,3,4,4
2,2,2,9,1,9,2,3,2,3,9,2,2,0,0,1,1,5,3,4,3,2,2,7,1,7,3711,1,3,1,2,1,6,1,7,7,1,6,6,5,1,2,3,4,1,4,7,1,1,1,5,7,3,5,2,6,2,3,3,3,6,4,7,3,3,4,7,2,6,1,2,6
1,2,2,6,1,9,4,3,1,3,11,2,2,0,0,2,0,3,3,3,2,4,4,7,4,7,3808,4,7,1,1,1,7,1,4,7,1,5,3,3,1,5,3,3,3,4,4,2,2,4,1,2,1,1,6,1,4,5,5,3,5,4,3,5,3,4,5,4,4,4,4,3
2,2,4,98,2,64,4,2,2,3,13,1,2,1,0,1,0,3,2,2,3,3,3,2,1,6,3702,7,2,4,2,2,1,1,5,3,1,4,4,4,5,2,4,3,1,5,6,7,3,1,5,2,6,3,6,1,3,1,3,3,4,7,5,4,4,4,4,2,4,3,3,3
2,3,3,97,2,1,3,1,1,1,1,1,6,0,0,6,0,3,2,3,1,5,5,6,2,2,3204,2,7,2,1,2,3,1,4,2,3,1,4,5,3,3,1,5,3,4,5,1,4,2,5,2,7,4,7,2,5,3,2,2,4,2,5,4,3,4,7,4,3,2,4,3
2,2,4,98,2,64,4,1,2,1,4,2,5,3,0,0,2,3,3,4,4,3,3,8,3,4,3509,4,7,1,1,1,1,1,4,7,1,1,3,4,7,3,1,1,1,4,4,1,1,4,1,1,1,1,3,4,1,2,4,4,7,1,1,4,7,1,7,1,4,1,7,1
2,2,2,99,1,99,4,4,1,4,2,2,2,0,0,0,2,3,2,2,1,5,5,1,1,7,3809,3,3,2,6,5,5,2,6,5,3,5,6,3,3,5,5,6,5,7,3,1,3,2,1,3,2,3,3,4,2,7,2,5,4,2,2,2,2,3,3,3,2,2,7,5
1,2,3,98,1,4,4,1,2,3,12,1,2,0,0,2,0,2,2,3,1,5,5,9,4,3,3405,7,5,7,1,1,2,5,5,7,1,1,5,1,1,3,1,3,1,7,3,3,2,1,7,7,1,4,3,4,3,2,1,7,2,3,1,1,4,4,5,3,1,3,5,1
2,1,2,28,1,12,4,2,1,3,13,2,3,1,0,2,0,4,3,3,1,5,5,7,3,7,3805,7,1,3,1,7,1,6,3,1,3,1,3,3,2,4,1,7,4,7,1,4,7,3,5,4,1,1,1,7,2,7,2,6,1,7,5,3,1,6,1,4,1,1,6,1
2,1,2,28,1,12,5,2,1,4,12,2,4,2,0,2,0,3,3,4,1,5,5,6,2,7,3810,4,3,3,1,2,3,5,5,6,1,3,5,5,2,3,1,3,4,7,1,1,4,1,4,5,1,2,3,4,3,5,3,6,6,1,3,1,1,4,4,3,1,2,6,4
2,2,2,98,1,12,5,2,2,4,4,1,3,0,1,2,0,3,3,3,1,5,5,4,3,3,3301,3,5,3,3,3,4,3,3,5,3,3,5,3,5,4,6,4,4,4,5,3,4,4,3,4,3,4,5,4,3,4,3,5,5,3,3,3,2,5,6,5,3,3,5,3
2,2,2,1,1,1,4,3,1,2,12,2,4,0,0,4,0,4,1,2,5,5,4,8,3,6,3701,4,6,5,2,2,5,4,6,5,2,4,4,7,2,4,6,5,4,4,5,1,2,4,2,2,7,4,5,3,5,4,3,5,4,6,5,2,3,2,6,3,5,3,6,5
1,3,3,24,1,24,6,3,2,3,7,4,2,0,0,1,1,3,3,3,1,3,4,7,2,8,3801,1,6,1,1,1,4,2,6,5,1,2,6,2,4,4,7,1,1,1,6,4,1,2,2,1,4,7,6,1,2,3,1,7,7,1,7,1,1,4,7,4,7,1,7,3
2,1,2,28,1,10,3,4,2,3,2,2,3,0,0,1,2,4,4,3,2,4,1,8,3,8,3807,7,1,7,5,6,2,1,4,3,6,4,7,1,1,1,1,3,7,7,1,5,7,1,4,3,7,1,1,7,1,5,2,7,7,4,2,7,3,4,2,5,1,1,7,2
2,3,4,98,2,64,4,3,1,2,9,1,1,0,0,1,0,3,4,4,2,4,4,1,1,3,3303,5,7,1,1,1,7,1,7,7,1,7,7,7,1,1,1,4,1,1,7,1,1,4,7,1,1,1,7,1,1,7,5,6,4,1,7,3,7,1,7,1,7,7,4,1
2,1,2,28,1,12,2,3,1,2,9,2,4,0,1,3,0,4,4,3,1,5,4,5,3,5,3505,4,4,4,3,6,2,4,3,2,2,3,5,1,7,4,1,4,5,7,1,2,7,3,1,2,1,2,1,7,1,3,4,3,5,2,3,5,3,3,2,4,1,5,5,1
1,3,3,1,1,1,5,3,1,4,2,3,2,0,0,2,0,2,1,3,1,5,5,8,5,6,3703,3,2,1,1,1,4,2,5,2,1,2,6,2,5,3,2,3,2,6,2,2,2,1,4,2,7,3,5,4,1,7,2,6,7,1,3,2,2,1,7,1,2,1,5,1
1,2,3,98,2,99,4,1,2,1,11,1,1,0,0,1,0,3,4,4,5,1,3,5,5,2,3203,6,5,5,4,5,5,3,6,2,5,5,3,4,3,3,5,4,3,4,3,5,1,5,5,3,4,6,4,5,5,1,4,5,5,4,4,3,4,4,1,4,4,4,4,4
2,2,3,1,1,4,3,4,2,1,2,2,2,0,0,0,2,3,4,4,1,5,5,7,2,4,3502,4,7,1,1,1,4,1,7,2,4,1,4,7,3,7,4,4,1,1,7,1,1,7,1,6,1,4,4,1,1,1,4,4,4,4,4,2,1,1,7,1,4,1,7,4
3,3,4,98,2,99,1,4,2,2,3,3,1,0,0,1,0,5,4,1,2,3,4,7,1,3,3406,1,4,3,4,1,4,1,7,7,1,4,5,3,1,1,1,3,1,7,4,1,3,3,4,7,3,1,2,3,3,1,3,3,7,1,3,4,5,1,7,2,3,7,3,2
1,2,2,28,2,64,4,4,2,4,2,4,1,0,0,0,1,3,3,2,1,4,4,7,1,6,3712,4,4,2,1,1,5,5,5,2,1,2,7,3,1,4,4,2,2,1,7,2,5,3,3,7,2,4,4,4,2,3,4,4,6,1,3,3,2,4,6,2,5,4,6,1
2,1,2,1,1,1,4,3,1,3,7,3,3,0,0,1,2,3,3,4,1,5,5,6,1,5,3606,4,4,4,4,4,4,4,4,4,4,4,4,4,4,4,4,4,4,4,4,4,4,4,4,4,4,4,4,4,4,4,4,4,4,4,4,4,4,4,4,4,4,4,4,4
2,2,2,98,3,99,5,4,1,2,2,2,2,0,0,2,0,3,4,4,1,4,4,4,2,5,3610,1,7,1,1,1,7,1,7,7,1,1,7,6,1,3,7,4,1,1,7,1,2,1,1,7,2,1,5,1,5,4,4,3,6,3,7,3,1,1,5,1,7,1,5,4
2,2,4,98,3,70,2,2,2,2,9,1,5,2,0,3,0,3,3,4,1,5,5,7,3,6,3703,3,4,3,3,1,3,5,4,4,1,3,4,3,4,4,4,3,2,4,4,2,5,3,4,3,3,3,7,1,3,1,3,3,5,1,4,7,3,4,7,1,4,3,1,1
1,2,4,98,2,99,3,2,2,2,11,3,3,1,0,2,0,1,4,4,1,1,5,1,1,8,3807,7,5,4,1,5,4,4,4,4,4,6,4,5,4,4,5,5,4,5,5,4,4,5,5,5,5,4,4,4,4,5,5,3,4,4,4,4,4,4,3,4,3,4,4,4
2,1,2,1,1,1,4,4,1,3,2,1,1,0,0,0,1,3,3,4,1,5,5,4,1,5,3606,4,4,4,4,4,4,4,4,4,4,4,4,4,4,4,4,4,4,4,4,4,4,4,4,4,4,4,4,4,4,4,4,4,4,4,4,4,4,4,4,4,4,4,4,4
2,3,2,28,1,1,3,1,2,4,4,2,3,1,0,2,0,3,2,3,1,5,5,9,2,2,3206,3,6,2,1,1,5,1,5,6,2,5,5,2,1,6,4,3,2,3,4,3,1,4,4,6,1,1,6,4,4,5,3,7,5,2,2,5,5,3,3,2,4,5,6,5
2,2,1,1,1,24,4,4,1,2,2,2,5,0,1,2,2,3,3,3,2,4,4,8,3,6,3701,2,6,1,2,2,5,2,6,5,2,3,7,4,3,4,7,2,4,1,5,1,2,4,1,3,6,6,4,1,3,5,3,5,7,2,6,5,3,3,4,3,7,2,4,4
1,3,2,29,1,88,5,1,2,3,1,1,6,0,1,5,0,2,1,3,1,5,5,9,5,5,3609,1,3,6,3,1,4,1,7,5,1,1,7,4,3,1,7,4,1,3,1,1,2,1,7,7,1,1,4,7,1,4,1,4,7,1,4,1,1,5,3,5,3,1,4,3
2,3,3,98,1,1,4,3,1,3,9,2,4,1,1,2,0,3,4,1,5,5,5,7,4,4,3503,3,7,1,1,1,1,5,3,3,1,4,7,5,3,3,3,2,1,6,5,2,4,3,3,1,3,1,3,5,1,6,3,4,4,3,2,2,2,1,4,3,4,3,4,3
1,3,2,28,1,12,4,1,1,3,13,1,2,0,0,2,0,2,1,1,1,5,5,7,5,8,3807,7,1,7,1,1,7,1,7,1,1,1,7,7,4,1,1,4,3,7,4,3,1,1,7,1,1,1,1,7,1,1,1,1,7,4,1,1,1,1,7,1,1,4,7,1
1,3,2,6,1,6,4,4,2,4,12,2,2,0,0,1,1,2,3,3,3,1,3,9,3,5,3602,4,6,1,1,1,1,1,3,3,1,1,7,3,3,4,6,3,1,1,7,3,1,3,3,1,2,6,6,1,6,4,2,3,6,1,7,1,1,2,2,2,7,1,6,7
2,3,2,1,1,1,4,4,2,3,2,2,2,0,0,0,2,4,4,3,1,5,5,8,3,5,3603,1,5,1,1,1,4,1,5,5,1,1,5,6,1,3,5,3,1,1,5,2,3,1,4,5,5,5,5,3,5,7,5,3,6,2,4,3,3,3,7,3,7,1,4,4
2,2,2,31,1,31,4,1,1,3,11,1,2,0,0,2,0,3,1,1,1,5,5,4,2,4,3402,5,5,1,1,1,6,1,4,5,1,5,5,4,1,2,7,4,1,3,4,1,4,3,2,2,3,5,4,1,4,2,4,5,6,3,2,4,1,4,6,1,3,1,6,2
3,2,2,6,1,6,1,3,1,3,9,1,1,0,0,1,0,5,4,4,3,3,3,3,1,2,3207,4,3,4,3,4,3,4,3,4,3,4,3,3,4,3,3,3,3,3,4,3,3,3,4,3,3,4,4,3,3,3,1,4,1,1,1,1,1,1,1,2,4,2,1,1
2,2,3,98,1,99,3,1,2,3,10,1,2,0,0,2,0,4,1,3,1,5,5,4,3,3,3404,4,4,3,3,1,1,1,5,1,1,2,6,3,6,3,2,4,5,7,4,3,1,3,5,5,1,3,3,5,5,2,5,7,1,6,1,7,3,4,3,4,1,1,7,1
3,2,1,98,1,99,1,3,2,2,3,3,1,0,0,1,0,5,4,3,1,5,5,2,1,5,3504,5,6,7,1,1,6,1,7,7,1,7,7,7,1,4,1,4,2,1,5,1,2,1,4,7,4,4,2,2,3,4,3,3,4,4,1,5,1,2,7,1,4,5,6,2
2,1,2,28,1,12,4,4,2,3,2,4,1,0,0,0,1,3,3,4,1,3,5,7,1,3,3308,4,5,2,1,1,3,3,7,4,3,1,4,3,5,4,5,4,5,7,4,3,4,2,7,5,1,1,1,6,4,7,3,3,4,2,7,3,1,3,7,4,4,1,7,4
1,1,2,28,1,99,4,2,2,4,12,1,2,1,0,1,0,2,2,1,5,5,5,9,2,6,3706,5,3,1,1,1,3,1,3,3,1,3,4,3,3,1,5,3,1,2,3,2,1,1,1,1,1,4,7,1,5,1,1,1,3,1,1,1,7,1,5,3,4,4,4,1
1,3,2,1,1,1,5,3,2,2,2,2,2,0,0,2,0,3,3,3,1,5,5,8,5,4,3502,4,7,1,1,1,6,1,7,7,1,1,7,7,2,2,6,3,1,1,6,1,2,4,2,2,1,3,7,1,7,6,2,4,7,1,4,1,7,1,7,1,6,1,7,4
2,3,4,29,1,4,5,4,2,2,2,3,2,0,0,1,1,3,4,3,1,5,3,8,2,1,3101,7,4,1,1,1,2,1,2,6,1,1,7,4,6,2,1,4,3,7,2,2,1,1,3,6,4,1,2,4,4,7,3,1,6,1,7,3,1,4,7,4,3,2,4,4
2,2,2,32,1,70,4,4,2,2,2,3,1,0,0,1,0,3,4,4,2,5,1,1,1,3,3306,4,7,1,4,1,2,1,7,5,1,4,7,4,4,3,7,1,1,1,7,1,1,6,1,4,7,7,7,1,7,1,4,5,4,4,7,4,1,7,4,1,7,6,2,4
1,3,4,98,2,99,5,1,2,3,3,1,4,0,0,4,0,2,2,3,5,5,5,8,1,6,3601,2,6,4,5,1,6,1,7,7,1,7,7,6,1,1,7,1,1,7,5,1,3,1,5,7,1,4,3,2,7,4,3,4,3,3,1,2,4,2,7,1,3,1,6,4
2,2,2,1,1,1,4,4,1,1,2,2,3,0,0,1,2,4,3,4,1,1,1,7,3,2,3206,4,3,3,2,2,1,5,3,4,1,1,6,5,2,3,1,4,2,7,6,2,3,4,2,4,3,1,1,5,1,7,3,5,5,5,5,2,2,1,4,3,3,4,5,5
2,2,2,28,1,1,4,4,1,4,2,2,3,0,0,2,1,3,3,4,1,5,5,9,4,5,3602,3,6,1,2,1,4,1,3,4,1,1,4,7,7,3,2,4,3,7,3,2,4,4,2,4,7,1,6,2,1,3,4,5,4,3,4,4,2,4,7,4,1,1,7,4
2,1,3,28,1,12,4,2,1,4,7,1,1,0,0,1,0,3,2,1,1,5,5,4,2,7,3705,6,3,4,4,4,3,4,3,2,2,4,5,3,6,4,3,4,3,6,2,3,5,3,5,3,3,4,3,5,4,4,3,5,3,5,2,4,2,6,4,4,3,2,5,3
2,2,4,98,3,99,3,2,2,3,12,1,2,0,0,2,0,3,3,4,1,5,2,7,3,4,3403,5,7,1,1,1,7,1,7,7,1,7,4,7,7,1,4,1,4,1,7,1,4,1,4,1,1,4,7,1,7,4,6,2,7,1,7,7,6,2,7,1,7,3,5,7
1,2,2,9,2,1,6,4,1,3,2,2,2,0,0,1,1,4,4,3,1,5,5,8,3,4,3510,7,3,1,1,7,5,4,5,1,4,7,7,5,1,4,7,7,2,1,7,2,3,6,1,7,7,7,2,5,7,2,2,4,7,4,1,1,7,7,7,4,1,2,7,4
1,2,2,1,2,1,5,3,2,3,2,2,2,0,0,2,0,3,3,4,2,5,2,7,2,2,3205,2,3,4,3,4,3,2,6,4,2,1,4,2,6,3,4,5,2,5,3,2,7,2,5,3,1,2,1,3,3,5,2,6,5,1,4,2,2,4,7,2,5,1,3,4
2,3,3,1,1,99,3,4,2,3,2,2,2,0,0,0,2,4,4,2,4,4,4,7,2,2,3209,4,6,2,2,3,5,4,5,5,3,4,5,4,3,3,4,3,4,4,5,2,4,4,4,5,4,4,4,2,4,4,4,4,6,4,5,4,4,4,7,4,7,2,4,4
1,2,3,666,1,99,5,1,1,2,10,1,2,0,0,2,0,3,3,4,5,5,5,7,3,8,3804,5,7,1,1,1,7,1,1,7,1,1,4,7,7,7,1,4,1,7,7,4,4,4,4,1,4,1,7,1,6,1,3,7,7,1,7,1,7,1,7,1,7,1,7,1
2,2,3,98,2,99,4,2,2,3,9,1,2,0,0,2,0,3,3,3,1,4,3,7,3,6,3710,5,5,6,2,3,6,1,5,2,2,2,5,5,6,1,5,4,4,4,6,2,2,2,3,6,2,2,4,3,5,4,3,4,6,2,5,2,6,6,6,4,4,2,5,4
2,2,3,98,2,99,4,3,2,3,11,1,3,0,1,2,0,3,3,4,1,4,4,7,2,7,3709,1,7,1,1,1,6,1,7,6,1,3,5,4,3,4,2,3,4,2,6,1,2,1,4,7,3,3,4,1,2,2,4,3,7,1,7,4,4,3,7,4,7,4,3,4
2,3,4,1,2,1,4,4,2,2,2,4,1,0,0,0,1,4,4,4,1,5,5,1,1,8,3804,5,5,7,5,1,4,1,7,7,1,1,7,7,7,1,7,4,1,4,4,1,1,5,4,7,1,4,3,1,7,1,1,3,1,1,1,1,1,4,7,3,4,4,5,1
2,2,2,1,1,1,3,4,2,3,2,2,2,0,0,0,2,3,4,4,1,5,5,8,2,3,3301,7,4,2,1,1,5,1,6,7,2,3,6,3,3,4,5,2,2,3,4,1,4,2,4,3,2,5,4,5,4,3,4,4,6,3,4,4,1,1,7,2,5,6,5,3
2,2,3,1,1,1,4,4,2,3,2,2,3,0,0,1,2,4,4,4,3,2,3,8,2,2,3210,3,4,4,1,2,3,1,5,4,3,4,6,4,3,7,4,4,4,6,6,2,5,1,4,6,1,1,3,3,4,7,5,6,7,4,5,4,3,4,7,2,3,3,5,4
2,2,2,1,1,1,3,1,1,2,9,1,2,0,0,2,0,3,3,4,2,5,4,8,2,4,3506,1,7,1,1,1,1,1,7,7,1,1,3,7,7,3,7,3,1,4,3,1,4,1,1,1,3,7,7,2,4,1,3,5,7,1,4,5,1,1,7,4,4,1,3,4
2,2,2,29,1,99,4,1,1,4,1,1,5,0,1,4,0,3,1,3,1,5,5,9,3,7,3709,5,5,3,1,1,1,3,5,4,1,2,7,5,1,1,7,5,2,7,4,1,1,1,7,1,4,1,1,5,4,7,3,5,7,4,4,5,3,3,7,1,3,3,5,3
1,1,2,31,1,12,4,4,2,4,2,2,2,0,0,0,2,3,3,4,1,5,5,9,2,6,3706,4,3,2,1,1,3,4,2,2,1,3,6,2,3,4,1,2,5,7,2,2,3,4,1,3,7,1,2,4,1,6,1,5,3,6,3,1,1,4,6,4,3,1,6,3
2,2,2,1,1,1,3,4,2,4,2,2,2,0,0,0,2,3,3,4,2,1,3,6,2,6,3702,7,5,4,1,5,4,1,4,5,2,2,6,3,5,4,4,2,3,2,3,3,4,4,1,1,5,4,4,2,4,6,4,4,4,3,6,3,1,1,4,2,6,2,7,4
1,3,4,28,3,99,4,2,2,4,12,1,4,0,0,4,0,3,1,3,1,5,5,9,3,7,3708,3,4,3,4,1,4,3,6,4,1,5,6,4,3,2,7,4,3,7,4,1,1,3,4,6,1,3,3,5,2,4,3,6,4,1,3,4,2,7,7,4,4,3,2,3
2,2,2,6,1,1,3,4,2,4,2,2,2,0,0,0,2,3,2,3,2,4,5,8,2,6,3714,5,6,1,2,3,6,1,7,5,2,2,2,2,2,4,2,4,3,7,4,1,4,2,1,2,7,3,7,3,1,7,4,5,7,1,7,3,2,4,7,1,3,1,7,4
2,2,2,1,1,1,3,2,1,2,9,2,5,2,0,3,0,3,4,3,1,5,2,6,3,6,3713,3,5,2,1,1,2,3,3,4,2,3,4,4,3,3,6,2,2,7,4,2,3,3,3,2,1,3,4,5,3,4,3,5,5,2,5,4,2,3,5,2,2,4,7,2
3,2,3,98,1,6,4,2,1,3,12,1,3,0,0,1,2,4,3,4,2,5,2,8,2,7,3810,2,6,3,2,1,1,2,4,5,2,3,6,5,3,2,7,2,2,2,3,2,1,5,2,2,2,7,2,3,3,2,5,6,7,4,5,3,2,4,7,3,5,3,6,6
2,2,4,28,1,99,3,1,2,3,11,1,2,0,0,2,0,4,3,4,1,5,5,8,3,3,3303,4,5,6,1,1,1,1,5,7,5,7,5,3,6,4,4,1,1,1,4,1,4,1,1,5,1,4,5,2,7,2,7,2,7,1,7,7,5,1,1,3,5,4,1,4
3,2,4,98,1,1,1,2,2,1,4,1,7,2,0,4,1,4,4,4,3,3,3,8,2,6,3710,1,2,2,1,2,2,2,2,2,2,2,2,2,2,2,2,2,2,2,2,2,2,2,2,2,2,2,2,2,2,2,2,2,2,2,2,2,2,2,2,2,2,2,2,2
2,2,2,97,1,1,3,1,1,1,1,1,5,0,1,3,1,4,4,4,1,1,1,9,3,2,3206,2,1,1,1,7,7,1,7,7,1,1,7,7,7,1,7,1,4,1,7,1,1,1,1,1,7,4,4,1,1,7,5,4,7,1,5,4,5,1,7,1,7,1,7,4
2,2,3,24,1,23,4,3,2,3,12,2,2,0,0,2,0,3,3,3,1,5,5,8,4,1,3101,7,7,1,1,1,2,2,7,2,1,1,7,7,3,1,7,1,1,1,6,1,1,1,1,6,4,1,5,1,1,2,3,4,7,1,7,3,1,2,7,1,7,2,7,7
2,2,1,1,1,1,4,2,1,3,13,2,6,2,1,3,0,3,3,4,1,5,5,8,3,8,3803,4,2,3,1,1,3,1,5,5,3,2,5,4,4,4,3,4,4,7,4,4,5,3,1,4,4,1,1,7,4,7,2,3,3,5,1,4,3,1,7,4,1,1,7,3
2,2,3,6,3,99,4,1,2,2,11,1,2,0,0,2,0,4,4,4,1,5,5,7,4,6,3710,2,5,4,7,1,4,1,7,7,3,7,4,5,7,7,4,4,4,4,4,3,4,3,4,7,1,1,6,3,4,1,5,2,7,1,5,4,5,3,7,4,4,2,3,7
2,3,2,29,1,99,3,4,2,2,2,3,1,0,0,0,1,4,4,4,1,3,3,6,1,7,3705,3,1,1,1,1,1,1,7,1,1,1,7,7,1,1,1,7,1,7,7,1,1,1,7,1,1,1,1,1,1,7,7,1,1,7,7,7,1,1,7,1,1,1,1,1
2,3,2,28,1,10,4,3,1,4,12,2,3,0,0,3,0,4,2,2,1,5,4,7,2,2,3201,3,5,3,2,2,5,5,5,4,1,2,4,5,5,3,5,3,2,6,5,2,2,2,4,4,6,4,2,6,3,5,3,5,6,3,3,5,3,2,3,3,3,2,6,5
2,3,2,31,1,31,4,3,2,3,2,3,3,0,0,3,0,3,2,3,1,5,5,7,3,8,3807,7,4,2,1,1,3,5,6,3,1,3,6,4,3,2,7,3,2,1,7,2,3,1,4,5,4,3,2,3,4,4,1,4,6,2,6,1,2,1,4,2,7,2,6,2
2,3,2,1,1,1,4,4,2,2,2,4,1,0,0,1,0,3,4,4,2,4,4,5,1,8,3807,3,4,1,3,2,4,1,4,4,3,4,5,4,3,2,4,4,3,4,5,3,3,3,4,4,4,3,3,4,2,5,2,6,4,1,5,2,1,3,4,4,4,2,7,4
1,3,3,30,3,99,4,3,2,3,11,2,3,0,0,3,0,3,3,2,5,5,4,4,3,3,3405,7,2,3,2,2,7,7,6,2,2,4,7,4,1,4,3,4,5,6,4,2,2,1,2,7,2,2,3,5,1,4,2,4,6,4,3,3,1,4,7,2,3,1,7,1
1,3,3,98,1,1,4,2,2,2,4,2,6,3,0,3,0,3,4,3,1,5,3,8,2,6,3304,1,7,1,1,1,6,1,3,7,2,1,5,2,7,3,2,3,1,3,2,1,2,1,1,7,1,3,2,5,7,1,7,5,7,1,7,2,3,3,7,4,3,2,1,4
3,2,2,98,1,24,3,3,1,2,4,2,4,0,0,2,2,5,4,4,1,5,5,8,1,8,3802,3,7,1,1,1,3,1,7,7,1,2,7,7,1,1,3,7,2,4,7,1,4,3,1,2,7,1,5,1,2,7,4,5,4,1,3,5,7,1,7,4,4,7,1,5
2,1,2,29,1,25,4,2,1,3,12,2,3,1,0,2,0,3,2,3,1,5,5,9,3,2,3212,2,5,2,1,2,3,2,3,2,1,2,4,2,6,1,1,5,3,7,1,3,7,1,5,1,5,1,1,7,2,3,4,3,2,7,5,3,2,4,4,5,1,3,1,3
2,2,3,24,1,24,5,3,1,2,12,2,2,0,0,2,0,3,4,3,1,5,5,8,3,7,3709,1,7,1,1,1,7,1,1,3,1,1,7,1,1,1,7,1,1,3,7,1,1,1,1,1,7,5,7,1,7,3,5,3,7,1,7,3,7,1,7,1,7,1,3,1
1,2,3,98,2,64,4,2,1,3,12,1,3,0,0,3,0,3,1,1,1,5,5,5,3,3,3401,2,5,1,1,2,5,2,7,6,2,5,6,7,4,2,7,3,5,1,6,1,1,1,5,2,3,7,2,2,3,2,3,3,6,3,7,2,1,3,7,4,4,2,3,7
2,2,2,28,1,12,3,3,1,3,12,2,5,0,4,1,0,4,3,4,3,3,5,6,2,7,3705,4,5,2,1,1,5,1,1,5,2,7,7,3,3,4,4,1,1,1,6,2,1,3,1,1,6,4,2,4,2,1,3,6,2,3,3,3,1,4,3,4,6,2,7,5
3,2,2,1,1,99,2,4,2,2,2,2,3,0,0,2,1,5,4,4,1,3,5,7,2,2,3203,6,4,7,1,1,7,1,7,7,1,7,7,7,1,3,1,3,3,7,7,1,4,1,7,7,1,1,1,7,1,7,7,5,7,1,7,7,1,3,7,1,3,1,7,4
2,2,2,24,1,24,3,3,2,3,12,2,4,1,0,3,0,3,2,3,2,4,4,1,1,2,3203,4,5,6,4,4,4,1,6,6,4,3,6,4,3,4,5,3,2,3,6,2,4,3,5,5,4,4,4,1,4,4,4,4,6,3,6,5,2,4,4,3,5,3,4,4
1,3,2,1,1,1,3,4,1,4,2,2,2,0,0,0,2,3,3,3,1,5,4,9,3,6,3703,1,5,5,1,1,4,7,4,2,1,2,6,1,7,3,1,4,5,7,3,2,6,1,1,1,6,2,3,1,1,7,3,4,6,1,2,3,1,3,7,2,1,2,7,1
2,2,1,1,1,1,4,4,2,3,2,3,1,0,0,0,1,3,3,4,1,4,3,7,1,5,3602,7,7,1,1,1,7,1,7,7,1,7,7,7,1,1,7,4,1,1,7,1,1,1,7,4,1,4,4,1,7,7,2,4,7,1,7,3,1,4,4,1,7,1,7,7
2,1,2,28,1,12,4,2,1,3,11,2,4,2,0,2,0,3,2,3,1,5,5,9,2,6,3714,5,2,3,3,3,3,5,3,3,3,3,6,2,4,4,2,3,5,7,2,2,5,2,3,2,2,1,2,6,3,5,2,6,3,6,4,3,1,5,6,3,2,2,7,1
1,2,3,28,1,23,5,1,2,3,1,1,6,1,2,3,0,3,1,3,1,5,5,6,3,7,3805,7,2,7,6,5,1,1,6,4,1,2,5,3,7,3,5,4,4,7,5,2,7,1,5,4,1,2,1,6,4,5,3,5,1,3,1,5,3,6,5,5,2,1,7,3
2,2,2,1,1,1,4,3,1,2,2,1,2,0,0,2,0,3,4,4,1,4,2,9,4,6,3703,2,4,2,7,1,6,1,6,4,1,5,7,4,1,2,1,4,2,6,5,1,3,1,5,6,2,1,2,1,4,7,5,5,7,1,6,4,5,4,7,2,2,2,6,2
3,2,2,97,1,1,2,1,1,2,9,1,7,2,0,4,1,4,3,4,3,3,2,6,3,6,3710,1,4,6,3,1,6,1,7,5,2,4,6,4,3,4,3,2,1,1,5,2,7,2,2,2,2,3,4,6,6,4,5,5,6,4,3,6,2,3,6,1,7,4,4,5
3,3,2,1,1,1,2,3,1,2,9,3,1,0,0,1,0,4,4,3,3,3,3,3,1,5,3604,4,7,1,3,1,3,3,6,4,1,3,6,5,5,3,7,3,2,1,5,1,3,2,5,4,1,2,7,2,4,3,4,2,3,1,4,7,1,1,4,5,7,3,2,2
1,3,2,28,1,12,4,3,1,4,13,2,4,0,2,2,0,3,2,3,1,4,4,9,5,6,3601,5,3,3,3,2,3,2,3,2,2,4,5,2,7,4,1,3,5,7,3,2,3,5,1,2,5,1,3,2,1,7,2,5,3,5,2,1,3,4,7,4,2,2,4,2
2,2,4,98,2,4,3,1,1,1,3,1,4,0,0,2,2,3,3,4,2,5,5,1,1,2,3209,4,4,4,4,4,4,4,4,4,4,5,4,4,4,4,4,4,4,4,4,4,4,4,4,5,4,4,4,4,5,4,4,3,4,5,4,4,3,4,4,4,4,4,5,3
2,2,2,1,1,1,4,3,1,3,13,3,2,0,0,2,0,4,3,4,1,5,4,7,2,7,3708,4,4,1,1,1,5,2,4,6,2,2,6,6,1,3,6,2,6,5,4,3,3,4,5,2,5,3,2,2,5,6,4,4,5,4,2,4,1,4,7,2,3,2,6,4
2,3,3,98,1,9,4,1,2,3,11,1,2,0,0,2,0,4,4,4,2,4,4,7,3,1,3101,7,7,1,3,3,1,5,6,2,1,2,5,2,4,1,4,4,2,2,7,3,4,2,4,6,4,5,7,1,3,5,6,5,5,2,6,3,3,4,7,3,7,5,2,7
3,2,3,28,1,22,3,2,1,2,9,2,2,0,0,2,0,4,3,4,1,5,5,6,2,4,3507,4,7,1,7,1,5,1,1,7,2,1,7,4,1,1,1,4,4,7,7,1,7,1,4,1,7,1,1,6,4,4,5,4,7,1,2,4,7,4,1,1,1,4,7,1
2,3,3,98,2,1,4,3,1,4,10,3,3,0,0,3,0,2,4,4,1,1,1,8,2,5,3605,3,1,1,2,1,1,7,4,4,1,1,7,7,1,3,1,7,3,7,1,1,1,1,1,1,1,1,1,6,1,7,1,5,7,1,7,1,1,1,7,4,1,1,4,3
2,2,2,1,1,24,4,2,1,3,12,2,2,0,0,2,0,3,3,3,2,5,5,6,4,8,3803,5,6,1,2,1,3,3,5,3,1,2,6,6,7,1,5,2,3,2,6,2,2,3,1,2,5,6,3,2,5,4,2,5,6,3,6,4,3,3,5,2,4,2,6,6
2,3,3,1,1,1,5,3,2,2,9,2,2,0,0,2,0,4,4,4,1,5,4,5,2,5,3605,4,4,1,3,2,4,1,6,4,2,3,6,4,4,2,4,4,4,2,4,1,2,2,4,4,4,4,4,2,4,3,4,5,4,3,7,3,1,4,7,4,6,1,7,4
2,3,3,99,1,99,4,3,1,2,12,2,3,1,0,2,0,3,3,4,2,4,2,8,3,7,3705,6,7,1,2,1,4,5,4,4,1,1,7,4,1,2,2,4,3,4,4,2,4,2,4,2,5,3,3,5,2,6,4,4,7,2,6,3,1,4,4,4,4,2,6,6
3,3,4,98,3,99,6,2,2,1,4,2,3,1,1,1,0,4,4,4,2,2,2,1,2,2,3204,5,7,1,1,1,1,1,1,1,1,1,1,7,1,1,1,1,1,1,1,1,1,1,1,7,1,1,7,1,1,1,1,1,1,1,1,7,1,1,7,7,7,1,7,7
2,1,3,29,1,4,4,3,1,3,10,2,2,0,0,2,0,3,3,4,1,5,5,7,3,5,3610,4,2,4,6,2,3,2,3,5,5,3,6,2,3,2,2,5,5,6,3,4,6,1,6,5,1,2,1,6,1,7,2,6,5,4,5,2,1,4,6,3,2,3,2,3
2,2,3,98,1,23,3,1,1,3,12,2,2,0,0,2,0,3,2,4,1,5,5,7,2,5,3504,4,6,1,1,1,5,2,6,5,1,3,7,3,2,5,3,5,1,4,4,1,4,1,2,4,1,3,3,3,2,1,3,4,6,1,3,4,5,2,6,2,3,3,5,5
2,2,2,24,1,99,3,4,2,2,2,2,2,0,0,1,1,4,3,3,1,2,3,6,2,4,3510,7,7,4,1,1,1,1,7,6,1,1,7,7,4,1,7,6,3,1,5,1,4,1,1,3,1,4,6,1,7,1,2,5,4,1,2,6,1,1,4,4,6,1,7,1
2,2,2,24,1,24,3,4,2,3,2,4,1,0,0,1,0,4,4,3,3,3,4,1,1,4,3508,6,7,1,1,1,1,1,6,6,1,1,6,7,1,2,7,2,2,1,4,2,4,1,4,4,6,4,7,3,2,5,5,5,5,2,6,6,2,6,7,2,7,2,3,6
3,2,3,30,3,27,3,2,2,3,10,1,3,1,0,2,0,3,3,3,1,5,5,8,2,4,3409,1,6,3,1,2,4,1,4,2,4,3,3,3,6,2,4,4,3,1,6,2,5,3,5,1,3,3,6,1,2,3,6,2,7,2,2,2,4,2,5,3,6,4,2,3
2,2,3,1,1,1,3,3,2,3,11,3,2,0,1,1,0,4,2,3,1,5,5,7,2,2,3209,3,3,1,5,3,6,7,3,2,2,4,5,6,3,2,6,3,3,7,5,1,6,2,4,6,3,2,3,5,3,7,2,2,2,2,5,2,2,2,6,2,3,2,5,6
2,3,3,28,1,10,5,3,2,4,10,2,3,0,0,3,0,3,4,4,1,5,5,8,3,7,3808,5,3,1,2,1,2,1,5,3,1,1,7,2,3,6,3,3,3,7,3,3,7,3,1,4,3,2,1,7,2,7,3,4,3,2,4,1,1,4,4,6,2,3,7,3
2,2,3,30,3,27,3,2,2,3,11,1,3,1,0,2,0,3,3,3,1,5,5,7,3,4,3409,4,4,3,2,3,3,3,4,4,3,3,3,3,4,3,4,3,3,3,5,3,5,4,3,3,4,4,5,4,3,4,3,3,5,3,3,4,3,3,3,3,5,2,4,4
1,3,3,97,1,1,4,1,2,1,1,1,4,0,1,3,0,3,3,2,2,5,5,8,4,7,3705,2,5,5,3,3,2,1,7,7,2,1,4,7,7,1,3,4,6,4,3,1,4,3,4,3,1,1,4,4,4,6,4,4,3,4,2,4,5,4,5,4,4,1,5,4
2,2,3,22,1,22,4,3,2,3,10,2,4,0,1,3,0,3,3,4,1,4,4,9,2,2,3210,3,4,4,5,3,5,4,5,5,3,4,7,7,6,4,4,4,3,6,7,1,4,1,6,5,1,4,4,4,4,6,4,4,6,2,5,4,4,4,6,2,4,2,6,2
2,3,2,24,2,64,3,3,1,2,11,2,3,0,0,3,0,3,4,4,2,3,3,5,2,2,3206,4,4,1,1,2,4,1,3,7,3,3,4,6,3,3,1,4,3,4,4,3,1,1,4,1,6,4,4,3,4,4,1,4,5,1,1,3,3,2,4,1,6,1,7,1
2,2,2,6,1,1,3,2,1,3,12,2,2,0,0,2,0,3,2,3,1,5,5,7,3,6,3706,4,6,2,3,1,5,1,6,3,1,4,6,2,1,6,6,2,2,2,7,1,2,3,1,5,3,3,5,6,5,5,3,5,6,1,4,3,2,2,7,3,6,3,7,3
2,2,1,1,1,1,4,3,1,2,11,2,2,0,0,2,0,3,3,4,5,5,4,5,2,5,3609,4,7,1,1,2,4,5,4,2,2,1,7,2,4,1,7,3,3,1,4,1,1,2,2,2,7,6,4,6,5,3,4,3,7,4,4,3,1,5,1,3,6,2,2,6
2,2,2,666,1,70,4,2,1,3,12,2,3,1,0,2,0,3,2,3,3,5,5,7,3,6,3701,3,5,2,3,2,6,3,5,6,3,3,6,4,3,4,7,2,3,1,6,3,3,4,2,4,5,7,6,1,4,4,4,4,6,3,4,2,3,2,6,3,6,5,5,4
2,2,4,98,2,4,4,1,1,3,1,1,3,0,0,3,0,3,3,4,1,5,5,7,2,2,3202,3,3,3,5,4,2,2,5,3,2,3,5,3,3,3,5,5,5,5,4,2,5,1,5,2,2,2,3,3,7,5,3,5,6,2,6,3,1,4,5,5,3,3,5,5
3,2,4,98,2,1,1,3,2,2,10,2,4,0,0,3,1,5,4,4,2,4,4,7,2,2,3202,1,5,1,1,1,3,1,3,1,7,1,4,7,3,7,3,1,1,1,7,1,1,4,1,3,5,4,5,1,3,4,7,6,7,5,7,7,3,4,7,2,4,4,2,4
2,3,2,28,1,12,4,2,2,3,4,2,3,1,0,2,0,4,2,4,3,5,5,4,2,1,3101,7,4,5,1,1,6,4,4,5,1,7,7,5,6,2,4,4,5,6,5,4,4,2,5,5,1,2,4,5,6,7,3,4,5,4,5,3,3,5,5,4,4,3,3,4
2,2,4,98,2,64,4,2,1,3,11,2,5,2,0,3,0,3,1,4,5,5,5,8,5,1,3101,7,7,1,4,1,7,1,7,7,1,1,7,3,4,4,6,4,1,1,7,1,1,4,4,7,1,4,5,1,2,7,3,4,6,4,1,2,4,4,4,1,7,3,5,4
1,2,2,24,1,1,6,3,1,4,7,2,3,0,1,2,0,2,4,3,1,5,5,9,4,1,3101,7,7,1,1,1,7,7,7,7,1,1,7,4,1,4,7,1,1,1,7,1,1,4,1,4,7,4,7,1,5,4,3,1,7,1,7,1,4,2,7,1,7,4,2,4
1,3,2,29,1,25,4,2,2,4,8,2,4,0,2,2,0,3,1,3,1,5,5,9,3,5,3505,2,4,2,5,1,3,6,3,2,1,4,4,2,7,4,1,2,3,6,1,3,3,2,4,1,2,1,1,6,3,7,3,6,3,5,5,2,4,4,6,4,3,3,6,5
1,2,2,24,3,24,2,1,1,1,9,1,3,0,0,3,0,3,2,4,5,5,5,3,2,3,3303,2,7,1,1,1,6,1,7,7,4,1,5,3,7,4,1,2,5,7,7,1,2,1,1,1,7,3,7,1,7,4,1,3,5,4,3,7,7,1,7,1,3,4,2,4
2,3,2,97,3,24,3,3,1,3,9,3,2,0,0,2,0,4,3,4,2,4,5,3,3,5,3505,7,6,1,2,1,5,5,5,5,1,2,6,3,2,4,5,2,1,1,5,2,1,4,2,3,7,7,5,5,2,2,5,5,6,2,2,6,4,4,7,3,3,2,4,2
2,2,4,24,3,24,3,2,2,4,12,1,3,1,0,2,0,3,3,3,1,5,5,7,3,4,3509,5,7,1,1,1,7,1,7,7,1,1,7,7,1,4,7,4,4,1,7,1,1,1,1,7,1,1,4,1,1,4,7,1,4,1,4,4,4,2,7,4,7,1,4,1
1,2,2,30,1,27,6,2,2,4,8,3,1,0,0,1,0,3,1,3,5,5,5,4,4,6,3702,7,4,4,1,1,4,7,1,1,1,4,4,1,5,7,7,4,1,4,7,1,4,3,1,1,7,4,6,4,1,4,1,5,7,1,1,3,2,4,2,1,2,1,7,1
2,2,2,99,1,24,2,2,2,3,10,2,4,2,0,2,0,3,1,4,5,5,5,8,2,5,3610,4,1,1,1,1,1,1,7,7,1,1,4,1,1,1,7,3,1,7,7,1,3,1,1,7,3,4,7,1,1,1,5,4,7,1,1,6,5,4,7,1,3,4,1,2
1,3,2,29,1,4,4,1,2,3,1,1,2,0,0,2,0,3,1,3,1,5,4,7,2,1,3101,7,2,3,4,3,2,2,3,4,2,4,5,2,7,3,2,5,3,7,2,4,4,1,1,4,1,2,1,5,3,6,5,4,5,4,2,4,3,4,3,2,2,2,2,2
2,2,2,1,1,1,4,4,1,2,2,3,2,0,0,0,2,4,4,4,1,5,5,5,2,5,3602,7,4,4,1,4,1,5,3,3,2,3,6,1,1,3,4,2,2,2,4,2,1,5,1,2,7,7,2,7,4,5,4,5,3,4,2,3,4,4,6,5,4,3,7,3
2,2,2,99,1,1,3,2,1,3,12,1,3,1,0,2,0,3,3,3,1,5,5,7,2,2,3203,4,6,2,1,1,3,3,3,3,1,3,6,4,2,3,1,3,2,7,4,4,4,1,6,2,4,3,4,2,3,7,4,4,4,3,3,4,4,6,6,4,3,5,4,5
2,2,2,98,2,24,2,1,1,2,7,1,1,0,0,1,0,3,4,4,1,5,5,9,2,5,3603,5,7,1,2,1,1,1,7,7,1,1,7,7,7,7,6,1,1,1,6,1,3,4,1,2,6,7,7,1,5,1,4,1,7,1,1,4,6,1,7,1,7,2,3,1
2,2,3,98,1,24,4,2,2,1,9,2,5,3,0,2,0,3,3,3,1,5,5,6,3,3,3407,1,7,1,4,1,7,7,7,7,1,7,7,7,1,4,4,4,3,4,7,1,4,1,4,7,1,4,4,1,1,4,5,5,7,1,1,5,2,1,4,1,4,7,4,3
1,3,2,31,1,99,4,3,1,3,9,3,2,0,0,2,0,3,4,3,2,4,4,8,3,6,3702,7,6,1,1,1,7,3,5,4,1,1,7,5,4,4,3,4,3,4,6,1,1,5,1,3,4,5,5,1,7,4,4,4,5,4,4,4,4,4,4,4,4,3,4,4
1,1,3,29,2,64,2,1,1,1,3,3,4,1,0,3,0,3,3,1,3,1,1,3,3,7,3811,4,3,4,4,4,3,4,3,3,4,4,4,5,3,4,4,4,4,3,4,4,3,3,4,4,4,4,4,4,5,3,5,4,4,4,5,4,4,4,4,4,4,4,4,3
2,2,4,97,2,1,3,1,1,3,13,2,3,1,0,2,0,3,2,4,1,5,5,8,3,7,3709,1,4,4,1,1,1,1,5,7,1,1,4,4,7,4,4,5,4,7,4,1,1,5,1,2,4,4,4,1,2,4,4,4,4,4,1,3,4,4,7,1,4,1,4,4
1,3,3,88,1,88,5,2,1,3,12,2,2,0,0,2,0,3,3,4,1,5,5,7,2,4,3509,4,5,3,6,1,3,6,2,2,3,2,4,5,5,2,6,3,3,3,5,2,3,4,1,1,2,2,4,4,2,2,3,4,5,3,3,3,3,3,3,4,5,3,6,3
2,2,2,6,1,1,3,3,1,2,12,2,4,0,1,3,0,3,3,2,2,4,4,3,2,4,3409,4,6,1,5,2,7,1,6,5,2,5,5,3,7,4,1,6,3,7,4,3,6,3,5,2,4,5,5,4,1,6,3,5,4,5,4,6,2,4,4,3,5,2,6,4
2,3,4,98,2,99,5,2,1,2,12,1,1,0,0,1,0,3,4,4,1,5,5,6,2,4,3409,5,7,1,7,1,1,1,1,1,1,1,1,1,1,1,1,7,7,1,1,1,1,1,1,1,1,1,1,1,1,7,1,7,7,1,7,7,1,1,1,7,1,1,7,1
2,3,3,98,2,99,3,1,1,2,3,1,1,0,0,1,0,4,3,4,1,5,5,1,1,4,3507,4,7,1,4,1,1,1,4,3,1,1,4,4,4,4,4,4,4,4,4,3,4,4,4,3,1,4,6,2,3,3,3,5,4,4,4,3,4,4,4,5,4,4,4,4
1,3,2,99,1,4,4,1,1,3,10,1,2,0,0,2,0,3,1,3,2,5,5,7,2,7,3711,1,5,6,5,3,6,1,5,5,3,6,5,4,6,3,3,4,3,5,3,4,3,3,5,3,2,2,3,5,5,7,2,3,5,3,3,3,2,4,3,3,1,2,5,5
1,1,3,98,3,6,5,3,1,4,12,2,5,0,1,4,0,3,2,4,2,4,4,9,3,8,3804,4,3,3,3,4,3,2,4,3,3,3,5,2,2,3,2,5,4,7,2,3,3,3,5,2,2,2,2,6,2,6,3,6,5,4,3,2,2,4,3,2,1,2,6,2
1,3,1,28,1,12,6,3,1,3,7,2,4,1,1,2,0,3,3,4,5,5,4,9,5,2,3209,2,5,1,3,2,2,7,4,3,2,4,2,4,5,4,1,4,5,5,2,4,6,5,1,3,5,1,2,4,4,4,2,2,7,2,5,1,2,4,3,4,5,2,4,1
2,2,2,6,1,24,5,2,1,3,12,2,3,1,0,2,0,3,3,4,5,5,5,8,3,2,3209,3,6,1,4,1,6,1,5,5,5,5,7,7,4,4,4,1,3,5,4,2,4,3,2,3,3,4,5,1,7,5,4,5,7,1,7,1,4,4,7,5,3,4,7,7
2,3,2,28,1,1,4,2,1,4,12,2,4,1,1,2,0,3,1,3,2,1,3,9,4,2,3208,4,3,2,4,2,5,5,5,3,2,2,4,5,3,3,2,3,3,7,4,3,5,2,3,4,2,1,2,4,2,5,4,4,5,4,4,3,3,4,3,4,3,3,4,5
1,2,2,24,1,24,4,2,1,3,10,2,4,0,0,4,0,3,2,2,1,5,5,3,3,2,3208,4,7,1,4,1,3,1,4,2,1,1,3,4,1,5,3,4,1,1,3,2,1,1,3,1,1,7,4,1,5,4,1,6,4,1,1,1,7,1,6,1,5,4,5,1
2,2,2,22,1,4,4,3,1,4,10,2,3,0,1,2,0,4,3,4,1,5,5,8,3,8,3807,7,4,6,6,7,7,2,7,5,5,4,6,2,1,2,4,4,5,6,4,4,6,1,4,5,2,3,1,4,2,3,5,5,7,1,4,1,3,4,4,4,3,2,6,4
2,2,4,24,3,24,3,3,2,2,9,2,4,1,1,2,0,4,4,4,1,1,3,6,2,2,3206,4,5,2,1,1,1,1,5,7,2,2,4,6,4,2,4,4,3,3,7,1,4,2,4,4,2,4,6,1,2,3,6,4,6,2,4,5,4,3,7,4,5,3,5,4
2,3,2,29,1,99,3,2,1,3,7,1,3,0,0,3,0,3,2,3,1,5,5,9,3,3,3301,1,2,2,4,1,5,3,5,3,4,3,7,3,4,3,1,4,4,7,4,1,6,1,4,5,4,1,1,3,2,4,4,4,4,4,2,2,4,2,5,4,2,3,3,2
2,2,4,98,2,24,3,3,1,3,12,2,3,0,0,3,0,4,4,4,2,4,3,9,2,7,3709,1,5,1,1,1,3,5,7,2,1,2,3,5,4,4,4,2,3,7,2,2,1,3,1,2,4,1,3,7,3,4,3,5,3,6,3,4,3,1,5,2,4,2,4,3
2,2,3,1,1,1,3,2,2,4,4,2,5,3,0,2,0,3,2,4,2,3,1,5,3,1,3101,7,4,3,3,4,3,3,3,3,3,3,3,4,5,3,3,3,4,3,3,3,3,3,3,4,3,3,4,3,3,5,4,4,4,5,4,4,3,4,4,3,5,4,4,4
2,2,2,1,1,1,5,3,1,4,2,2,2,0,0,2,0,3,2,4,1,5,5,8,3,5,3606,6,7,1,1,1,6,1,7,7,1,1,7,4,1,4,7,1,1,1,5,1,1,4,1,2,7,7,6,1,4,7,2,3,7,1,7,2,4,4,7,4,7,1,7,4
2,3,3,98,1,24,4,1,2,4,12,1,1,0,0,1,0,3,2,3,1,5,5,3,1,3,3301,7,6,2,5,1,1,3,5,4,1,3,6,3,6,6,5,4,4,1,4,3,3,3,5,1,1,3,6,2,7,2,5,2,6,3,7,3,3,4,6,4,4,5,1,7
1,3,3,29,1,25,5,3,1,2,13,2,3,0,1,2,0,3,4,4,1,5,2,7,3,7,3809,3,7,1,1,1,5,1,4,4,1,3,6,7,2,2,4,5,6,7,4,2,1,2,2,2,6,2,5,1,3,4,3,3,7,6,3,2,1,2,4,3,4,4,3,3
3,2,3,98,2,99,3,1,1,2,2,1,4,2,0,2,0,4,4,4,5,5,5,1,1,4,3506,1,3,3,6,3,2,3,2,3,3,5,4,5,1,4,4,5,4,3,3,6,6,3,2,4,2,3,6,4,4,7,3,6,6,7,6,4,4,3,5,3,4,3,5,6
1,1,2,97,1,4,4,1,1,1,1,1,4,1,0,3,0,3,1,3,1,5,5,6,4,8,3807,7,1,4,4,3,3,1,3,5,1,4,4,2,3,3,5,6,7,7,1,5,5,1,7,5,1,2,2,4,1,6,3,6,4,4,2,1,5,4,1,3,3,1,4,2
2,2,2,24,1,24,4,1,1,3,9,2,3,1,0,2,0,4,2,4,1,5,5,7,2,6,3702,7,5,7,1,1,2,1,5,7,3,4,5,1,3,5,4,3,2,2,2,3,1,3,1,1,7,2,4,3,2,5,4,7,4,7,3,1,1,4,3,3,5,1,5,6
2,2,2,1,1,1,4,2,1,3,9,1,4,2,0,2,0,3,2,4,1,5,5,7,2,5,3505,7,4,1,1,1,2,1,6,4,1,4,5,2,1,3,1,4,4,7,5,1,1,2,1,5,1,1,1,7,7,7,4,7,3,7,1,6,1,4,4,3,1,1,7,1
1,1,3,1,1,1,4,2,1,4,11,1,1,0,0,1,0,3,3,4,1,5,4,6,1,7,3709,5,3,2,3,2,2,1,2,3,2,2,3,2,3,3,2,2,2,6,4,3,3,2,2,2,2,4,3,3,1,4,3,5,5,5,1,3,4,6,5,4,3,2,4,2
1,2,3,31,1,31,4,1,2,4,12,1,3,0,0,3,0,3,2,4,1,5,5,7,4,2,3203,6,6,7,1,1,5,7,6,6,1,1,5,2,5,3,6,4,3,5,5,3,2,1,6,5,1,4,4,3,6,5,1,3,4,4,5,2,2,4,3,2,4,2,7,5
1,3,4,97,1,12,5,1,2,1,1,1,7,0,0,6,1,2,2,3,1,5,5,7,4,6,3703,3,5,7,6,2,5,1,5,3,3,6,3,1,3,2,3,4,4,7,1,3,4,1,7,5,1,1,4,4,7,6,3,6,5,2,4,4,2,4,7,3,1,1,6,7
2,2,2,99,1,25,4,3,1,4,12,2,2,0,0,1,1,4,2,4,1,5,5,7,2,1,3101,7,7,2,1,1,5,4,4,2,1,1,7,5,5,5,1,1,2,7,6,1,4,6,1,1,7,1,4,5,3,6,3,2,7,2,5,1,2,1,4,4,2,6,6,5
2,2,2,24,1,24,2,3,2,2,9,2,3,0,0,3,0,5,4,4,4,2,3,1,1,4,3402,5,5,1,1,1,7,1,7,7,1,1,7,7,2,1,7,4,1,1,7,1,3,1,3,4,4,4,5,1,5,7,7,4,7,4,7,2,1,1,2,1,7,4,4,1
2,3,4,99,1,99,4,2,1,4,7,3,4,2,0,2,0,3,2,3,1,5,5,8,4,6,3703,2,2,1,3,1,4,6,5,3,1,2,6,3,7,3,5,5,5,6,5,1,3,1,3,4,5,6,3,5,3,7,3,1,6,2,3,2,3,6,7,6,4,1,7,6
2,3,2,28,1,12,4,3,1,4,12,2,5,0,3,2,0,4,3,4,2,5,5,9,4,6,3701,3,2,1,1,1,3,2,2,3,1,1,4,2,2,1,1,5,4,7,2,3,2,1,3,3,7,1,1,5,3,7,4,4,5,1,5,1,1,3,4,5,1,2,4,4
2,2,3,28,1,23,4,1,2,4,4,2,3,1,0,2,0,4,3,4,1,5,5,8,2,1,3101,7,6,2,5,2,2,1,3,5,3,2,2,3,2,3,4,5,4,5,4,2,3,4,3,5,4,3,5,2,1,5,4,3,7,6,3,3,5,3,4,4,4,3,5,3
2,3,2,29,1,25,3,2,1,4,12,2,3,1,0,2,0,3,2,3,1,5,5,8,3,5,3505,7,5,4,1,3,3,4,4,5,3,3,6,1,4,3,2,5,5,7,3,3,5,3,3,3,5,1,2,5,4,7,2,5,4,5,4,2,2,4,3,4,2,3,6,6
2,2,3,24,1,24,4,2,1,2,12,3,1,0,0,1,0,3,4,3,1,1,1,7,1,6,3706,4,7,1,1,1,1,1,7,7,1,1,7,7,1,4,7,2,3,1,7,1,1,3,1,1,7,7,3,1,7,2,4,4,7,3,1,4,3,3,4,4,4,4,4,4
2,3,4,24,1,24,4,3,2,4,10,2,3,0,0,3,0,3,2,3,1,5,5,8,5,7,3705,6,5,5,5,5,7,1,7,5,4,5,7,3,2,4,5,3,1,2,7,3,4,6,1,6,3,5,2,4,5,6,3,3,5,1,7,1,1,4,7,3,6,4,6,5
1,1,2,30,1,4,4,2,1,4,11,2,2,0,0,2,0,3,1,4,1,5,5,8,4,7,3809,2,5,1,2,1,2,1,3,3,2,4,3,2,6,2,2,5,5,6,2,3,1,1,6,2,1,1,1,7,2,1,2,6,2,7,3,2,2,5,7,2,2,1,7,5
3,2,3,24,1,24,1,2,2,2,4,1,5,2,0,2,1,4,4,4,4,5,2,1,3,5,3609,4,7,1,7,1,7,1,1,7,1,1,7,1,1,1,7,1,1,1,7,1,1,1,1,7,1,7,7,1,7,1,7,1,7,1,7,7,7,1,7,1,7,7,1,1
1,1,3,1,1,1,5,1,1,4,13,1,2,0,0,2,0,3,1,3,2,5,5,6,3,8,3807,7,2,3,2,2,2,5,4,4,4,5,4,2,5,4,3,6,4,7,5,4,3,2,5,2,1,4,2,6,2,6,2,4,2,6,2,2,2,4,2,4,1,2,6,2
3,2,2,28,1,12,3,2,1,2,7,1,4,2,0,2,0,3,3,4,1,4,5,6,3,3,3406,1,5,1,2,1,2,1,6,1,1,2,7,6,1,4,3,2,3,1,5,1,1,2,1,1,2,5,3,5,1,6,3,6,7,1,2,6,6,4,6,4,2,5,5,1
3,2,4,1,1,1,4,3,2,2,9,2,2,0,0,2,0,4,4,4,3,4,3,5,1,8,3807,7,7,1,1,1,7,1,7,7,1,7,7,7,1,4,4,4,1,4,7,1,3,3,4,7,1,4,7,1,7,4,4,4,7,1,7,5,4,3,7,4,4,1,7,4
2,2,2,28,1,24,4,3,2,2,8,1,4,1,1,2,0,3,3,2,5,5,5,8,3,6,3702,7,7,1,1,1,2,4,7,3,1,2,7,4,3,1,4,4,2,2,5,1,3,1,7,2,6,7,6,1,4,7,3,6,4,4,2,4,1,4,4,4,4,2,7,4
2,3,3,28,1,23,4,1,2,4,13,1,2,0,0,2,0,4,2,3,1,5,5,3,3,1,3101,7,7,7,7,1,3,4,4,4,1,4,7,7,1,1,4,3,3,4,4,1,1,1,7,3,1,1,4,3,7,4,4,4,4,4,4,3,4,4,6,3,4,4,4,4
2,1,1,29,1,4,5,1,2,4,12,1,2,0,0,2,0,3,1,3,1,5,5,3,3,8,3807,7,2,5,7,3,3,4,5,4,5,5,5,1,4,4,2,6,3,7,2,4,7,2,3,4,1,1,1,5,2,6,2,6,2,4,3,3,2,4,4,6,1,1,4,3
2,2,1,1,1,1,3,2,2,4,12,2,3,1,0,2,0,3,1,3,4,4,4,7,2,7,3805,7,2,1,1,1,4,1,6,3,1,4,7,7,7,1,1,6,2,7,7,2,2,1,2,3,5,4,2,1,5,7,2,5,6,1,5,3,2,1,4,3,3,1,7,1
2,2,3,31,1,31,4,3,2,4,13,2,2,0,0,2,0,3,2,3,1,5,5,7,3,6,3703,2,4,2,2,2,3,2,3,2,2,2,2,2,3,4,3,5,2,6,2,2,2,3,4,3,5,6,2,6,2,6,4,5,3,2,3,2,3,5,3,4,5,2,6,2
2,2,1,1,1,1,3,3,2,4,12,2,2,0,0,2,0,3,3,3,1,5,5,6,4,8,3803,5,7,1,1,2,5,4,1,5,1,1,7,7,5,4,7,1,1,1,7,1,1,2,1,5,4,6,5,7,4,1,4,4,7,1,6,5,1,4,7,1,7,1,7,4
1,3,2,28,1,4,3,2,2,4,7,2,3,1,0,2,0,2,1,2,1,5,5,9,4,1,3101,7,1,7,7,2,5,3,7,4,3,4,7,1,4,3,3,7,5,7,2,3,5,1,5,7,1,1,1,5,1,7,3,5,4,6,6,3,2,4,4,5,1,2,6,5
1,2,2,88,1,1,4,4,1,2,2,2,2,0,0,2,0,3,4,4,2,4,4,6,2,4,3503,5,6,1,1,1,2,2,5,4,2,2,6,4,4,5,3,3,2,6,5,2,3,2,3,2,7,4,4,6,1,6,3,4,5,2,2,4,3,3,6,3,3,3,6,4
2,3,2,29,1,4,4,2,2,4,10,1,2,0,0,2,0,3,1,3,1,5,4,2,3,1,3101,7,1,3,5,5,4,1,6,6,5,3,5,1,2,3,1,6,5,7,3,3,7,1,7,7,1,1,1,6,1,7,6,2,5,4,3,3,2,4,5,4,1,2,2,1
1,3,2,28,1,12,5,3,1,4,12,2,4,2,0,2,0,3,1,3,1,5,5,9,5,1,3101,7,4,3,4,4,3,6,3,3,4,2,2,1,5,2,1,4,5,6,1,3,6,2,1,1,4,1,1,7,2,7,2,6,4,4,4,1,1,4,4,4,2,1,7,2
2,2,2,88,1,99,3,2,2,4,12,1,4,2,0,1,1,4,3,3,1,5,5,8,1,1,3101,7,4,4,1,3,4,1,5,4,3,3,5,4,4,4,4,3,3,1,7,1,4,4,2,1,2,4,7,2,4,2,2,5,4,4,3,1,1,2,4,1,7,2,7,4
2,2,2,99,1,4,4,2,2,4,12,1,2,0,0,1,1,2,1,3,2,5,5,7,2,7,3805,7,4,1,5,4,7,1,5,4,4,6,7,5,4,2,7,2,6,7,2,2,4,1,2,7,4,1,3,4,2,5,4,6,7,4,6,2,1,3,6,4,4,4,3,4
1,2,3,31,1,31,5,2,2,4,12,1,2,0,0,2,0,3,3,4,1,5,5,9,5,8,3807,7,7,5,4,1,3,5,3,5,1,1,7,4,4,3,4,4,4,4,4,1,2,1,2,2,1,1,6,4,1,4,3,4,7,2,2,2,3,5,7,4,3,4,4,3
2,3,1,28,1,12,4,3,1,4,12,2,2,0,0,2,0,2,2,4,1,5,5,8,2,1,3101,7,4,1,3,4,1,7,3,1,1,4,7,1,7,3,7,3,7,1,4,4,7,3,1,4,4,1,3,1,4,5,4,4,3,1,7,3,1,4,7,4,7,4,1,1
1,2,2,28,1,12,4,3,2,4,13,2,2,0,0,2,0,3,1,4,2,4,4,9,3,8,3802,2,5,5,2,1,5,6,3,3,2,3,5,3,3,3,2,3,2,6,5,2,5,2,1,6,2,4,3,2,2,2,2,3,6,3,3,1,1,3,7,2,1,2,5,5
1,2,1,28,1,99,3,2,2,4,12,2,3,1,0,2,0,3,2,1,1,5,5,8,3,5,3607,3,6,5,1,1,1,3,1,1,1,1,5,3,6,1,7,1,1,4,7,1,1,1,1,1,1,4,5,1,1,4,3,4,7,1,4,1,4,4,3,2,5,2,5,1
2,2,3,1,3,99,1,2,2,4,8,2,4,2,0,2,0,3,3,3,5,5,5,9,3,8,3807,7,6,1,1,1,3,2,3,2,1,1,5,2,6,4,1,2,2,6,3,2,4,1,2,6,2,1,3,3,3,3,4,1,6,6,2,6,4,1,7,2,3,4,4,2
1,3,2,29,1,4,4,1,1,4,7,1,2,0,0,2,0,3,1,3,1,5,5,4,3,1,3101,7,3,5,5,5,2,4,4,2,4,4,5,1,3,3,1,6,4,7,3,3,7,2,5,5,1,1,1,6,3,6,3,5,4,4,4,2,4,4,7,3,1,1,5,4
1,2,2,98,2,99,4,2,2,4,12,1,2,0,0,2,0,3,2,1,1,5,5,8,4,6,3702,7,3,6,1,2,6,1,5,4,1,2,7,2,6,2,1,6,5,7,5,2,3,1,7,5,1,1,1,6,2,6,2,3,7,2,2,2,4,2,4,1,1,4,3,1
2,2,2,29,1,4,3,1,2,4,8,2,1,0,0,1,0,3,1,3,1,5,5,8,4,1,3101,7,1,4,7,7,5,4,5,7,4,6,7,1,6,4,1,5,4,7,2,4,7,1,7,7,1,1,1,4,4,7,4,1,4,4,1,5,4,7,4,1,1,2,4,4
3,2,2,99,1,99,3,2,2,4,12,1,1,0,0,1,0,4,2,4,1,5,5,7,1,1,3101,7,6,3,3,3,7,1,1,7,2,7,7,2,1,6,1,4,2,7,6,1,4,3,2,7,1,1,4,1,3,6,7,3,7,4,2,4,7,1,7,1,1,3,1,2
1,1,1,28,1,12,5,1,1,4,12,1,2,0,0,2,0,2,1,3,1,5,5,6,3,1,3101,7,1,7,3,5,1,3,5,1,3,2,3,5,4,2,1,6,6,7,1,5,7,2,5,3,1,1,1,6,1,7,2,5,3,7,1,1,4,4,2,7,1,3,6,2
2,2,1,6,1,1,3,3,2,4,10,3,3,0,0,2,1,3,1,3,1,1,1,8,3,6,3702,7,4,1,1,1,7,1,7,7,1,1,7,1,1,4,7,1,1,1,7,1,1,4,1,7,1,7,1,7,1,1,1,5,7,1,1,4,1,1,7,1,7,4,7,4
1,2,2,28,1,12,6,3,2,4,12,2,2,0,0,2,0,2,1,3,1,5,5,7,3,4,3508,3,4,2,1,1,1,3,3,3,1,1,6,2,5,3,2,3,3,6,5,2,3,2,2,2,5,1,1,6,5,6,2,5,5,2,3,1,1,4,4,4,2,2,5,2
3,1,2,29,1,25,4,2,2,4,10,1,4,0,0,4,0,4,1,3,1,5,5,1,4,8,3802,3,4,7,1,1,4,7,4,4,1,1,7,1,1,1,1,5,4,7,4,4,4,1,5,7,1,2,1,7,7,4,3,3,3,4,1,4,5,7,3,4,1,3,7,2
3,1,2,28,1,12,5,2,2,4,12,1,2,0,0,2,0,2,1,2,1,5,5,6,5,1,3101,7,2,7,3,5,2,5,5,2,5,3,4,1,3,2,1,6,6,7,2,6,7,1,7,6,2,1,1,6,1,7,2,3,6,2,2,1,3,5,2,5,1,2,5,2
2,2,1,6,1,1,3,2,2,4,4,2,3,1,0,2,0,3,2,3,1,5,5,7,2,8,3802,3,4,3,1,1,2,1,4,6,1,2,4,1,7,1,2,7,3,7,3,1,4,1,7,2,1,4,5,2,4,7,2,6,7,5,2,1,4,1,4,1,1,2,7,5
2,3,2,29,1,4,4,3,2,4,12,2,2,0,0,2,0,3,4,3,1,5,4,7,3,1,3101,7,4,2,4,4,4,2,3,4,3,5,6,3,4,4,1,5,3,6,3,3,5,3,5,4,1,2,1,5,3,5,4,5,5,4,5,3,3,3,4,4,2,4,4,2
1,1,2,28,1,12,5,4,1,4,12,2,2,0,0,1,1,2,2,3,2,4,4,9,4,1,3101,7,3,5,3,3,2,6,2,3,2,2,6,1,4,3,1,5,4,7,3,4,6,4,2,3,2,1,1,6,4,5,2,5,4,3,4,2,2,4,3,4,2,1,7,2
2,2,1,6,1,6,4,3,2,4,12,2,4,0,1,3,0,3,2,4,2,3,3,9,5,6,3702,7,6,2,1,1,5,5,5,4,1,1,5,4,3,1,5,5,2,5,6,1,4,1,6,5,3,4,5,2,4,6,3,5,4,1,5,3,3,4,6,2,3,3,5,4
1,1,2,29,1,4,5,2,2,4,12,1,2,0,0,2,0,2,1,2,1,5,5,8,3,1,3101,7,1,4,2,1,3,1,4,5,1,1,7,2,2,1,2,7,7,7,2,3,3,1,5,1,1,1,1,5,2,7,1,3,1,4,1,1,1,4,2,3,1,1,6,2
1,1,1,29,1,4,4,3,2,4,12,2,3,0,0,3,0,2,1,3,1,4,4,9,2,1,3101,7,2,5,4,5,4,5,2,2,4,3,3,2,2,2,1,4,4,7,1,3,6,2,5,3,4,1,6,6,2,7,2,6,3,5,1,2,4,4,2,6,1,2,5,3
1,3,2,28,1,12,4,1,1,2,12,1,1,0,0,1,0,3,3,4,1,4,4,8,2,8,3802,6,4,3,2,2,2,2,5,3,3,3,3,2,7,2,7,3,2,4,4,2,2,2,1,3,2,6,4,6,5,2,3,3,4,5,2,1,3,4,5,4,3,2,6,2
2,3,2,28,1,23,4,3,2,4,10,2,4,0,1,3,0,3,2,3,1,4,5,9,5,1,3101,7,4,2,2,4,3,7,3,3,1,3,7,2,5,4,1,4,5,7,2,3,6,1,4,7,1,1,2,7,1,5,4,4,5,2,7,2,3,1,7,4,1,2,6,5
1,1,2,28,1,12,5,3,2,4,12,2,2,0,0,2,0,3,2,3,2,5,5,8,2,5,3606,6,5,1,2,1,3,2,5,1,1,1,7,5,7,4,3,4,2,4,2,1,4,3,1,1,4,1,2,6,5,5,1,7,4,3,3,2,1,4,7,1,4,1,7,1
1,2,2,28,1,99,5,2,2,4,12,1,2,0,0,2,0,2,1,3,1,5,5,6,4,1,3101,7,3,6,5,4,3,6,5,3,3,4,5,4,5,5,2,7,3,7,3,2,6,2,5,5,2,1,2,6,6,6,3,2,4,4,5,2,3,6,4,6,2,2,3,2
2,2,2,1,1,1,4,1,2,2,4,2,3,1,0,2,0,3,4,4,2,4,4,2,2,8,3804,2,7,4,1,1,5,1,5,7,1,4,4,7,4,3,7,4,4,7,4,2,4,3,4,1,7,3,7,1,4,7,5,3,4,3,7,5,1,4,4,3,4,5,1,7
2,2,2,88,1,24,4,2,2,4,12,2,5,2,1,2,0,3,2,3,2,5,5,9,0,7,3805,7,6,1,1,1,5,1,2,1,1,1,6,6,7,1,7,4,4,2,5,1,1,1,3,6,7,2,6,1,3,4,2,2,4,1,4,3,1,1,3,2,4,5,1,2
2,2,2,98,1,1,1,1,2,4,1,1,3,0,0,2,1,3,1,2,1,5,5,9,2,8,3806,2,6,1,1,1,7,1,7,7,1,1,7,7,1,7,7,1,1,4,7,1,4,7,1,7,1,1,7,1,4,4,7,1,7,1,7,4,7,1,7,1,7,7,1,7
2,3,2,97,3,10,4,2,1,2,9,1,1,0,0,1,0,4,4,4,1,5,4,5,1,4,3509,5,4,4,2,3,4,1,4,6,3,5,3,2,3,4,1,6,3,7,3,2,4,4,5,4,5,1,2,7,1,6,4,3,3,3,3,3,3,2,7,2,3,6,3,4
1,3,2,30,1,12,6,2,2,4,10,2,4,1,1,2,0,3,2,4,1,5,5,8,4,1,3101,7,3,5,1,6,3,6,4,2,4,2,5,1,6,4,3,4,3,2,2,2,6,3,2,3,1,1,2,5,3,3,2,6,3,6,6,1,2,4,4,4,5,1,6,1
1,2,3,30,1,12,3,2,2,4,4,2,4,2,0,2,0,2,2,3,2,5,5,8,2,2,3208,2,4,2,4,2,5,2,6,2,4,1,4,4,3,2,2,5,2,7,4,3,6,2,4,3,4,2,2,5,1,4,4,5,4,4,2,4,2,2,5,4,4,4,5,2
2,1,1,28,1,12,4,2,1,4,12,2,2,0,0,2,0,2,1,2,1,5,4,8,4,1,3101,7,3,1,5,2,4,5,3,3,1,3,6,3,5,5,1,4,5,7,2,4,6,3,4,2,3,1,2,5,2,5,4,5,5,5,6,2,2,2,7,4,1,3,3,5
1,3,4,28,1,10,6,1,2,4,4,2,3,1,0,2,0,3,2,4,1,5,5,8,3,1,3101,7,4,5,6,2,3,2,4,3,2,5,5,2,3,2,3,5,2,7,2,3,3,1,5,6,6,1,1,4,2,7,2,6,5,4,6,1,3,4,7,4,3,1,6,5
2,3,4,98,2,99,6,3,2,2,9,4,3,0,1,2,0,3,4,4,1,1,1,1,1,4,3507,1,7,7,7,7,7,7,7,7,7,7,7,7,7,7,7,7,7,7,7,7,7,7,7,7,7,7,7,7,7,7,4,7,7,7,7,6,7,7,7,6,4,6,6,5
2,2,2,29,1,25,4,1,2,1,1,1,4,0,0,4,0,3,1,3,2,5,5,2,0,5,3501,3,4,3,2,4,5,1,5,4,4,3,4,2,2,3,1,3,3,7,3,2,2,1,3,4,1,1,2,4,2,6,4,2,4,1,2,3,4,4,4,1,2,2,2,3
2,3,1,29,1,4,4,1,1,4,10,2,2,0,0,2,0,3,1,3,5,5,5,2,3,1,3101,7,1,5,7,7,5,1,6,6,5,6,4,1,3,1,1,7,5,7,1,4,5,1,7,7,1,1,1,5,1,7,3,4,3,7,3,2,3,6,1,4,1,1,5,6
2,1,2,29,1,4,4,2,2,4,13,1,1,0,0,1,0,2,1,1,1,5,5,4,2,1,3101,7,1,5,7,5,3,5,5,5,3,7,7,1,3,1,1,5,4,6,4,4,1,1,7,2,1,1,1,7,1,7,1,6,7,1,1,5,1,6,2,2,1,1,7,2
2,2,2,29,1,4,4,1,1,3,1,1,3,0,0,3,0,3,1,3,1,5,5,6,2,7,3811,1,5,3,1,2,6,1,3,4,2,4,5,2,3,3,7,4,2,2,5,1,4,2,4,2,3,3,5,3,4,4,3,5,5,3,3,4,4,3,5,5,5,2,4,3
2,2,2,1,1,1,4,3,2,2,9,2,3,0,0,3,0,4,4,4,4,5,3,6,3,8,3803,6,7,1,1,1,7,1,1,5,1,2,6,7,1,2,1,4,2,4,6,1,1,2,2,6,4,2,7,1,5,4,5,5,7,2,5,3,1,2,7,1,6,3,5,2
2,1,2,28,1,99,3,3,2,4,7,3,3,0,1,2,0,3,2,3,1,1,1,5,3,1,3101,7,4,3,3,3,4,4,4,4,4,4,4,3,4,4,1,4,6,4,3,4,4,4,1,4,1,1,1,5,3,7,3,4,4,5,4,4,3,4,4,3,4,4,5,1
2,2,3,1,1,1,4,2,2,2,9,1,5,2,0,3,0,4,4,4,1,5,4,8,3,8,3804,1,6,2,1,1,6,1,6,5,2,2,6,6,3,3,5,4,3,1,4,3,2,2,3,5,1,3,5,2,4,4,4,3,5,4,5,3,5,2,6,2,6,2,5,6
2,2,2,99,1,99,4,2,2,2,4,2,4,2,0,2,0,3,3,4,1,5,5,8,3,7,3705,1,5,3,2,1,4,1,5,5,2,1,5,5,7,4,4,4,4,4,4,3,4,3,4,5,4,4,5,1,4,3,5,4,4,4,5,4,4,5,5,3,4,1,7,4
2,3,4,98,2,99,5,3,1,2,11,2,2,0,0,1,1,3,3,3,1,5,5,4,1,8,3802,6,6,1,3,1,3,4,3,2,2,4,5,1,7,3,3,3,3,3,7,1,2,6,3,3,1,3,2,5,6,1,5,4,3,3,3,4,4,4,3,3,4,3,3,4
2,1,2,99,2,1,3,2,2,2,9,2,3,1,0,2,0,4,3,3,3,3,3,4,3,4,3510,2,4,4,4,4,4,3,3,4,4,4,4,4,4,3,3,4,3,4,4,4,4,3,4,3,3,3,7,4,3,4,4,3,4,4,4,4,4,4,4,4,4,3,4,4
3,2,3,24,1,24,1,3,2,3,3,3,1,0,0,1,0,4,4,4,2,4,3,4,1,6,3707,4,4,1,1,1,5,1,4,5,1,5,4,3,7,1,1,4,3,3,6,1,4,1,7,7,4,4,6,1,3,1,7,2,7,1,4,5,1,1,7,4,6,6,1,4
2,2,3,98,2,70,1,2,2,3,9,1,2,1,0,1,0,3,2,3,1,5,5,5,2,3,3405,7,7,1,3,1,7,1,4,7,1,7,5,1,7,1,7,1,1,4,7,1,1,1,1,1,1,1,4,1,7,4,7,6,7,7,2,7,6,4,7,1,6,5,6,2
2,2,3,88,3,99,4,2,1,2,12,2,3,1,0,2,0,3,4,4,1,5,5,7,3,5,3505,2,4,1,5,7,2,1,5,1,1,1,7,5,2,4,7,2,3,1,5,2,1,4,1,2,4,4,1,6,1,4,2,2,6,1,7,3,1,1,4,2,7,4,4,7
2,2,3,24,2,99,4,3,1,2,7,2,4,1,1,2,0,3,4,4,1,5,4,8,3,5,3504,3,7,1,1,1,1,1,7,1,1,1,7,7,1,1,7,1,1,1,7,1,1,1,1,1,1,1,7,1,1,7,1,7,7,1,1,1,4,7,4,1,3,7,7,1
3,1,1,28,1,12,3,2,1,2,12,1,3,0,0,3,0,3,3,3,1,5,5,3,4,5,3505,3,3,3,1,1,1,1,1,1,1,1,3,1,3,4,1,3,1,7,3,3,5,1,1,1,3,1,3,7,3,7,4,5,3,1,3,5,1,4,4,3,1,1,3,1
2,2,3,1,1,1,3,2,1,2,9,2,2,0,0,2,0,3,4,4,3,3,3,8,2,5,3602,1,7,1,3,1,4,2,2,7,1,3,3,4,1,4,3,3,3,2,2,1,1,4,5,6,7,7,7,1,3,3,4,4,5,2,6,4,3,3,6,4,6,2,6,4
2,2,2,6,1,6,5,3,1,3,12,2,4,0,0,4,0,3,2,4,3,4,3,7,3,5,3604,2,5,4,2,3,5,2,5,6,3,3,6,2,2,3,4,4,4,6,4,2,5,3,4,6,4,3,3,5,3,4,3,4,5,2,5,2,4,4,6,3,3,3,5,5
1,2,2,30,1,27,6,2,1,2,8,1,3,1,0,2,0,2,2,1,1,5,5,9,5,7,3705,6,5,1,1,1,1,1,1,1,1,1,7,4,7,3,7,1,1,1,7,1,1,6,1,1,6,1,7,1,7,1,1,5,1,4,3,1,1,1,7,1,7,3,7,1
1,1,3,29,1,99,6,4,1,3,13,2,2,0,0,2,0,3,3,3,1,5,5,9,4,4,3403,2,4,7,1,2,7,5,5,2,1,4,6,3,3,2,1,7,4,7,1,2,5,4,4,1,4,1,1,7,4,7,1,6,3,6,4,1,1,7,7,2,1,4,7,1
1,3,2,24,1,24,5,4,1,2,2,3,2,0,0,1,1,2,3,2,1,5,4,7,2,5,3501,5,7,1,1,1,1,1,1,7,1,1,7,7,7,3,1,2,1,1,5,1,3,5,1,1,7,5,5,1,1,1,1,5,1,7,1,1,1,5,7,5,7,1,7,1
2,1,2,29,1,12,3,2,1,2,13,1,3,1,0,2,0,4,2,4,1,5,5,4,3,5,3504,5,3,4,2,1,3,1,5,3,3,2,6,2,4,3,1,5,4,6,2,4,6,2,5,3,3,1,1,6,3,4,3,3,6,2,5,3,1,3,6,3,2,5,5,2
2,2,3,98,1,25,4,2,1,4,10,1,3,1,0,2,0,4,2,1,1,5,5,8,4,5,3501,5,7,1,1,1,1,5,6,3,1,3,7,5,1,4,1,7,2,7,3,1,2,1,2,2,1,1,2,7,5,1,3,4,7,4,4,2,2,1,4,4,1,1,5,3
1,3,2,98,1,1,4,2,1,1,2,1,3,1,0,1,1,5,3,4,4,3,4,1,2,8,3806,6,7,4,6,1,6,1,4,7,1,7,7,4,7,3,4,4,5,4,3,3,5,2,4,3,3,1,7,7,5,1,6,3,7,1,7,4,4,7,7,4,4,3,6,3
2,3,3,9,1,9,4,4,1,3,10,2,2,0,0,1,1,4,3,4,2,4,4,7,3,3,3303,3,5,3,3,3,4,3,5,4,3,4,4,4,3,5,4,4,3,3,4,3,4,4,3,4,3,4,4,3,3,5,4,5,4,4,4,3,3,4,4,3,4,3,6,4
2,3,2,28,1,23,4,4,1,4,13,2,3,1,0,2,0,3,3,4,1,5,5,8,4,8,3802,2,4,4,1,2,2,2,5,2,2,2,6,3,5,4,4,4,6,4,2,3,6,4,1,2,5,1,1,6,1,4,3,5,3,4,2,5,2,3,3,4,4,3,4,2
1,2,1,98,3,1,4,2,1,2,2,1,2,0,0,1,1,4,4,4,1,5,5,6,2,4,3502,3,1,1,1,7,2,1,1,7,1,7,1,3,7,1,1,7,7,1,1,4,1,2,1,1,7,1,1,7,1,7,1,5,1,2,5,4,1,6,5,4,7,5,1,2
1,2,1,28,1,12,5,4,1,2,2,2,2,0,0,2,0,2,3,4,1,5,5,7,3,4,3508,3,3,3,2,2,2,3,3,3,2,2,5,2,3,3,2,4,3,6,4,3,4,3,3,3,4,1,1,6,3,5,2,6,5,1,2,1,1,4,4,4,2,2,5,2
1,2,2,1,1,1,5,2,1,4,13,1,2,0,0,1,1,3,3,3,1,5,5,8,3,4,3503,2,4,4,1,1,1,5,3,4,1,2,3,4,7,4,1,3,6,7,4,2,4,4,4,1,3,1,1,4,3,6,2,7,3,4,4,1,1,4,5,4,1,3,5,6
2,2,1,28,1,10,3,2,1,3,2,1,4,0,0,2,2,4,3,3,2,5,5,9,3,5,3602,7,5,1,2,1,5,4,7,3,2,3,6,1,1,3,1,2,4,7,3,2,7,1,3,1,4,1,1,2,1,7,4,1,6,1,1,1,6,4,7,1,1,3,2,1
2,2,2,24,1,24,2,2,1,2,12,2,4,1,0,2,1,4,4,3,1,5,3,7,2,4,3502,1,7,1,3,1,3,1,6,3,1,3,7,7,7,3,4,2,3,1,7,1,5,3,1,1,7,3,4,5,4,3,4,4,7,1,4,5,7,4,4,2,7,1,7,2
1,2,2,28,1,12,6,3,2,4,12,2,3,0,1,2,0,2,2,3,1,5,5,9,5,1,3101,7,1,4,6,3,4,6,2,3,1,3,7,1,7,4,1,7,4,7,1,4,7,1,7,7,5,1,2,7,1,7,2,3,4,7,7,2,1,4,5,6,1,4,4,1
2,2,2,98,1,1,4,1,2,3,1,1,2,0,0,2,0,3,1,2,1,5,5,9,2,5,3505,7,4,1,1,1,1,3,4,3,1,1,5,4,7,4,7,1,1,1,6,1,3,4,2,4,4,4,4,2,7,1,3,6,4,1,4,3,1,3,3,1,5,4,6,4
3,2,2,98,1,24,2,2,1,3,12,1,3,1,0,2,0,3,3,1,4,2,1,5,2,4,3507,1,4,1,4,3,2,1,5,4,1,1,7,4,4,2,7,1,4,4,7,5,4,4,1,4,7,2,7,1,2,1,3,4,6,1,4,3,2,5,6,5,4,6,2,6
2,3,3,98,1,4,3,2,1,2,13,1,1,0,0,1,0,3,4,4,2,4,4,3,2,4,3409,5,6,3,2,2,6,2,6,6,2,2,4,5,3,3,4,4,3,3,6,1,3,4,2,2,2,3,4,2,2,4,3,2,4,2,3,6,7,4,7,4,5,6,3,3
3,2,3,1,1,1,1,4,2,2,3,2,2,0,0,2,0,5,4,4,1,1,1,7,1,5,3606,3,7,1,1,1,1,1,7,7,1,1,7,7,1,1,7,1,1,1,1,1,1,1,7,7,7,7,7,1,1,1,7,1,7,1,7,7,7,1,7,1,7,7,1,1
3,3,1,28,1,10,1,4,2,4,2,1,1,0,0,0,1,5,3,2,4,5,5,1,1,8,3807,7,4,5,6,7,4,1,6,5,4,5,6,1,4,4,4,4,1,4,1,5,4,4,1,5,7,1,1,4,4,7,7,4,7,1,7,7,4,2,7,1,4,7,2,6
2,2,2,24,1,24,1,3,2,3,10,4,5,2,0,3,0,4,2,4,1,5,5,7,1,7,3709,2,6,1,1,1,3,1,1,3,2,1,7,7,1,3,3,2,7,1,5,1,3,3,4,3,2,4,5,1,1,2,3,3,5,6,7,6,4,3,7,6,7,2,3,4
1,2,2,28,1,12,4,4,2,3,2,4,1,0,0,0,1,3,3,4,5,4,5,6,1,8,3807,7,7,1,1,1,5,1,7,7,1,5,7,7,7,6,7,1,1,5,7,1,2,1,3,3,5,5,5,3,4,4,5,7,7,1,4,4,1,4,4,1,7,1,4,4
2,2,2,29,1,1,3,4,2,3,2,2,2,0,0,0,2,4,4,3,1,1,1,3,2,5,3501,5,5,5,1,2,7,4,5,5,1,4,7,6,2,4,5,4,4,6,4,3,5,3,3,4,3,2,4,4,5,5,5,5,6,4,5,5,3,4,5,2,4,3,2,6
2,2,1,1,1,1,3,1,2,4,12,2,3,1,0,2,0,3,2,3,2,4,3,4,3,8,3807,7,3,5,3,3,3,5,5,6,2,4,2,2,5,4,5,2,6,2,3,3,4,6,6,6,6,4,4,3,4,6,2,4,1,5,4,3,2,6,1,7,6,2,5,3
2,2,3,29,1,99,4,1,2,4,12,1,2,0,0,2,0,4,1,2,1,5,5,6,3,8,3807,7,3,4,4,1,3,1,7,4,2,3,7,1,3,3,4,7,4,7,1,2,4,1,1,5,1,2,3,2,2,5,4,4,4,3,4,2,2,4,4,4,1,1,4,5
2,1,2,98,1,6,3,3,1,2,2,2,3,1,0,2,0,4,4,4,1,5,2,6,1,5,3501,2,4,1,1,2,3,1,7,7,1,1,5,1,5,1,4,4,5,7,5,3,7,1,3,2,7,1,1,7,1,7,3,4,7,1,4,1,1,4,7,4,5,1,4,4
2,2,1,6,1,1,3,4,1,3,2,2,2,0,0,0,2,4,4,4,1,5,5,7,2,7,3709,3,6,1,1,1,6,1,6,6,1,1,5,3,1,4,6,1,2,1,7,1,1,3,2,4,7,7,6,2,4,7,5,2,7,7,7,4,3,1,7,3,6,2,4,7
1,3,3,88,1,88,4,1,2,4,1,1,3,0,1,2,0,3,4,4,3,3,3,9,1,4,3409,1,5,4,4,4,4,1,4,2,3,4,4,4,1,4,4,4,4,4,4,4,4,4,4,7,4,4,4,3,1,4,4,4,4,1,4,4,4,4,4,4,4,6,4,4
2,1,2,29,1,25,4,3,2,3,12,3,2,0,0,0,2,3,4,3,1,5,5,7,2,4,3409,5,3,1,1,1,3,6,3,3,1,3,6,4,4,3,3,6,5,6,2,4,7,4,5,5,1,1,2,7,1,7,3,3,3,7,3,1,1,3,5,6,2,3,5,1
1,1,2,1,1,1,3,2,2,3,7,3,3,1,1,1,0,3,3,4,1,5,5,8,2,5,3505,7,2,3,4,2,4,2,3,3,3,2,4,3,2,5,1,6,6,7,3,3,2,1,6,7,3,2,3,5,2,2,2,6,2,5,3,1,1,4,4,6,1,2,4,6
3,2,3,98,1,4,1,3,2,2,9,3,1,0,0,1,0,4,4,4,5,5,5,7,1,5,3505,7,4,3,1,1,7,1,7,7,1,7,4,5,4,3,4,5,4,1,5,3,5,1,7,4,1,7,5,4,1,3,7,5,7,4,4,5,3,4,7,3,7,2,1,3
2,1,2,29,1,99,4,3,2,3,9,2,3,0,0,2,1,3,4,4,1,5,3,3,2,5,3501,3,4,4,1,7,4,2,4,4,4,3,2,4,4,4,4,4,4,1,4,5,4,1,7,7,7,1,2,4,4,4,3,4,1,6,4,4,1,7,4,4,1,1,6,4
3,3,3,97,3,1,1,1,2,4,12,1,2,0,0,2,0,3,2,3,1,5,5,4,2,8,3806,6,6,2,1,1,3,1,5,1,1,4,6,4,1,3,4,4,3,7,3,1,4,1,7,3,6,1,7,2,3,3,3,3,4,3,2,7,4,3,7,3,4,3,5,3
1,2,1,1,1,1,2,1,2,2,9,1,5,0,0,4,1,3,2,4,1,5,5,5,3,5,3608,4,7,1,1,1,1,1,1,7,1,1,1,7,1,1,1,1,1,7,7,1,1,3,1,1,1,1,7,1,1,5,7,7,7,1,7,7,7,1,7,1,1,1,7,1
2,2,2,1,1,1,2,2,2,3,4,2,5,1,1,3,0,4,4,4,1,4,4,6,2,8,3804,5,3,4,5,2,2,1,6,4,2,2,4,5,1,1,1,4,2,7,5,5,1,1,4,6,1,2,3,4,3,7,5,4,7,4,5,3,4,4,5,3,1,2,6,4
2,3,3,24,1,24,3,2,2,4,12,3,3,2,0,1,0,3,2,3,2,4,4,6,1,7,3709,5,5,4,2,1,4,4,4,4,4,4,4,4,3,4,4,4,4,4,5,3,4,4,4,4,7,2,4,4,4,4,4,4,6,1,2,5,2,4,5,4,4,2,4,4
2,2,2,98,1,99,3,1,2,3,4,1,2,1,0,1,0,3,1,3,1,5,5,8,0,8,3807,7,7,1,2,1,3,1,6,7,1,7,6,4,7,2,4,4,2,6,4,1,2,2,3,3,7,6,2,1,3,1,1,4,7,1,4,4,7,4,7,7,3,7,7,1
1,1,2,29,1,23,5,1,1,4,1,1,5,1,0,4,0,2,1,3,1,5,5,4,3,4,3403,1,4,4,6,5,3,1,3,5,3,5,4,1,2,3,3,5,4,7,3,4,5,1,5,2,1,1,1,6,1,7,2,6,6,4,1,1,1,4,3,6,1,1,6,4
2,1,3,98,2,99,3,3,2,4,12,3,3,0,2,1,0,3,1,1,1,5,5,3,1,8,3803,5,1,7,7,7,7,1,5,5,5,7,7,4,1,1,4,7,1,7,5,1,4,1,7,7,3,7,1,6,7,1,4,2,4,4,1,1,7,7,7,4,1,6,2,3
2,1,2,28,1,12,4,3,1,4,7,2,2,0,0,2,0,3,3,4,2,4,5,6,3,2,3201,4,5,4,1,6,1,7,3,1,1,3,5,5,6,5,1,5,4,6,2,4,3,6,1,2,3,1,2,5,2,4,3,6,1,5,1,3,3,5,6,4,2,2,7,2
3,2,2,9,1,9,2,2,2,3,9,1,2,0,1,1,0,5,3,4,1,5,5,1,1,7,3808,4,7,1,7,1,7,1,7,7,7,7,7,1,1,1,4,1,1,1,7,1,4,1,1,7,1,1,7,1,1,7,7,4,7,1,7,7,7,1,7,1,7,7,7,7
2,2,3,99,1,99,3,2,2,4,10,2,5,3,0,2,0,3,2,3,1,5,5,8,3,7,3805,7,6,1,2,1,3,1,4,3,1,3,5,3,1,4,1,4,4,7,2,1,1,4,3,3,1,2,7,1,3,4,3,5,6,3,2,5,4,4,6,4,2,4,7,2
2,2,3,24,1,24,1,2,1,2,9,1,2,0,0,2,0,5,3,2,1,5,5,7,2,4,3403,5,7,1,4,1,1,1,7,7,1,1,7,7,7,1,1,1,1,4,7,1,1,1,1,1,1,1,7,1,7,1,7,1,7,1,4,7,7,1,7,1,4,7,1,4
1,3,2,1,1,1,4,3,1,4,2,1,2,0,0,2,0,3,3,4,1,5,5,8,2,4,3403,4,2,4,1,1,4,1,5,4,1,1,7,3,3,1,4,1,1,3,5,1,1,4,3,4,1,4,3,3,2,2,3,4,5,4,6,4,1,1,4,1,5,2,4,4
3,2,2,24,1,24,1,2,2,3,4,2,5,3,0,2,0,4,3,4,1,5,4,8,2,7,3809,3,7,2,2,1,4,1,2,5,1,3,5,5,7,3,6,4,3,1,3,2,3,1,4,2,2,7,7,1,5,1,5,3,7,1,4,7,4,1,7,2,7,4,2,1
2,3,2,28,1,12,4,2,2,3,4,2,3,1,0,2,0,4,1,4,1,5,5,8,2,8,3807,7,2,5,4,4,3,7,4,1,4,7,5,1,4,3,7,6,3,7,5,2,7,1,3,2,1,1,1,6,1,5,6,2,7,1,4,3,5,4,4,4,1,2,1,6
2,3,3,29,1,4,3,3,1,4,12,2,2,0,0,1,1,4,3,4,1,5,4,6,2,8,3803,6,3,1,6,3,3,1,4,4,2,3,6,2,1,2,1,3,3,7,1,3,1,4,4,4,3,2,1,5,2,7,5,5,6,5,6,4,2,5,6,4,2,3,3,6
2,2,3,98,1,24,4,4,1,4,2,3,2,0,0,0,2,3,3,3,1,5,5,7,1,7,3808,5,7,1,1,1,1,1,7,7,1,1,7,4,1,4,7,1,1,1,7,1,1,1,1,1,7,7,7,1,7,1,2,5,7,1,1,4,1,1,7,1,7,1,7,7
2,2,3,98,1,99,1,2,2,2,4,2,4,2,0,2,0,3,3,3,1,4,3,4,2,4,3508,6,4,4,1,1,5,1,7,7,1,2,5,5,1,3,7,4,4,5,4,1,5,3,5,1,4,3,1,5,3,2,3,2,6,3,4,7,3,1,3,2,3,1,7,4
2,2,2,30,1,99,4,2,1,3,11,1,2,0,0,1,1,3,4,3,1,5,5,7,2,7,3709,5,4,2,3,4,3,2,6,5,3,2,6,2,3,3,3,4,2,5,4,1,3,4,4,4,4,4,3,3,4,4,3,5,5,3,4,3,2,4,7,4,4,2,5,5
2,2,2,98,2,1,5,3,1,3,7,2,4,1,1,2,0,3,4,4,2,5,2,9,2,7,3809,3,6,1,2,1,4,1,2,3,1,4,6,3,2,4,5,4,3,4,4,1,1,3,2,4,1,2,4,1,2,4,2,4,5,2,4,1,2,7,2,3,4,1,6,1
1,2,2,29,1,4,4,1,2,3,1,1,3,0,0,3,0,2,2,4,1,5,5,7,1,7,3709,1,4,4,5,3,3,4,4,2,5,4,4,4,3,4,4,4,3,7,2,5,3,1,4,5,1,2,2,4,3,5,4,5,4,4,3,5,4,4,6,4,1,1,4,5
2,2,2,98,1,99,1,1,2,3,4,1,3,1,0,2,0,4,3,3,3,3,3,4,2,5,3608,4,7,1,1,1,4,1,7,7,1,7,4,7,1,4,7,1,4,4,7,1,1,1,1,7,7,4,7,1,1,1,4,4,7,1,4,7,7,1,7,1,4,4,4,5
3,3,1,1,1,1,1,4,1,2,2,3,2,0,0,0,2,5,4,4,1,5,5,6,2,7,3705,1,3,3,4,2,2,6,4,3,3,3,6,5,1,7,3,4,5,3,6,4,5,3,7,3,3,7,3,5,6,2,3,4,7,3,3,6,1,3,7,1,7,7,4,1
2,3,3,88,1,88,4,3,2,4,3,3,2,0,0,2,0,3,3,4,1,5,5,0,0,5,3607,4,5,1,1,1,2,7,4,5,2,4,7,4,4,4,4,4,4,6,4,2,4,1,3,5,2,5,2,2,4,6,4,6,4,2,4,2,2,4,7,4,2,4,4,4
2,1,3,98,1,99,2,4,2,3,2,4,1,0,0,0,1,4,4,4,1,3,4,6,1,1,3101,7,1,1,2,6,1,7,1,7,7,1,7,7,1,7,7,7,6,7,1,7,1,6,7,7,1,1,1,7,5,7,7,7,7,1,7,1,1,5,7,1,1,1,2,1
2,1,2,98,1,1,3,4,2,2,2,3,2,0,0,2,0,3,3,4,5,1,1,6,1,1,3101,7,3,3,4,7,3,1,7,7,3,3,7,7,4,4,7,4,7,7,1,4,4,1,7,7,4,1,4,4,3,7,3,2,7,1,3,3,1,3,3,3,1,2,2,1
1,2,3,98,2,1,4,1,2,2,1,1,4,1,1,2,0,3,3,3,1,4,5,1,1,5,3611,1,7,7,1,1,1,2,4,7,2,1,5,2,5,1,4,4,1,7,3,1,2,4,6,7,1,7,7,1,7,2,4,4,7,1,7,4,5,1,7,1,1,3,7,4
2,3,2,99,1,99,3,1,2,2,3,1,2,0,0,2,0,3,4,3,1,5,5,7,1,3,3405,7,7,4,1,1,7,5,4,5,4,4,3,1,7,1,4,1,1,5,2,1,1,1,1,4,1,1,5,6,1,3,5,2,3,6,1,5,2,6,7,1,1,2,2,1
1,1,1,1,1,1,6,3,1,4,12,2,2,0,0,2,0,3,4,4,1,5,5,9,3,7,3705,4,4,4,1,1,4,4,4,4,3,1,7,1,3,4,1,4,3,7,1,2,4,3,4,3,1,2,1,7,1,4,1,4,1,4,4,1,1,4,4,4,1,1,7,7
2,3,3,98,3,99,2,2,1,4,11,1,2,0,0,2,0,3,1,2,1,5,5,1,1,3,3308,1,4,2,1,3,4,1,5,6,4,3,5,4,2,4,7,4,3,5,4,2,5,4,2,4,4,4,4,2,4,6,4,4,5,4,5,4,3,4,7,4,4,2,5,4
2,3,3,1,3,1,4,4,2,3,2,4,1,0,0,0,1,3,4,3,5,1,1,9,1,2,3202,1,1,1,1,5,4,7,7,1,1,1,5,1,1,1,1,5,4,7,4,4,1,1,4,4,4,1,1,7,1,7,1,7,7,1,7,1,1,3,7,4,1,1,3,4
2,2,4,98,2,99,3,2,1,2,7,1,4,2,0,2,0,3,2,4,1,5,5,8,2,3,3405,7,3,2,3,1,5,7,6,4,1,4,6,4,4,2,5,6,2,4,4,1,1,3,1,6,4,4,6,1,4,4,2,5,6,3,6,4,4,5,6,4,5,1,7,4
2,2,4,98,2,88,6,2,2,3,12,1,1,0,0,1,0,3,2,3,1,5,5,8,2,1,3101,7,7,1,1,1,1,1,7,4,1,4,1,7,4,4,2,4,4,7,7,1,4,4,1,4,1,4,7,1,4,7,4,7,4,1,4,1,2,4,7,1,1,4,7,1
2,2,4,28,3,99,1,3,2,4,12,1,1,0,0,1,0,3,3,3,4,4,4,1,1,8,3806,4,3,3,4,3,3,5,3,3,4,4,4,4,3,4,4,4,3,4,4,3,4,4,5,4,6,4,3,4,4,4,3,5,5,4,4,4,4,4,4,3,4,5,3,4
2,3,2,1,1,1,4,4,2,3,2,4,1,0,0,0,1,3,4,3,3,2,2,7,1,6,3712,4,5,1,3,2,4,3,3,7,2,3,5,4,1,2,2,4,5,2,3,1,2,1,4,4,3,1,2,3,3,3,3,3,4,3,3,3,1,4,7,4,5,2,4,4
3,2,2,98,2,1,4,4,1,2,2,2,2,0,0,0,2,5,4,4,5,1,1,1,1,7,3705,4,4,1,1,7,1,4,1,7,1,1,2,4,1,4,1,4,7,7,4,5,4,4,6,1,4,7,1,7,4,7,4,7,7,7,1,4,1,4,4,4,1,7,7,1
2,1,4,98,2,25,3,3,1,4,12,2,4,2,0,2,0,3,3,4,2,3,3,7,4,2,3212,4,1,1,7,1,1,7,4,4,7,3,4,5,4,7,1,7,7,7,1,5,4,5,4,7,5,1,1,7,1,1,5,1,7,4,7,4,1,4,7,4,1,3,7,5
2,2,3,24,1,24,3,4,1,3,2,2,2,0,0,0,2,3,3,4,2,4,4,8,2,1,3101,7,5,2,1,1,5,3,5,3,2,3,7,5,3,5,5,3,3,3,4,2,4,3,3,3,5,4,4,2,5,2,4,3,6,3,6,3,5,2,7,4,5,4,5,5
2,2,3,28,1,10,3,4,2,3,2,4,1,0,0,0,1,4,4,3,3,1,1,9,1,6,3703,3,3,1,2,4,3,3,3,4,4,3,4,2,2,2,2,3,5,6,2,3,4,2,4,1,7,2,2,5,2,2,4,4,6,6,6,2,1,6,6,4,4,2,5,6
1,2,2,1,1,1,5,4,2,2,12,3,2,0,0,1,1,3,4,4,1,3,5,8,3,7,3705,2,2,4,1,1,1,1,4,2,1,1,7,7,7,5,7,3,3,6,4,2,4,3,3,1,1,1,3,2,3,2,2,6,4,7,4,1,1,4,6,4,5,4,7,4
2,2,3,98,2,99,1,2,2,2,3,3,3,2,0,1,0,4,4,4,3,3,4,6,1,3,3410,4,6,1,1,1,4,1,1,4,1,4,7,4,1,1,4,4,4,4,7,3,1,2,6,4,7,3,4,4,4,4,4,5,7,1,4,6,1,5,5,4,4,5,5,4
2,2,2,1,1,1,4,4,2,2,2,2,2,0,0,0,2,4,4,4,5,1,1,3,1,4,3508,5,7,1,3,1,6,1,6,7,1,2,7,5,7,6,7,1,1,1,6,1,1,3,3,7,4,7,7,1,7,1,3,4,7,1,5,4,3,4,7,1,7,3,7,5
1,2,2,28,1,12,4,3,1,3,8,3,2,0,0,1,1,3,3,3,1,5,5,9,3,6,3710,1,5,1,2,2,2,5,3,2,2,2,7,1,7,5,1,6,3,7,1,1,5,2,4,1,7,1,1,7,2,5,2,7,2,5,5,1,1,3,7,3,1,2,7,2
2,2,2,99,1,6,4,2,2,4,10,2,4,2,0,2,0,3,1,4,2,4,3,8,4,1,3101,7,7,2,2,5,3,1,4,7,2,4,7,7,3,2,1,4,2,6,7,1,4,2,3,4,2,4,6,1,6,7,3,4,7,5,3,4,1,4,4,2,1,1,7,4
1,3,2,24,1,24,5,3,2,3,9,2,2,0,0,2,0,2,4,4,1,5,4,9,5,1,3101,7,3,1,4,3,3,3,3,4,3,1,5,3,3,5,1,4,7,7,2,3,4,3,1,3,7,1,3,4,7,3,4,4,4,4,7,1,1,5,7,7,1,1,7,5
1,1,2,88,1,99,4,3,1,2,11,2,3,1,0,2,0,4,3,2,1,5,5,9,2,1,3101,7,1,1,3,5,2,1,1,2,3,1,7,1,1,1,7,2,1,6,1,2,1,5,1,2,1,5,1,7,1,1,1,7,1,7,1,1,1,7,1,5,1,1,7,1
1,1,2,29,3,25,5,1,1,3,13,2,3,1,0,2,0,3,1,2,1,5,5,9,3,2,3201,3,3,2,1,7,4,3,3,3,2,3,5,6,1,3,2,4,6,7,2,3,4,3,3,3,6,1,2,4,3,7,2,4,2,7,5,2,3,6,7,2,1,1,6,4
3,1,2,1,1,1,6,4,1,3,2,4,1,0,0,0,1,4,3,1,1,4,3,5,1,6,3713,1,7,4,1,1,1,1,7,7,1,1,7,7,7,1,7,7,4,7,1,1,7,4,4,7,7,1,5,1,1,4,4,4,7,7,7,1,4,7,7,4,1,7,1,7
2,2,2,24,1,24,4,3,2,3,12,3,1,0,0,1,0,4,3,3,2,5,4,6,1,6,3704,3,7,2,1,1,6,3,4,3,1,3,7,6,2,2,7,2,1,2,7,1,1,4,2,6,3,7,7,1,4,4,6,1,5,5,4,6,6,2,4,1,6,3,5,4
2,2,3,98,1,1,4,4,1,2,2,2,2,0,0,0,2,4,4,4,1,1,3,9,1,7,3705,1,3,1,1,1,7,1,7,3,2,4,7,3,2,5,2,3,2,2,5,3,3,4,1,7,7,2,3,4,2,7,5,7,7,1,7,2,2,4,6,2,6,2,7,1
2,3,4,98,2,1,3,4,2,2,2,4,1,0,0,0,1,4,4,4,5,1,1,6,1,8,3807,7,6,2,4,2,4,4,4,6,2,4,4,4,4,2,6,4,4,4,5,2,4,2,4,5,6,5,5,5,4,2,5,4,5,4,4,5,3,4,6,3,4,3,4,4
2,2,3,28,1,6,4,3,2,3,12,2,3,0,0,3,0,3,4,3,2,3,3,7,3,2,3211,4,3,1,2,3,1,7,4,7,2,1,5,7,1,7,5,4,4,3,5,4,3,2,7,1,6,4,7,3,2,7,2,5,6,1,7,3,4,6,6,4,2,2,7,2
2,2,3,98,2,99,2,3,2,2,3,2,2,0,0,2,0,3,4,4,1,5,5,2,1,4,3502,2,7,6,3,1,4,1,7,7,1,5,3,6,5,5,7,3,4,5,5,1,5,4,2,5,1,7,6,1,3,1,5,3,6,3,3,5,3,3,3,5,3,4,3,5
1,3,3,98,3,22,4,1,2,2,11,1,1,0,0,1,0,3,1,4,1,5,5,7,1,1,3101,7,5,4,3,2,1,3,4,6,3,4,4,4,1,1,4,4,3,5,4,3,4,1,5,4,1,2,3,4,5,4,4,4,5,3,4,2,1,4,6,4,3,1,3,4
2,2,3,1,3,1,4,3,2,1,9,4,1,0,0,1,0,4,4,4,5,1,1,7,1,6,3701,4,4,3,7,1,4,4,4,7,7,1,4,1,1,4,4,4,7,7,7,4,4,1,7,7,1,1,1,7,4,7,4,1,7,1,4,4,1,4,7,7,1,1,4,4
1,3,1,29,1,4,5,2,1,4,13,2,2,0,0,2,0,2,1,1,1,5,5,6,4,3,3410,4,4,4,4,4,4,4,3,5,2,4,4,4,3,3,6,3,4,4,3,4,4,4,3,4,4,4,3,4,4,7,2,3,4,3,6,3,1,4,3,3,3,4,5,4
1,1,4,98,2,88,4,3,2,3,12,3,2,0,0,2,0,3,4,4,1,5,5,4,2,4,3409,5,4,2,2,3,1,2,4,4,4,2,4,4,6,2,3,4,4,6,4,4,3,2,5,2,2,2,2,3,3,4,4,3,2,2,4,3,2,5,6,2,2,4,2,2
3,3,4,1,1,1,3,4,2,2,2,2,3,0,0,1,2,4,4,4,5,1,1,3,1,8,3807,7,6,4,4,6,5,1,5,7,1,2,6,3,6,4,4,4,4,4,4,2,2,4,4,6,4,5,2,2,5,7,5,4,5,4,6,3,4,2,5,2,5,4,5,4
2,2,3,88,1,1,6,2,1,3,12,2,2,0,0,2,0,3,3,4,1,5,5,7,3,6,3710,5,7,1,1,1,5,4,7,4,1,4,7,4,4,4,7,4,4,4,4,1,3,1,7,4,7,4,7,4,4,4,2,3,7,1,4,1,4,4,7,4,1,1,7,1
1,1,3,98,3,1,5,1,2,2,9,2,2,0,0,2,0,3,3,3,1,1,1,2,2,4,3509,5,7,1,1,1,4,2,3,5,1,4,4,4,1,2,3,2,5,5,4,2,4,3,5,1,4,6,7,4,5,1,2,7,4,5,2,2,1,4,4,4,2,1,7,1
2,3,4,98,1,1,3,3,2,2,12,1,1,0,0,0,1,3,4,4,1,5,5,7,2,2,3210,3,7,1,1,1,4,1,7,1,1,7,7,7,1,1,7,1,1,1,7,1,1,1,1,1,1,1,7,1,3,7,1,7,7,1,7,7,1,1,7,7,7,1,7,7
2,2,3,98,1,24,5,4,1,2,2,2,2,0,0,0,2,3,4,4,4,4,4,6,1,6,3704,5,7,1,1,1,7,1,4,4,1,7,7,4,1,2,7,1,1,1,7,1,1,4,5,7,4,7,7,1,6,4,3,2,7,2,6,1,3,4,7,3,7,1,7,4
2,2,4,31,1,31,4,2,2,2,3,1,4,2,0,2,0,3,4,4,2,5,5,2,2,5,3610,3,7,3,1,1,4,6,6,5,1,2,6,2,3,3,6,3,3,2,2,2,3,2,1,3,2,4,4,1,4,5,4,7,3,6,6,2,2,1,4,4,5,2,7,6
1,1,2,98,1,1,4,4,1,1,9,3,3,0,0,3,0,3,2,3,4,1,1,3,1,3,3301,7,1,1,2,7,1,1,7,7,4,4,1,7,7,1,1,7,1,1,1,3,1,3,7,1,1,1,4,7,7,7,4,4,1,7,1,7,1,1,4,1,1,7,7,7
2,3,2,6,1,6,3,4,2,2,2,2,2,0,0,0,2,3,4,4,5,1,1,7,2,6,3706,3,4,4,1,7,5,1,4,5,4,2,7,5,6,4,5,6,5,7,2,4,6,4,5,5,5,1,3,6,2,7,1,6,7,6,4,1,1,4,6,4,1,1,7,4
2,3,4,98,2,99,1,2,2,3,4,1,3,2,0,1,0,4,3,4,1,5,5,6,1,4,3409,5,4,5,5,2,7,5,4,7,1,6,5,5,7,5,4,4,3,6,4,2,4,4,4,5,1,4,5,4,5,1,2,1,4,6,3,7,4,1,7,2,4,2,7,4
2,2,2,28,1,99,5,4,2,3,2,4,1,0,0,0,1,3,3,3,5,1,1,9,1,6,3703,2,7,4,1,1,7,1,7,1,1,1,7,7,1,3,1,4,7,7,3,1,1,1,1,7,7,1,1,7,7,7,4,4,7,7,7,1,1,3,7,1,1,1,7,1
2,2,4,24,1,24,2,3,1,2,9,2,4,2,0,2,0,4,4,4,4,1,1,6,0,5,3504,4,7,1,2,1,7,4,7,7,1,1,7,7,1,1,7,4,1,1,7,1,1,4,4,6,7,7,4,1,7,4,4,1,7,1,7,4,5,1,7,1,7,4,4,1
3,2,4,98,1,1,2,4,2,2,2,4,1,0,0,0,1,4,4,4,2,5,5,6,1,2,3206,1,7,1,7,1,1,1,7,7,1,1,7,7,1,1,7,4,7,4,7,1,1,1,7,7,1,7,7,1,7,1,7,7,7,4,7,4,1,1,7,1,7,4,4,1
2,2,4,98,2,24,2,3,1,2,2,3,1,0,0,1,0,3,4,4,1,1,1,7,1,2,3206,4,7,1,1,1,1,1,7,7,1,1,7,7,7,1,7,7,1,1,7,1,1,1,1,1,1,7,7,1,7,1,4,4,7,1,7,4,1,1,7,1,7,4,7,1
2,2,2,30,1,27,3,3,1,2,2,2,3,0,0,3,0,4,4,4,1,5,3,9,2,6,3702,7,6,1,2,3,4,1,7,4,4,2,7,4,4,2,7,2,1,2,5,2,3,2,2,4,6,4,4,4,4,1,4,4,6,2,6,6,2,4,6,3,6,1,7,4
2,3,3,98,2,99,4,1,2,3,3,1,2,0,0,2,0,3,3,4,4,3,5,6,1,2,3203,6,5,2,2,1,5,1,5,3,1,4,5,4,2,3,6,5,3,3,5,1,3,1,5,4,3,2,4,2,1,3,4,2,2,1,5,3,2,2,6,6,4,2,6,3
2,3,3,29,1,99,3,4,1,3,2,4,1,0,0,0,1,4,4,4,5,2,1,6,1,5,3602,3,3,7,1,2,5,1,7,7,1,4,7,3,5,4,3,4,2,5,4,3,2,1,4,7,3,3,2,3,7,7,6,5,7,3,6,4,1,4,6,1,5,1,4,3
2,2,3,99,1,6,3,4,2,2,2,3,1,0,0,0,1,3,4,4,5,1,1,6,1,6,3710,5,7,1,1,1,1,1,7,3,1,1,7,7,7,4,7,1,1,7,7,7,1,1,7,1,7,1,3,7,1,1,3,7,7,1,7,5,1,7,7,3,1,1,7,7
3,2,3,1,3,1,2,2,2,2,3,2,4,2,0,2,0,5,4,4,1,5,4,6,1,6,3712,2,7,1,1,1,7,1,7,7,1,3,7,7,1,3,7,1,4,1,5,1,1,4,1,4,5,5,4,1,4,1,7,4,7,1,4,4,5,1,7,1,7,3,4,5
1,1,4,1,1,10,5,4,2,4,2,2,2,0,0,0,2,4,2,3,1,5,5,9,2,6,3712,4,6,1,1,1,2,2,3,3,3,1,5,5,4,1,4,3,2,6,2,2,2,1,1,5,2,4,2,6,4,4,3,6,7,6,7,1,1,4,7,4,6,2,7,2
2,3,2,1,1,99,4,4,1,3,2,3,1,0,0,0,1,3,3,3,1,5,5,7,1,6,3710,1,4,1,7,4,1,1,4,7,2,4,7,7,1,4,1,6,4,7,4,1,4,3,7,6,7,1,1,4,1,7,1,4,4,4,1,2,1,2,3,4,1,2,6,1
3,3,4,98,2,88,3,4,1,1,2,2,2,0,0,0,2,4,4,4,5,1,1,7,2,5,3602,4,4,1,1,1,3,1,3,5,1,2,7,1,4,3,2,4,5,5,4,2,5,3,4,1,1,1,4,5,5,4,3,5,6,1,6,5,1,6,3,2,2,1,5,7
2,3,4,99,3,99,2,4,2,2,2,4,1,0,0,0,1,3,4,4,5,1,1,6,1,6,3710,5,7,7,1,7,7,7,7,1,1,1,7,7,7,1,7,4,1,7,1,4,7,7,4,1,1,1,4,1,7,1,5,1,7,7,7,6,1,7,7,2,4,1,7,7
1,3,2,1,3,24,5,4,2,3,2,2,2,0,0,0,2,3,4,4,3,1,5,6,2,3,3306,4,3,1,1,2,4,1,6,4,1,1,7,3,4,1,4,2,2,1,3,2,4,3,1,4,4,3,3,2,5,4,3,5,3,1,1,1,1,4,6,5,4,1,7,1
2,2,2,1,1,1,1,4,2,2,2,4,1,0,0,0,1,3,4,4,5,1,1,2,1,2,3202,4,7,1,1,1,1,1,7,7,1,1,7,7,1,4,7,7,4,7,7,1,7,1,1,1,7,7,7,1,1,1,4,4,7,1,7,3,3,1,7,1,7,1,7,1
2,3,4,98,2,99,4,4,1,2,2,2,3,0,0,1,2,5,3,3,5,1,1,6,3,2,3201,2,7,1,1,1,7,1,7,7,1,2,7,7,1,1,7,2,1,7,3,1,3,1,1,1,6,1,4,4,7,7,4,3,4,4,7,4,1,4,7,1,4,1,7,7
1,1,3,24,1,24,6,1,1,2,7,2,3,1,0,2,0,3,3,4,1,5,5,7,4,6,3712,1,6,2,1,2,7,7,1,6,1,1,2,7,1,2,7,7,2,1,2,3,7,1,4,1,6,7,7,1,7,2,3,6,5,3,1,2,1,7,7,2,6,2,7,1
2,2,4,1,2,24,3,4,2,2,2,3,1,0,0,0,1,4,4,4,5,1,1,1,1,4,3503,5,4,1,1,1,1,1,7,1,1,1,5,1,1,1,1,7,6,7,1,1,1,1,4,6,1,1,1,4,1,7,1,7,5,7,7,4,1,4,3,4,1,5,7,1
2,2,1,1,1,1,3,4,1,2,2,2,2,0,0,1,1,5,4,4,5,1,1,6,1,5,3505,7,7,1,1,3,7,1,7,7,1,1,7,5,1,1,7,7,1,7,2,1,4,2,4,5,7,4,7,3,4,7,6,5,7,5,7,7,3,4,7,5,3,5,1,3
2,2,3,98,1,24,3,2,2,3,13,1,3,1,0,2,0,3,4,4,1,5,5,6,2,6,3710,1,7,1,4,3,7,1,5,7,3,4,7,7,3,7,7,4,3,4,6,4,3,1,4,4,4,4,7,1,4,4,4,4,7,3,6,3,1,7,7,1,4,4,4,4
2,3,4,98,2,1,3,3,2,3,12,2,4,0,1,3,0,4,4,4,1,4,4,8,3,4,3508,3,5,1,1,1,3,2,4,5,3,1,4,4,2,3,1,4,3,4,3,4,3,4,3,4,3,2,3,3,2,4,3,6,4,2,3,2,2,3,7,4,4,1,7,3
2,1,2,28,1,12,3,4,2,3,12,3,2,0,0,2,0,3,3,4,1,5,5,7,3,6,3706,3,4,2,2,3,4,1,3,4,3,1,5,3,3,5,4,5,5,7,1,2,7,3,6,2,3,1,2,7,2,6,1,4,7,5,3,1,1,5,7,4,1,1,3,5
3,2,2,1,1,24,3,1,1,3,11,1,2,0,0,2,0,4,1,3,1,5,5,9,2,3,3308,1,7,1,1,1,3,1,6,6,2,2,4,2,1,4,5,3,1,4,4,1,2,3,1,2,4,3,6,1,4,4,3,6,6,4,7,1,1,4,7,7,4,2,5,5
2,1,3,28,1,12,6,2,1,4,12,2,4,2,0,2,0,2,1,4,1,5,5,8,4,7,3705,6,3,3,1,7,4,3,6,1,2,3,5,1,7,1,4,7,3,7,7,3,3,3,5,3,3,1,1,6,3,6,2,5,2,7,2,1,1,1,1,3,1,1,3,1
2,2,3,28,1,1,3,1,1,2,9,1,1,0,0,1,0,3,3,4,2,5,5,2,1,1,3101,7,6,2,1,1,5,4,5,4,2,3,7,5,5,4,3,3,3,4,4,3,4,3,4,3,5,3,4,4,5,3,4,5,7,4,5,5,5,3,6,2,4,4,5,5
2,2,4,98,3,99,2,2,2,2,9,3,3,0,2,1,0,3,3,3,1,5,5,7,2,3,3301,7,7,1,6,1,7,1,7,7,1,1,7,7,1,4,5,1,1,4,7,7,7,1,4,4,1,4,7,4,4,6,4,4,7,1,7,7,4,1,7,1,7,4,7,7
2,2,1,6,1,1,3,3,2,2,9,2,2,0,0,2,0,3,4,3,3,4,2,1,1,3,3308,1,4,1,1,2,3,1,4,7,6,1,4,6,7,4,7,4,4,7,4,1,7,7,1,4,7,7,2,5,4,4,4,3,7,4,7,3,1,4,7,1,4,1,2,4
2,2,2,24,1,24,4,2,2,3,12,1,1,0,0,1,0,4,3,4,2,1,4,2,1,5,3606,6,5,1,1,1,7,1,7,7,2,3,7,4,1,7,7,3,1,1,7,1,1,5,1,7,1,1,5,2,3,7,7,1,7,1,7,3,3,1,7,7,7,7,1,7
3,2,2,1,1,1,3,4,1,2,2,3,3,1,0,2,0,4,4,4,4,4,1,7,2,5,3606,6,3,3,1,2,3,6,3,4,4,1,3,5,2,5,2,5,4,5,2,2,5,2,3,2,1,4,5,1,2,7,6,3,5,3,3,3,1,2,7,1,2,3,2,3
2,2,1,98,1,12,3,3,1,4,12,2,2,0,0,2,0,4,1,1,1,5,5,6,2,1,3101,7,4,1,6,2,3,2,5,4,2,3,5,4,1,4,4,4,4,7,4,3,2,2,6,2,7,4,1,6,4,7,1,6,6,2,4,3,2,4,7,5,1,2,6,2
2,2,3,98,2,99,3,4,2,3,2,3,1,0,0,0,1,3,4,3,5,1,1,1,1,3,3307,4,4,7,2,4,6,1,6,5,3,7,5,5,4,4,4,4,4,4,5,2,4,4,4,2,4,4,4,3,5,4,4,5,7,1,5,4,2,5,5,5,4,1,4,5
2,3,4,99,1,99,3,3,2,4,10,2,4,0,1,3,0,3,3,2,1,5,5,8,2,3,3405,7,6,3,1,1,5,1,6,4,2,1,7,2,5,3,7,4,3,2,5,1,1,2,4,5,1,2,2,2,4,2,4,5,5,1,3,4,1,4,4,1,6,1,3,2
3,3,4,98,2,99,1,3,1,2,3,1,1,0,0,1,0,5,4,4,1,5,5,3,1,4,3409,5,5,4,3,4,5,3,5,7,1,4,4,2,5,3,3,4,1,3,7,7,5,1,5,3,1,5,3,4,3,7,3,4,1,1,4,1,5,4,1,4,1,4,4,4
2,3,3,98,3,22,4,3,1,2,2,4,1,0,0,1,0,3,4,4,3,3,3,1,1,3,3306,4,4,5,3,3,4,4,4,4,4,3,4,4,4,4,5,4,4,4,4,5,4,4,4,4,4,4,5,4,4,5,5,4,3,4,4,5,3,3,3,5,5,4,5,4
2,3,2,31,1,31,2,2,1,2,10,2,2,0,0,2,0,4,3,4,2,3,3,7,2,8,3807,7,7,1,1,1,3,4,6,4,1,1,7,3,3,4,4,4,1,3,5,1,3,4,4,1,4,4,5,1,3,3,6,3,7,1,6,5,3,3,7,3,3,7,3,3
3,3,4,98,2,99,1,2,1,2,3,1,1,0,0,1,0,5,3,3,5,1,1,1,0,8,3802,2,7,1,1,1,4,1,2,7,1,3,7,1,1,1,1,5,3,1,2,7,2,3,3,2,1,5,5,1,3,5,7,1,7,1,7,7,1,1,7,1,5,1,4,1
1,1,4,98,2,1,5,1,2,4,1,1,3,0,0,2,1,2,3,4,5,5,5,8,2,5,3611,4,7,7,1,1,4,1,7,7,1,2,4,7,1,1,7,5,5,7,3,1,5,1,7,3,1,1,1,1,7,3,7,4,3,2,4,4,3,1,4,1,7,1,5,4
2,3,3,1,1,12,4,1,2,3,12,2,3,1,0,2,0,3,3,1,1,5,5,6,2,5,3505,7,7,1,7,1,1,1,4,7,1,3,7,7,3,1,4,4,4,1,7,4,1,1,4,7,4,4,7,4,1,3,2,7,3,1,3,4,5,5,4,4,2,1,7,4
2,2,1,24,1,24,5,4,1,1,2,3,1,0,0,0,1,4,4,4,1,5,5,6,1,7,3705,4,4,1,1,1,5,4,3,3,2,2,6,3,4,4,4,2,1,3,4,4,3,5,1,3,7,5,4,3,5,1,2,5,5,3,7,1,3,3,5,3,7,3,6,1
3,2,3,98,2,88,1,4,1,3,2,2,2,0,0,0,2,4,4,4,5,1,1,6,1,8,3807,7,7,1,1,1,7,1,7,7,1,1,7,4,1,4,7,1,1,1,7,1,1,4,1,1,4,6,7,1,4,1,7,1,7,1,7,7,4,2,7,1,7,1,6,4
2,3,1,1,1,6,4,4,1,3,2,3,1,0,0,0,1,3,4,4,5,5,5,1,1,2,3204,2,1,1,7,7,1,7,7,7,1,1,7,1,1,1,1,7,7,7,1,1,7,1,1,7,7,1,1,7,7,7,1,1,1,7,1,1,1,7,7,1,1,1,7,1
3,2,1,24,1,32,1,3,2,2,3,3,4,3,0,1,0,5,3,3,5,1,1,1,1,7,3705,6,7,1,3,7,5,1,4,7,5,3,7,7,7,7,7,1,1,1,7,1,1,2,1,6,7,7,7,1,7,1,7,1,7,1,7,7,1,1,7,1,7,3,1,7
2,2,3,98,2,99,2,3,2,2,9,2,4,0,2,2,0,4,4,4,4,2,3,1,1,8,3807,7,7,1,7,1,7,4,4,7,2,3,4,4,4,4,4,4,3,4,7,1,4,4,1,3,4,4,7,1,7,1,3,3,7,2,7,5,3,1,6,2,4,2,2,5
2,2,3,24,2,24,5,2,2,2,3,1,4,2,0,2,0,3,4,3,3,3,3,7,1,2,3201,1,6,1,4,3,7,1,3,7,4,3,7,3,3,1,5,4,4,1,4,1,1,2,5,4,3,5,7,5,7,3,7,3,7,1,7,3,7,4,7,3,7,3,3,3
2,2,3,98,2,99,3,4,1,3,2,3,1,0,0,0,1,3,3,3,5,1,1,1,1,3,3307,4,4,6,3,3,5,1,6,5,3,4,5,5,4,1,4,3,4,4,4,1,4,4,4,3,2,4,4,3,4,4,4,7,4,2,4,5,3,4,5,3,4,1,4,4
2,2,2,1,1,1,5,4,1,3,2,2,2,0,0,0,2,3,3,3,1,1,1,9,2,4,3509,2,5,3,2,2,5,3,6,6,2,3,6,3,2,4,6,3,2,3,5,2,4,5,1,5,4,6,3,2,3,5,2,5,5,2,4,2,2,4,3,2,5,2,6,4
2,3,3,1,1,1,4,4,2,2,2,4,1,0,0,1,0,4,4,4,5,1,1,7,0,6,3703,4,4,2,5,6,3,6,6,4,7,2,5,6,4,2,6,3,3,6,5,3,3,3,6,2,2,7,4,5,5,5,4,6,6,1,6,4,1,7,7,4,4,1,6,4
2,2,2,98,2,99,3,3,1,2,7,2,2,0,0,2,0,4,4,4,1,5,5,9,1,2,3204,2,7,1,7,1,7,1,7,7,1,1,7,7,1,7,1,7,7,7,7,1,7,7,7,7,7,1,1,1,1,7,7,1,7,1,1,7,1,7,7,7,1,1,7,1
1,2,2,28,1,10,5,2,1,3,12,1,1,0,0,1,0,3,1,3,1,5,5,7,1,6,3703,3,3,5,2,5,3,3,3,3,3,2,3,3,4,3,2,4,5,7,3,4,5,3,4,4,3,2,2,5,4,4,3,5,2,6,4,1,1,6,4,4,1,2,3,5
2,1,2,28,1,10,4,1,2,3,10,2,4,2,0,2,0,3,2,2,1,5,5,7,2,6,3701,4,4,3,2,3,4,1,4,7,3,1,5,2,4,4,1,4,5,6,1,5,4,1,2,3,6,1,3,5,3,5,2,4,4,4,3,2,2,4,6,4,2,1,6,2
2,1,2,98,1,25,1,3,2,3,10,3,1,0,0,1,0,3,3,3,1,5,5,9,1,8,3807,7,4,1,1,1,7,1,2,7,1,1,7,7,5,4,7,7,7,7,1,1,4,4,6,1,7,4,1,7,7,4,1,2,1,4,2,7,1,1,7,2,1,2,7,1
2,2,2,88,1,99,2,3,1,3,11,1,3,2,0,1,0,4,4,3,4,1,1,7,2,3,3301,1,4,4,1,2,1,3,2,4,1,4,7,4,1,1,1,2,4,7,4,1,2,1,2,4,4,1,1,5,2,5,3,5,5,5,4,4,4,4,6,2,4,1,6,4
2,2,3,99,2,99,3,3,1,2,7,3,1,0,0,1,0,3,4,4,5,1,1,7,1,6,3304,1,7,7,1,1,7,1,4,7,1,1,4,7,1,4,7,4,3,4,7,1,3,4,4,7,7,7,7,1,7,4,3,1,4,1,7,3,3,1,7,1,1,1,7,3
3,2,3,24,1,24,3,3,2,3,10,2,4,0,2,2,0,3,4,4,5,1,1,5,2,7,3810,2,7,1,5,1,7,5,7,6,1,1,6,7,3,1,6,1,1,1,6,1,2,4,2,3,7,7,7,1,4,1,6,1,5,2,5,7,2,1,7,2,7,2,7,3
2,2,3,99,1,99,3,1,1,1,3,1,7,3,1,3,0,4,4,4,3,4,4,7,3,7,3809,3,7,1,1,1,7,7,4,7,1,1,7,7,7,1,7,1,1,1,5,1,7,1,1,7,7,1,7,7,7,7,6,5,6,3,3,7,4,2,7,2,4,2,3,3
3,2,4,98,2,88,3,3,1,2,7,1,1,0,0,1,0,3,4,4,5,1,1,7,3,5,3501,3,5,2,5,4,5,1,4,7,4,7,6,4,1,5,5,2,5,4,7,5,5,4,4,4,2,6,5,5,3,4,7,5,7,6,7,5,7,5,5,5,4,6,3,6
3,2,2,24,1,24,1,4,1,3,2,2,2,0,0,2,0,5,4,4,4,5,5,7,1,6,3304,4,7,1,1,1,7,1,7,7,1,3,7,7,1,3,7,1,1,1,7,1,1,5,1,1,1,4,4,1,7,1,7,6,7,1,7,7,3,1,7,1,7,1,7,6
2,3,3,6,1,31,4,3,1,3,3,2,4,1,1,2,0,3,4,4,1,5,3,9,2,1,3101,7,3,2,3,2,4,2,3,3,2,3,4,4,3,3,2,3,3,3,3,2,3,3,2,2,5,1,2,3,2,5,4,4,4,3,3,3,3,3,4,4,3,2,3,3
2,2,4,98,2,1,5,1,2,2,10,2,2,0,0,2,0,3,2,4,4,4,3,6,3,2,3212,4,6,4,1,4,4,1,4,4,1,5,4,4,3,2,5,4,3,2,7,4,3,4,4,5,4,3,4,2,5,5,3,3,6,4,4,2,3,3,5,5,5,3,5,4
2,2,4,98,2,1,3,1,2,3,1,1,3,0,0,3,0,3,1,2,1,5,4,7,2,6,3702,7,1,7,1,2,5,1,7,6,1,3,7,1,2,1,1,6,3,7,2,1,1,1,7,4,2,5,6,5,2,1,1,1,7,1,7,4,5,1,6,2,1,1,7,5
1,2,2,28,1,10,6,1,2,4,12,1,5,0,0,5,0,3,1,1,1,5,5,9,5,6,3703,3,6,2,5,3,3,1,6,5,3,4,7,1,2,4,1,4,3,4,4,2,5,4,4,2,7,4,2,5,4,1,2,6,4,3,5,1,2,4,5,5,2,1,7,3
2,3,2,28,1,4,5,2,1,3,11,2,4,1,1,2,0,3,2,2,5,5,5,0,3,3,3410,4,5,1,4,1,4,3,7,3,4,3,5,5,5,5,3,3,5,4,3,5,2,3,3,5,3,4,3,4,5,3,3,4,5,3,4,3,4,3,4,3,5,3,4,3
2,1,3,98,2,99,4,4,1,3,2,2,2,0,0,0,2,3,4,4,3,2,2,8,2,2,3208,4,4,2,7,1,6,6,7,7,1,1,1,1,1,2,1,4,7,7,6,2,6,2,4,4,4,2,3,2,6,7,4,6,1,7,7,4,1,4,7,4,1,1,6,6
1,1,2,28,1,12,5,2,1,4,8,1,2,0,0,2,0,2,1,2,1,5,5,9,5,6,3702,7,3,2,4,5,3,2,3,3,4,2,5,2,3,3,1,4,6,7,1,3,5,2,2,3,7,1,2,6,2,3,1,5,4,5,2,1,1,6,2,6,1,1,7,1
1,3,3,98,3,12,5,1,2,2,1,1,4,0,1,3,0,2,3,4,1,5,5,8,4,6,3712,2,3,3,1,1,5,7,2,4,1,4,4,3,7,2,1,3,7,7,1,3,5,1,6,2,3,1,3,5,1,7,5,4,2,7,1,1,5,4,7,4,1,1,5,1
2,1,2,29,1,4,3,2,1,4,10,2,2,0,0,2,0,3,2,3,1,5,4,7,3,2,3209,4,1,5,3,5,3,2,5,6,5,2,4,1,3,2,1,6,5,7,2,5,4,1,7,6,2,1,1,7,4,7,2,5,3,5,3,2,2,5,2,5,1,2,6,2
2,2,4,98,2,99,4,2,2,2,9,2,4,0,0,4,0,4,4,4,3,1,4,7,3,6,3701,4,4,2,4,2,3,2,4,4,2,2,4,2,4,3,4,4,6,4,4,4,4,2,4,3,2,1,3,4,4,5,4,4,3,4,3,2,3,4,7,4,3,1,7,3
2,3,2,99,1,99,3,4,2,3,2,4,1,0,0,0,1,4,3,4,5,1,1,4,1,1,3101,7,4,1,6,2,7,1,3,1,6,2,6,7,1,5,1,2,3,3,4,1,2,1,3,4,1,1,2,6,7,7,3,7,7,2,3,7,1,1,6,4,1,2,7,2
3,3,4,9,1,9,2,4,2,1,2,4,1,0,0,0,1,5,4,4,3,3,3,4,1,6,3710,3,7,1,4,1,6,1,5,7,3,3,4,5,1,6,5,4,7,5,5,1,5,5,5,6,7,1,1,6,3,4,7,5,7,1,6,7,1,1,7,1,3,7,1,5
2,2,1,28,2,1,4,4,2,3,2,4,1,0,0,1,0,3,4,3,2,5,2,6,1,1,3101,7,7,1,1,1,7,1,7,5,1,1,7,1,1,4,1,4,3,1,7,1,5,3,5,7,4,1,5,4,5,7,1,7,7,5,7,2,1,1,7,4,5,1,7,1
2,3,2,28,1,12,4,4,1,4,2,3,1,0,0,0,1,3,3,3,5,1,1,7,1,6,3712,2,4,4,1,2,3,6,3,3,3,2,4,4,6,4,1,3,6,7,1,5,5,3,4,1,5,2,1,7,2,7,4,3,4,5,3,3,4,4,6,4,2,3,3,3
3,1,1,28,1,12,2,4,2,2,2,3,1,0,0,0,1,4,2,1,5,1,1,2,1,6,3702,7,2,2,1,1,6,2,5,2,1,1,6,1,2,2,1,4,6,7,2,5,6,1,7,6,7,1,1,6,1,2,5,6,6,6,4,7,1,3,7,2,2,1,3,2
2,3,3,99,1,99,3,2,2,2,7,2,2,0,0,2,0,3,3,4,1,5,5,8,0,5,3611,4,3,4,1,1,3,5,3,1,1,2,6,3,7,3,4,3,4,7,4,2,4,1,5,3,3,3,1,4,6,3,2,3,5,3,4,4,1,4,5,4,3,1,5,3
2,2,3,88,1,12,4,2,1,3,3,1,1,0,0,1,0,3,3,3,1,5,5,5,1,6,3702,7,2,3,1,4,1,2,6,5,3,3,7,4,3,3,1,7,5,7,2,2,6,3,5,2,5,4,2,6,4,5,4,5,4,6,5,2,1,5,5,5,1,1,6,4
3,1,2,1,1,1,1,2,1,2,2,1,1,0,0,1,0,5,4,4,1,3,3,7,1,5,3606,6,3,4,5,5,1,1,3,5,5,2,1,1,5,5,1,6,7,7,1,4,5,4,4,3,1,1,1,7,1,7,4,5,4,6,4,5,1,7,6,3,1,4,6,2
2,2,4,98,3,99,4,3,1,2,12,1,2,0,0,2,0,3,4,3,4,1,1,4,2,6,3707,1,7,1,1,1,7,1,7,1,1,3,5,4,4,4,4,3,4,3,3,1,4,3,4,7,7,1,7,1,4,7,4,4,3,2,7,2,4,3,6,1,3,1,7,2
2,2,3,99,1,1,4,2,2,4,9,1,2,0,0,2,0,3,3,4,1,5,5,7,2,2,3205,1,7,1,1,1,1,1,3,7,1,3,7,3,3,3,4,3,3,7,4,2,4,1,3,1,3,1,1,7,3,4,2,5,3,3,7,3,1,1,3,4,4,1,7,4
2,1,3,1,1,1,4,3,1,4,12,2,4,2,0,2,0,3,2,4,1,5,5,7,4,5,3501,4,7,3,4,1,2,2,2,7,4,2,2,3,1,3,4,5,3,1,1,3,5,1,5,1,6,2,5,7,3,3,2,1,7,1,4,6,2,7,7,3,2,5,7,6
2,2,3,98,2,99,4,3,2,2,2,1,1,0,0,1,0,3,4,4,2,2,4,1,1,2,3211,5,7,1,1,1,4,1,7,7,1,1,7,1,1,4,2,2,3,1,3,1,1,2,5,7,1,1,3,5,1,5,2,4,3,5,3,4,2,4,7,1,7,1,7,5
1,2,2,97,1,70,5,1,1,1,1,1,5,0,1,2,2,2,1,2,1,5,5,9,4,5,3602,3,5,3,3,2,3,1,6,5,3,5,6,4,1,4,7,1,2,1,7,3,2,1,2,1,5,7,4,2,4,5,3,3,4,3,3,4,3,5,5,3,5,3,5,4
2,2,2,98,2,99,3,1,2,2,11,1,1,0,0,1,0,4,4,4,1,5,3,7,1,4,3502,3,4,7,4,4,4,1,4,7,7,4,4,1,1,1,7,4,4,1,4,2,4,1,4,7,1,4,5,4,5,4,4,4,4,4,4,5,2,1,7,1,5,5,4,4
2,2,4,98,2,88,2,3,1,2,9,1,1,0,0,1,0,4,4,3,1,5,5,8,1,2,3210,3,7,1,1,1,4,1,1,3,7,1,4,7,1,3,1,3,7,5,5,1,1,1,7,1,7,1,4,7,2,4,6,3,7,1,3,7,3,1,7,1,5,1,6,1
2,3,2,28,1,12,4,2,1,1,9,1,1,0,0,0,1,3,3,4,1,5,5,1,1,5,3602,7,4,6,4,2,1,4,4,1,3,4,7,4,7,1,7,2,7,1,7,4,7,4,4,4,3,3,4,4,1,1,4,4,6,1,4,7,5,1,7,4,7,3,7,4
1,1,3,29,3,4,4,1,2,3,4,1,3,1,0,2,0,3,3,4,1,5,5,8,2,7,3805,4,5,2,2,2,4,3,4,5,3,4,5,4,2,4,4,5,5,7,3,3,3,3,5,4,5,2,3,4,3,3,3,5,3,3,3,3,2,5,5,4,1,1,7,3
2,2,2,24,1,24,3,1,2,2,4,1,3,2,0,1,0,3,3,4,1,5,5,1,1,8,3802,2,7,4,4,1,1,1,7,7,4,4,4,3,7,4,4,4,4,7,7,1,4,5,4,1,1,1,7,1,4,2,5,3,5,4,6,7,4,7,7,4,4,1,7,4
2,2,4,22,1,99,5,1,2,3,12,1,4,0,0,4,0,3,2,4,1,5,5,7,3,2,3201,1,7,2,1,1,6,3,7,5,1,4,4,7,1,2,4,4,1,4,7,1,6,1,5,7,1,1,5,1,4,5,1,5,7,1,4,3,1,4,7,1,3,1,7,6
2,3,2,1,2,99,4,3,2,3,11,3,2,0,0,2,0,3,4,4,1,5,5,5,3,3,3410,4,2,3,2,2,1,4,4,2,1,4,3,3,1,3,4,3,3,3,3,1,1,2,3,3,5,6,3,1,4,3,5,4,4,2,4,3,1,1,5,3,4,5,3,3
2,2,2,1,1,1,4,3,2,3,9,2,2,0,0,2,0,3,3,4,2,4,4,7,2,2,3201,2,5,1,1,1,6,1,7,4,1,3,7,4,2,1,4,4,2,4,7,1,4,1,6,5,5,2,4,3,6,5,4,7,7,2,5,4,3,3,4,2,4,1,5,4
3,3,3,9,1,9,3,3,1,3,2,1,1,0,0,1,0,5,3,4,2,4,4,8,1,5,3606,6,4,7,6,6,3,2,6,7,6,6,6,6,1,4,5,5,4,6,5,2,3,5,2,5,3,5,3,3,4,4,4,4,1,7,4,4,4,5,7,4,4,4,4,5
2,3,3,28,1,21,3,4,2,2,2,4,1,0,0,0,1,3,4,3,5,1,1,7,1,6,3706,3,6,1,1,7,2,1,7,1,1,1,7,6,2,4,7,5,1,7,4,4,7,3,4,5,7,1,2,7,4,4,1,1,7,2,7,3,1,4,7,3,1,1,1,7
3,2,2,666,1,24,3,3,2,3,11,3,2,0,0,2,0,3,4,4,1,5,5,8,2,3,3405,7,7,1,1,1,7,1,1,7,1,4,7,1,4,4,7,1,1,1,7,1,1,5,1,1,7,7,6,1,1,1,3,5,7,1,6,3,1,3,7,1,7,2,7,1
2,2,2,1,1,1,3,4,2,3,2,4,3,0,0,2,1,3,4,2,3,4,4,9,0,1,3101,7,7,1,1,1,7,1,7,7,1,1,7,7,1,4,7,1,1,1,7,1,1,1,1,1,7,7,7,1,1,7,7,4,7,4,7,4,1,1,7,1,7,1,7,4
1,2,4,98,2,99,2,2,2,2,7,2,4,2,0,2,0,5,3,4,2,5,5,8,3,3,3407,3,7,1,6,2,4,4,7,2,2,1,7,6,7,2,6,2,2,2,7,1,3,2,3,6,1,7,7,1,4,1,1,2,2,1,1,3,2,3,1,3,3,3,2,3
2,2,4,98,1,1,4,2,2,3,10,1,2,0,0,1,1,3,1,3,4,4,5,6,1,1,3101,7,7,1,7,3,1,3,7,7,4,7,7,7,7,7,7,3,1,6,7,1,1,7,1,4,7,7,7,1,7,1,2,7,1,1,3,1,1,3,7,3,7,3,3,1
1,1,4,98,3,99,5,1,2,2,9,1,4,0,1,3,0,2,2,4,1,5,5,1,3,6,3703,3,2,1,1,3,4,1,4,1,1,1,7,1,1,2,1,4,7,4,3,2,4,1,7,1,4,1,2,7,6,4,1,4,1,7,1,4,1,4,7,1,4,1,7,6
2,2,2,1,1,1,4,4,2,2,2,4,1,0,0,0,1,4,4,4,5,1,1,6,1,5,3504,4,7,1,1,1,4,7,7,7,1,1,7,4,7,1,7,4,1,1,7,1,1,4,4,7,1,7,7,1,7,4,4,4,7,1,7,4,7,1,7,1,7,1,7,4
3,3,2,1,3,1,3,4,2,2,2,4,1,0,0,1,0,4,4,4,3,1,3,2,1,8,3807,7,4,2,1,1,7,1,5,7,4,4,7,4,4,4,3,5,3,4,4,3,4,4,4,6,5,4,4,2,5,7,4,3,6,4,5,4,1,3,6,1,4,4,6,2
1,2,4,98,2,99,4,4,1,2,2,2,2,0,0,1,1,3,4,4,1,1,1,5,3,1,3101,7,6,1,1,1,1,1,7,3,2,1,4,7,1,3,1,3,2,5,2,3,1,7,4,1,2,3,4,4,1,7,2,1,5,5,1,4,4,5,7,4,1,5,7,4
2,3,2,99,1,99,4,4,2,2,2,4,1,0,0,0,1,3,4,4,5,1,1,7,1,5,3610,5,4,1,1,1,7,1,7,6,1,6,7,6,2,1,1,7,4,7,4,2,2,1,7,7,1,1,1,7,1,7,5,5,5,2,7,1,1,6,6,1,1,1,5,1
1,1,4,1,1,1,6,4,1,4,2,1,3,0,0,1,2,1,3,3,2,5,5,7,2,5,3611,4,7,7,3,1,1,7,1,1,7,1,7,7,7,5,1,1,7,1,1,7,4,7,7,1,7,1,7,1,1,1,1,3,7,1,1,1,1,6,1,7,1,1,7,1
2,2,2,98,2,99,3,4,1,2,2,3,1,0,0,0,1,4,4,4,5,1,1,3,1,4,3409,5,6,4,4,4,5,6,6,6,6,4,6,6,4,5,6,6,5,5,6,5,5,5,5,4,6,5,5,6,5,4,4,5,5,6,6,5,4,6,6,5,4,6,4,5
2,2,3,98,1,99,3,4,2,3,11,3,2,0,0,2,0,4,3,4,2,4,5,5,0,6,3702,7,6,1,1,1,6,1,7,5,1,6,6,5,4,4,5,4,3,7,6,2,3,2,2,7,4,1,3,5,6,4,6,5,7,4,4,6,4,2,7,1,4,3,6,4
2,1,4,28,1,10,4,4,1,2,2,2,2,0,0,0,2,4,4,4,5,1,1,7,1,7,3805,4,6,3,3,3,4,2,4,6,3,3,5,4,3,4,4,4,4,4,4,2,3,4,4,5,7,3,3,4,4,5,4,5,5,5,6,5,3,4,6,4,5,3,6,6
2,2,2,32,1,99,2,4,1,2,2,4,1,0,0,0,1,4,3,2,3,4,4,7,1,5,3611,1,6,4,1,1,6,1,4,4,2,6,6,7,2,4,6,4,1,1,5,1,1,4,4,6,5,7,6,4,7,1,4,4,6,4,4,5,1,1,7,4,6,6,4,4
2,2,2,9,1,1,5,4,2,2,12,2,2,0,0,0,2,3,4,4,2,3,3,8,2,2,3206,1,7,1,1,1,3,1,7,1,1,5,7,4,3,4,7,5,4,2,7,2,4,3,1,1,7,7,6,1,1,7,1,4,7,1,4,1,2,1,7,1,4,1,5,6
2,3,1,28,1,12,3,2,1,3,12,2,4,2,0,2,0,3,4,4,2,4,3,9,2,2,3206,4,2,3,2,1,3,3,5,3,3,5,6,2,4,5,1,5,3,7,2,3,5,5,3,2,7,4,1,6,4,5,3,5,5,2,6,3,2,4,2,4,2,2,4,2
3,2,3,98,2,12,3,4,1,2,9,2,2,0,0,0,2,3,4,4,4,4,2,7,2,2,3212,4,2,5,7,3,5,7,3,3,2,4,3,4,3,3,1,7,3,4,1,4,4,4,4,6,4,1,1,7,2,7,4,4,3,6,6,5,1,4,4,4,1,4,4,4
3,2,2,98,2,99,3,3,1,1,9,3,2,0,0,2,0,4,4,4,1,4,4,1,1,7,3805,7,7,4,1,1,7,1,7,7,2,3,7,4,7,2,5,7,1,7,7,2,3,1,4,6,1,4,4,4,4,4,5,4,7,4,2,7,4,3,4,1,2,2,7,2
3,2,2,98,2,88,1,4,2,3,2,3,1,0,0,0,1,5,3,3,2,2,2,3,1,4,3506,4,7,1,1,1,7,1,7,7,1,4,7,7,3,1,7,4,1,4,7,7,7,1,1,7,1,1,7,1,7,7,4,1,7,1,4,7,7,1,7,1,2,7,7,7
2,2,2,24,1,24,4,1,1,3,11,1,2,0,0,2,0,4,3,4,2,5,4,7,2,5,3606,6,4,1,1,2,5,5,4,4,2,3,6,4,4,3,5,3,3,4,4,2,3,5,2,3,5,4,3,4,5,4,4,4,5,2,5,3,3,4,5,4,5,3,5,4
2,2,2,98,1,88,4,2,2,3,11,2,2,0,0,2,0,3,3,3,5,5,5,7,2,5,3611,4,1,7,1,1,1,7,7,1,1,7,7,1,7,1,1,1,1,7,1,1,7,1,7,7,7,1,1,1,1,7,1,1,7,1,1,1,1,1,1,1,1,1,7,1
2,2,3,29,1,99,5,1,2,3,7,2,2,0,0,2,0,3,1,1,1,5,5,7,3,2,3201,4,4,3,2,1,3,1,4,3,2,5,4,1,2,1,5,7,4,7,4,4,4,1,5,2,1,1,1,6,5,7,2,5,4,3,4,1,3,6,6,2,2,1,7,5
3,2,3,1,1,1,3,4,2,2,9,2,3,0,0,3,0,4,3,4,1,4,3,8,3,1,3101,7,5,4,1,1,6,1,6,5,3,3,7,6,1,2,2,4,4,7,5,3,2,2,3,3,3,2,2,5,1,5,7,3,7,4,5,3,2,4,7,1,4,2,4,5
2,3,4,98,2,88,2,3,2,2,11,1,2,0,0,2,0,3,3,3,5,1,1,4,1,6,3707,1,7,1,1,1,3,1,7,6,1,4,4,5,7,4,4,4,4,1,6,1,4,3,7,6,5,1,7,3,4,7,4,3,4,3,7,4,1,5,7,7,7,1,5,2
2,1,3,28,1,99,4,3,2,3,12,3,4,0,0,4,0,3,4,4,2,5,4,7,2,4,3409,4,4,4,2,1,2,4,4,4,1,2,7,1,7,2,1,5,4,7,1,4,5,2,4,6,2,1,1,7,1,7,1,6,5,7,4,4,2,7,4,4,1,1,7,1
2,3,3,28,3,99,4,4,2,1,2,2,2,0,0,0,2,4,4,3,2,1,1,6,1,3,3305,5,6,1,1,1,4,1,1,1,1,1,7,7,4,1,1,4,2,7,4,1,4,1,4,6,1,4,6,1,7,1,4,4,7,4,4,1,4,4,7,1,4,1,4,4
2,3,3,98,2,99,3,4,1,2,2,3,1,0,0,0,1,3,4,3,5,1,1,1,0,3,3307,2,4,4,4,4,4,1,5,5,4,4,6,5,2,4,4,4,4,4,4,5,4,4,4,4,5,4,4,4,6,4,4,6,4,1,4,5,2,4,4,4,4,1,4,4
2,2,3,24,1,24,1,2,2,1,11,1,1,0,0,0,1,4,2,4,1,5,5,2,1,5,3505,7,7,1,1,1,1,1,7,7,1,6,7,7,4,4,4,3,1,1,4,1,1,1,4,1,1,3,7,1,5,2,7,2,7,1,7,7,7,4,7,1,7,7,4,4
3,2,2,1,1,1,3,2,1,4,12,2,4,2,0,2,0,4,3,4,1,5,5,7,2,8,3807,7,7,1,1,4,7,1,7,7,5,5,4,4,4,4,5,3,4,2,7,1,1,4,2,4,4,5,3,7,6,1,4,4,4,4,6,5,4,2,7,4,4,4,4,4
1,1,1,9,1,9,4,4,1,3,2,2,2,0,0,0,2,3,3,3,1,5,5,3,1,7,3809,5,7,1,1,1,6,7,7,7,7,1,7,4,7,4,4,4,1,1,7,1,1,1,4,7,1,4,1,4,7,7,1,7,1,7,1,1,1,4,7,7,1,1,7,1
3,2,2,9,1,9,3,4,1,3,2,3,1,0,0,0,1,3,4,4,3,4,5,6,1,8,3807,7,5,4,1,1,4,1,6,7,2,2,7,3,4,3,6,4,3,3,6,1,3,4,4,5,1,5,6,4,6,7,5,5,6,3,6,3,2,5,6,1,4,4,6,4
2,2,3,98,1,12,4,3,2,3,9,2,3,0,1,2,0,4,3,4,4,4,4,4,2,8,3802,2,4,7,7,4,7,7,1,1,4,4,6,4,1,4,1,4,4,1,4,4,7,7,7,1,1,4,4,1,7,4,1,1,7,7,4,3,4,7,7,4,7,1,4,7
3,2,2,28,1,99,1,2,2,3,12,3,3,2,0,1,0,4,3,3,1,5,1,5,2,1,3101,7,5,3,1,1,5,1,4,4,1,4,6,6,3,4,7,3,3,1,3,2,3,1,3,5,3,5,5,2,5,2,5,3,7,4,5,7,5,2,1,2,6,1,7,5
2,3,4,98,2,4,2,3,1,3,3,1,1,0,0,1,0,3,3,4,1,1,1,4,1,1,3101,7,7,7,2,5,1,1,1,1,7,1,7,7,7,1,7,1,7,7,1,1,7,1,7,2,1,1,7,1,1,7,7,7,7,4,7,7,1,1,1,4,1,1,1,1
3,2,2,98,3,24,2,2,1,2,9,1,1,0,0,1,0,4,2,2,5,1,1,6,1,6,3304,4,7,2,1,1,7,1,7,7,2,2,7,7,7,4,7,1,2,1,7,1,1,6,1,3,6,7,7,1,7,1,5,5,7,2,5,6,6,2,7,1,5,5,3,5
2,3,2,28,1,10,4,4,2,3,2,2,2,0,0,0,2,3,3,3,5,1,1,8,2,8,3801,1,5,2,5,3,4,2,5,5,2,5,5,1,2,2,1,3,6,7,3,5,7,1,2,6,7,1,1,6,3,7,3,6,6,2,6,2,1,4,6,6,1,2,7,1
2,2,2,28,1,99,5,3,1,3,12,3,2,0,0,2,0,3,3,3,1,5,5,9,4,6,3702,7,2,4,1,1,2,2,4,4,1,2,4,2,1,4,1,3,5,7,2,2,4,1,4,3,1,1,1,5,3,7,2,2,3,2,4,1,2,2,7,4,1,1,7,1
2,2,4,98,2,99,3,2,2,3,10,1,1,0,0,1,0,3,3,3,1,5,5,2,1,4,3409,3,7,1,1,1,7,1,7,6,1,1,7,4,4,1,1,1,1,7,4,1,4,1,4,7,1,1,4,4,4,4,4,4,7,4,4,5,2,1,7,1,4,2,6,4
1,1,3,98,2,12,6,3,1,3,10,1,2,0,0,2,0,3,1,1,1,5,5,9,5,1,3101,7,2,1,6,2,4,1,1,5,2,1,5,2,2,3,1,2,6,7,2,2,1,1,2,2,5,2,1,2,4,2,2,6,6,6,4,1,2,6,7,2,1,1,7,7
2,2,3,1,1,1,3,4,2,3,2,4,1,0,0,0,1,4,4,4,5,1,1,2,1,5,3610,3,3,1,3,2,3,2,7,5,2,1,4,4,2,4,2,5,6,7,2,3,3,3,5,3,5,1,1,6,3,5,5,4,7,5,6,4,1,5,7,2,1,1,7,3
2,2,4,97,2,88,3,1,1,1,1,1,4,1,0,3,0,3,2,2,4,5,4,7,3,4,3506,4,4,2,1,5,2,1,4,5,3,3,4,3,3,1,2,3,4,5,7,4,3,3,6,5,7,1,3,3,6,1,4,4,4,2,4,2,5,4,7,3,5,3,5,5
2,2,4,98,3,1,2,3,2,2,9,4,2,0,0,2,0,5,3,3,5,1,1,2,1,5,3611,4,7,1,1,1,1,1,7,7,1,1,1,7,1,1,7,2,1,1,7,1,3,5,3,7,1,1,7,5,1,1,7,3,7,1,1,6,3,1,7,1,7,3,1,3
1,1,2,28,1,12,6,4,1,4,2,2,2,0,0,0,2,2,4,3,5,1,1,7,2,6,3701,4,4,2,5,2,2,3,4,4,1,2,5,4,2,4,1,4,5,6,1,4,6,4,4,5,7,1,1,6,2,7,2,3,3,6,4,2,2,3,4,4,3,1,6,4
2,3,3,98,1,99,5,2,1,4,11,1,1,0,0,1,0,3,1,1,1,5,5,5,1,8,3806,4,7,1,4,7,4,4,4,4,3,3,3,3,4,3,3,3,3,4,3,4,4,4,4,4,4,4,3,6,1,7,4,1,7,4,4,1,2,5,5,4,1,1,7,4
1,3,2,98,1,12,5,4,1,2,2,1,1,0,0,0,1,4,4,4,5,1,1,2,1,5,3603,5,5,1,1,1,1,1,1,1,7,1,1,3,7,7,1,4,7,7,7,1,4,4,7,1,7,1,3,6,7,7,2,6,2,5,4,1,1,3,7,6,1,3,7,2
1,3,4,98,2,88,5,2,1,3,12,1,1,0,0,1,0,2,2,4,1,5,5,9,4,2,3201,2,7,1,1,1,1,1,5,7,1,1,4,4,7,4,7,4,3,4,4,1,1,3,1,1,7,7,7,1,1,7,1,4,4,4,7,1,1,4,7,4,7,4,4,1
2,2,2,1,1,1,4,2,2,4,4,1,3,1,0,2,0,3,2,3,1,5,5,7,2,2,3206,1,7,1,1,1,4,1,1,1,1,1,5,4,2,4,7,3,4,2,3,3,4,2,3,1,7,7,6,1,4,7,2,4,6,1,4,1,2,7,7,2,3,3,4,6
2,2,3,98,2,88,3,2,1,3,9,1,1,0,0,1,0,3,1,2,4,4,4,3,1,4,3506,4,3,3,1,5,3,4,7,2,3,4,4,4,3,3,4,3,4,3,3,3,3,3,3,4,3,3,3,6,3,2,6,3,6,2,3,6,3,5,4,3,6,2,3,5
2,2,4,88,1,99,4,2,1,4,7,1,5,3,0,2,0,3,3,3,4,4,4,6,5,6,3702,7,7,1,1,1,6,7,7,1,4,1,7,4,7,1,4,4,1,7,1,7,4,1,7,1,1,4,7,1,7,4,3,1,7,1,1,4,3,7,7,4,4,1,7,1
2,2,4,98,2,99,1,3,2,2,11,3,1,0,0,1,0,4,4,4,2,5,2,2,1,3,3407,3,7,1,1,1,1,7,4,1,1,2,4,4,5,1,7,1,2,1,4,1,2,3,4,2,1,7,7,1,2,1,4,3,4,4,3,5,5,2,4,3,4,1,4,3
3,2,2,98,1,10,1,3,1,1,9,3,1,0,0,1,0,3,4,4,3,3,3,3,1,7,3705,1,7,1,1,1,7,1,7,1,1,1,7,1,1,1,7,1,1,1,7,1,1,1,1,1,7,1,7,1,1,7,4,1,7,4,7,7,1,6,7,1,7,3,6,4
2,3,2,98,2,1,5,4,2,3,2,2,2,0,0,0,2,4,4,4,5,1,1,5,1,6,3710,1,4,4,3,2,4,5,4,5,2,2,6,2,6,4,7,4,4,7,4,2,4,3,1,2,6,2,2,6,5,6,3,5,4,4,5,2,2,4,6,4,2,2,3,6
2,2,3,98,2,99,4,4,1,2,2,2,2,0,0,2,0,4,4,4,4,1,3,8,2,6,3702,7,7,1,1,1,4,1,5,3,1,3,7,7,3,4,1,3,3,7,5,3,1,3,4,4,7,5,6,1,3,7,3,4,7,4,4,2,1,3,4,1,3,2,7,4
2,2,2,98,1,23,5,1,1,1,1,1,4,1,0,3,0,3,2,2,1,5,5,7,2,2,3211,4,4,2,7,4,1,1,2,5,3,4,7,7,6,1,5,4,2,7,1,4,2,1,7,7,1,1,4,4,1,4,3,4,7,5,2,2,1,4,4,3,1,1,7,1
1,2,2,1,1,1,2,4,1,2,2,3,1,0,0,0,1,4,3,4,5,3,3,3,1,4,3503,5,7,1,1,1,7,1,7,7,2,3,7,7,1,1,7,2,1,1,7,1,1,1,1,3,7,7,6,1,3,3,6,7,7,1,1,3,2,2,7,1,7,1,7,1
3,2,2,98,1,1,2,3,1,3,9,2,2,0,0,2,0,4,4,4,1,3,3,1,1,3,3308,1,7,2,5,4,4,1,7,7,3,4,6,4,1,2,7,4,2,6,1,1,5,4,4,4,4,2,2,5,4,6,4,6,5,5,5,4,1,4,7,4,4,2,6,5
2,2,1,9,1,9,3,4,1,4,2,1,1,0,0,1,0,3,3,3,2,2,5,7,1,5,3606,6,2,5,6,4,4,1,6,5,5,2,6,5,1,1,1,5,6,7,3,1,5,1,6,5,1,1,2,4,1,7,3,4,4,4,2,2,4,3,4,4,2,5,4,4
2,1,4,98,2,6,2,3,1,1,3,1,1,0,0,1,0,5,4,4,1,1,1,9,1,4,3506,4,7,1,1,1,1,1,1,1,1,2,2,2,1,1,2,1,1,7,7,1,1,1,7,2,1,7,2,1,7,1,1,1,7,7,7,7,7,7,7,1,1,7,1,1
2,2,2,24,1,70,3,3,2,2,9,2,2,0,0,2,0,4,4,4,1,5,4,1,1,2,3206,4,7,1,1,7,7,1,7,7,1,4,7,1,7,4,7,1,1,1,7,1,1,7,1,1,4,7,7,1,7,1,4,4,7,1,7,4,1,1,7,1,7,7,7,1
3,2,4,1,1,1,1,3,1,1,3,2,3,0,1,2,0,5,4,4,3,3,3,1,2,7,3705,1,7,1,1,1,7,1,4,7,1,4,7,4,1,1,4,2,2,2,7,3,2,4,1,1,1,1,4,2,4,4,7,2,6,1,4,7,2,1,4,1,7,6,2,3
1,3,3,28,3,4,5,3,2,3,12,2,3,0,0,3,0,3,4,3,3,3,4,4,5,3,3306,4,3,4,1,3,4,5,5,3,3,2,5,2,7,2,1,5,4,7,3,4,4,1,5,3,4,1,2,7,3,5,4,4,5,4,4,1,3,5,5,4,3,1,7,4
2,3,3,28,1,23,3,2,2,2,4,1,3,1,0,2,0,4,2,3,5,5,5,6,1,5,3606,1,4,3,1,1,3,1,4,7,1,3,4,3,3,3,3,4,3,4,4,1,3,4,4,3,3,3,5,4,4,4,5,2,3,1,3,5,4,3,4,4,4,5,4,3
3,1,4,98,2,88,1,3,1,3,2,3,1,0,0,1,0,3,1,1,5,1,1,9,1,4,3506,4,7,1,1,1,7,1,1,4,1,1,7,1,1,1,1,1,1,4,7,1,1,1,1,1,1,4,7,1,1,4,7,1,7,1,4,5,3,1,7,1,7,7,4,1
2,1,2,98,2,88,6,3,1,2,11,2,3,1,0,2,0,3,4,4,1,3,5,6,2,8,3804,4,4,4,1,2,7,1,1,4,2,3,7,6,1,4,1,7,4,7,1,4,7,1,4,4,7,2,1,7,4,7,1,1,7,4,4,1,4,1,7,7,1,4,4,1
2,3,2,31,1,6,3,2,1,3,11,1,1,0,0,1,0,4,3,3,5,5,5,2,1,1,3101,7,4,2,2,1,6,2,4,3,1,4,5,2,3,1,2,2,3,3,3,2,2,1,6,3,2,2,2,6,3,5,5,5,5,4,1,6,2,5,4,2,5,4,2,2
2,2,3,28,3,23,4,1,2,2,9,1,2,0,0,2,0,3,3,2,1,5,4,3,2,1,3101,7,5,2,1,1,2,2,4,4,1,4,4,6,4,4,4,4,6,2,4,3,7,1,6,5,1,4,1,3,6,7,2,4,5,4,4,1,1,4,6,4,4,1,7,4
2,3,4,28,2,12,5,2,2,3,4,2,3,1,0,2,0,3,3,4,1,5,5,7,2,7,3705,2,4,1,1,3,2,2,7,1,3,3,6,2,7,1,5,3,5,7,1,4,3,2,4,2,2,4,2,4,1,7,3,5,7,7,7,5,1,5,7,5,1,1,4,4
2,2,2,24,1,24,2,3,1,3,12,2,3,1,0,2,0,4,4,4,1,1,1,6,1,2,3203,6,5,5,5,2,5,1,5,5,3,3,5,3,2,5,4,1,1,1,5,1,1,1,1,3,7,5,5,1,4,5,3,6,5,1,4,7,1,3,3,3,7,5,5,5
1,1,3,1,1,99,4,4,1,3,2,2,2,0,0,0,2,4,4,4,5,1,1,8,2,3,3306,4,5,1,1,1,2,2,4,5,2,2,5,6,3,4,2,5,3,6,3,3,5,2,6,2,5,3,4,5,2,6,3,5,3,5,2,2,1,4,5,4,3,3,5,5
2,1,2,28,1,4,3,1,1,2,3,1,3,0,0,3,0,3,1,3,1,5,5,7,1,6,3706,3,4,3,4,6,4,2,4,5,4,4,4,4,2,4,3,6,6,7,3,4,5,1,6,3,1,1,2,5,6,7,4,6,3,5,5,2,2,6,4,4,1,2,5,5
1,1,2,1,1,1,4,4,1,4,2,2,2,0,0,1,1,2,4,3,3,3,3,9,2,6,3712,4,2,1,1,1,4,7,3,5,1,1,7,2,7,3,1,4,1,7,2,6,4,3,4,1,6,3,1,4,2,7,3,3,5,7,4,1,1,3,7,4,1,2,5,3
2,2,2,31,1,23,4,2,1,4,13,2,3,1,0,2,0,3,3,4,1,5,5,9,3,6,3702,7,4,1,1,1,3,6,6,6,2,1,7,6,2,1,1,4,3,7,2,1,7,2,4,5,1,5,1,7,3,7,2,5,3,6,2,2,3,4,6,2,2,1,6,5
2,3,2,28,1,10,3,4,2,1,2,3,1,0,0,0,1,3,4,4,2,3,1,7,1,7,3805,4,3,1,2,2,2,2,4,6,5,3,5,3,2,3,2,4,3,7,4,5,4,4,2,3,3,1,1,5,1,5,6,6,6,5,6,6,2,4,7,4,3,1,6,6
2,3,3,98,3,1,2,4,1,3,2,4,1,0,0,0,1,5,4,1,3,1,3,5,1,7,3805,7,4,2,1,2,4,2,6,4,2,2,7,2,2,1,7,1,2,1,6,4,1,7,1,1,7,1,4,3,4,1,4,4,7,2,4,3,4,1,4,2,7,4,4,2
2,3,3,88,3,99,3,3,1,2,9,3,3,0,0,2,1,4,4,4,3,4,3,7,2,6,3703,3,4,3,1,4,6,1,7,6,4,1,4,4,1,4,7,4,3,4,5,4,4,2,4,1,7,2,2,6,4,5,6,4,6,4,3,3,1,6,4,3,4,1,3,6
2,2,2,24,1,24,3,4,1,3,9,2,4,2,0,2,0,3,1,1,1,1,1,6,2,4,3509,5,7,1,1,1,2,7,7,4,1,1,4,7,7,4,7,1,1,4,7,1,4,1,4,4,7,4,7,1,4,4,1,4,7,1,4,4,1,7,7,1,4,1,7,4
2,2,2,28,1,99,4,3,2,2,9,1,2,0,0,2,0,3,3,3,5,3,3,7,1,5,3606,1,7,3,3,1,4,1,7,7,3,2,4,7,7,7,7,2,6,6,5,1,3,1,2,7,3,1,2,1,1,4,2,2,7,2,5,2,1,2,7,5,2,1,6,1
1,2,2,24,1,24,4,2,1,3,9,2,3,1,0,2,0,3,1,4,1,5,5,6,2,1,3101,7,7,7,1,1,1,1,7,7,1,7,7,7,7,1,1,7,7,7,7,1,1,7,7,7,7,1,7,1,7,1,1,7,7,7,7,1,7,1,7,1,7,1,7,7
2,1,3,28,1,10,3,2,2,4,12,2,5,3,0,0,2,3,1,3,1,5,5,7,1,6,3703,3,3,4,2,3,4,4,5,5,3,3,5,2,3,3,2,5,5,6,3,4,4,2,5,4,7,2,2,5,4,5,3,5,3,4,2,5,2,5,4,4,2,2,5,3
2,3,3,1,1,1,4,4,2,1,2,4,1,0,0,0,1,3,4,4,5,1,1,1,1,1,3101,7,7,1,1,1,4,1,4,7,1,3,4,4,7,4,4,1,4,4,7,1,4,1,4,1,7,4,4,1,1,7,4,1,7,7,1,5,1,4,7,4,4,4,1,4
2,3,2,6,2,99,5,4,1,4,2,2,3,0,0,2,1,2,3,3,5,1,1,7,3,8,3802,4,5,6,5,2,4,4,5,4,2,3,4,4,4,4,2,5,4,4,4,3,5,4,2,3,5,5,6,6,5,4,5,2,6,1,7,3,4,3,7,4,4,4,5,4
2,2,4,1,1,1,3,2,2,4,10,1,2,0,0,2,0,3,1,2,1,5,5,6,2,7,3810,3,7,2,3,1,3,5,5,5,5,4,5,4,7,3,7,2,1,1,4,3,2,3,2,1,7,6,7,2,2,1,3,4,6,1,6,3,2,5,7,1,7,2,7,6
1,1,2,99,1,12,6,4,1,4,2,3,1,0,0,0,1,3,2,4,1,5,5,7,1,3,3405,7,4,4,5,1,7,3,7,4,1,2,7,1,1,1,1,3,7,7,1,4,7,1,1,5,7,3,1,7,1,7,1,5,7,7,4,1,1,4,3,1,1,1,7,1
2,3,3,98,2,99,5,1,1,3,12,1,1,0,0,0,1,4,3,3,1,5,4,2,2,5,3605,1,3,5,2,5,3,5,5,2,2,3,5,1,4,2,4,4,4,5,4,2,5,2,5,2,1,2,3,5,3,3,4,5,3,6,3,3,5,5,3,4,3,3,5,5
2,2,3,1,1,1,5,2,1,4,12,1,3,1,0,2,0,2,2,3,1,5,5,3,2,2,3206,1,4,3,3,3,5,3,6,7,3,3,5,4,3,4,5,3,3,4,4,3,4,3,4,2,7,4,3,2,7,5,2,3,4,4,5,3,1,4,4,4,5,3,6,5
2,2,2,98,2,88,4,3,2,3,10,3,3,0,0,2,1,3,1,1,1,5,2,7,3,1,3101,7,3,2,1,3,4,4,5,5,4,3,4,5,2,7,1,6,6,7,2,2,3,3,6,3,1,1,2,5,2,4,3,5,5,2,4,4,3,4,5,5,2,3,6,2
3,2,4,1,3,1,2,4,2,2,2,4,3,0,0,2,1,5,4,4,5,1,1,1,1,2,3204,2,7,1,1,1,7,1,7,7,1,1,4,7,7,7,1,4,1,7,1,1,4,7,7,7,1,1,7,1,1,7,7,7,7,1,7,7,1,1,7,1,7,1,7,4
3,2,4,98,2,99,1,1,1,3,7,1,1,0,0,1,0,4,1,4,1,1,1,6,1,2,3206,4,7,1,1,1,4,1,7,7,1,1,7,7,7,1,7,1,1,1,7,1,1,4,1,4,1,7,7,1,7,1,7,1,7,4,4,7,4,1,7,1,7,1,7,1
1,1,1,28,1,12,5,3,2,3,8,1,3,0,0,3,0,2,2,1,1,5,5,9,3,5,3602,7,5,2,3,1,1,1,4,3,1,7,7,2,1,4,1,7,5,7,1,3,7,1,4,6,1,1,1,6,1,7,2,7,4,3,1,1,2,7,4,6,1,1,7,1
3,2,2,1,1,1,2,4,2,3,2,4,3,0,0,2,1,4,4,4,3,4,4,8,1,5,3605,3,6,1,1,1,3,1,7,7,1,4,7,3,1,1,7,1,1,4,7,1,1,1,1,3,1,7,3,3,7,1,5,2,6,1,7,7,1,2,7,1,5,3,2,4
1,1,3,98,3,99,4,1,1,3,7,1,4,2,0,2,0,3,2,3,5,5,5,7,3,4,3510,7,3,2,2,1,1,6,3,3,1,2,5,5,3,4,2,6,5,7,4,4,5,2,4,1,3,2,2,6,3,5,3,6,3,2,2,7,2,3,6,2,2,2,7,3
2,2,3,98,2,88,2,2,1,2,4,1,3,1,0,2,0,2,2,2,4,2,2,2,1,4,3506,4,2,2,5,5,2,2,3,2,2,5,2,3,4,5,4,2,2,2,2,5,2,2,5,5,2,2,2,5,3,4,3,5,3,3,2,3,6,3,5,5,3,3,6,4
2,2,4,98,2,1,3,3,2,3,10,2,2,0,0,2,0,3,4,4,3,2,4,7,2,2,3212,4,5,1,1,5,5,2,4,5,5,5,5,4,4,3,7,3,1,1,7,4,5,4,5,4,5,5,5,2,4,5,5,4,5,2,6,3,5,1,5,1,6,4,3,5
1,2,4,28,2,22,5,2,1,4,11,1,1,0,0,1,0,3,1,3,1,5,5,3,1,7,3705,2,1,7,4,7,7,7,4,4,4,7,7,1,1,4,7,7,7,7,1,1,7,1,7,5,1,1,1,4,4,1,1,7,1,7,1,1,1,7,5,7,1,1,1,7
2,2,2,98,3,1,6,3,1,4,11,2,3,0,0,3,0,3,3,4,1,5,5,9,5,3,3301,3,5,1,1,1,5,1,5,5,1,1,7,5,7,4,7,3,2,7,3,1,2,2,3,5,3,6,6,1,5,4,1,3,6,6,1,1,1,4,7,1,2,2,7,4
2,2,2,1,1,1,3,4,2,2,2,3,1,0,0,0,1,4,4,4,1,5,1,8,1,6,3702,7,5,1,1,1,7,1,7,7,1,1,7,7,1,4,7,4,1,1,7,1,1,3,4,2,7,7,3,1,7,4,6,2,7,1,7,3,3,4,7,5,6,2,3,7
2,2,4,98,2,99,3,2,2,2,9,2,4,1,1,2,0,3,4,3,1,5,5,8,2,1,3101,7,4,1,1,1,4,3,4,4,1,6,4,5,5,1,1,4,6,7,2,4,4,1,7,7,4,1,1,6,4,5,4,7,6,2,3,4,2,4,7,4,2,5,6,5
2,2,4,98,2,1,3,2,2,2,11,1,1,0,0,0,1,4,4,4,5,1,1,4,2,1,3101,7,2,1,1,1,1,4,1,3,3,1,2,3,1,1,1,2,2,4,1,2,7,2,3,2,1,1,2,1,1,5,1,2,2,2,2,1,2,3,2,3,2,2,2,2
3,2,1,24,1,24,3,4,1,3,2,2,2,0,0,0,2,5,4,4,1,5,3,8,2,1,3101,7,7,1,2,2,7,1,7,7,4,4,7,6,1,1,7,1,1,1,7,1,1,7,1,4,7,7,7,1,7,1,4,3,7,1,7,5,1,1,5,1,7,3,4,7
3,2,3,98,2,1,3,4,1,1,2,2,2,0,0,0,2,5,4,4,5,1,1,6,1,4,3502,3,3,1,1,1,6,1,7,4,1,7,7,2,1,4,5,1,4,5,5,4,3,2,3,3,7,3,4,4,4,6,4,1,7,7,4,4,1,1,7,1,4,1,7,1
2,2,4,98,2,88,1,2,2,1,2,1,1,0,0,1,0,4,3,4,2,1,3,6,1,5,3605,3,7,2,1,4,5,1,7,7,6,7,7,2,6,6,7,1,1,1,7,1,1,5,1,6,4,7,5,2,6,1,4,4,5,7,4,7,2,1,7,1,7,7,2,4
2,2,3,1,1,1,3,4,1,2,2,2,3,0,0,3,0,3,3,3,5,1,1,7,1,8,3802,4,7,1,1,1,7,7,7,7,1,1,4,7,1,7,7,4,1,1,7,1,1,1,1,7,7,4,3,1,1,7,4,1,7,1,7,7,7,7,7,1,7,1,7,7
2,2,4,98,3,99,4,1,2,4,1,1,2,0,0,2,0,4,1,4,1,5,5,6,1,6,3704,5,4,4,1,1,4,1,4,3,1,3,6,3,3,3,6,5,2,5,3,1,4,2,4,4,1,5,6,2,5,5,5,3,5,4,5,2,5,4,7,6,2,4,4,5
1,2,3,98,2,1,3,4,1,2,2,2,4,0,0,2,2,4,4,4,2,4,2,0,2,2,3201,3,7,1,1,1,7,1,7,3,1,1,7,1,4,4,4,1,1,1,7,1,4,4,1,7,1,1,4,1,4,7,4,7,7,1,7,4,3,1,7,1,7,1,7,4
3,2,2,1,1,1,2,4,2,2,2,4,1,0,0,0,1,4,4,4,5,1,1,7,1,3,3407,1,6,1,1,1,5,2,4,2,1,4,5,3,3,2,3,2,1,6,4,4,3,4,3,1,2,3,7,2,1,1,4,2,3,5,4,3,2,3,3,1,3,6,3,2
2,2,3,98,2,1,4,2,2,4,10,2,2,0,0,2,0,3,2,4,4,2,4,7,4,2,3212,4,5,1,2,5,4,3,3,5,4,4,6,2,3,3,3,3,2,3,3,5,5,2,3,5,5,3,6,2,5,5,3,4,6,2,3,3,3,1,2,3,6,2,5,3
3,2,3,1,1,1,4,4,2,3,2,3,2,0,0,0,2,3,4,2,5,1,1,7,2,8,3802,2,3,1,2,2,1,2,6,2,2,2,1,2,1,6,1,2,3,7,6,2,2,2,2,2,6,1,1,7,1,7,2,5,2,2,2,1,1,6,6,6,1,2,7,3
2,3,4,98,2,99,1,4,2,3,2,4,1,0,0,0,1,4,4,3,5,1,1,7,1,1,3101,7,7,2,4,4,7,1,7,7,1,1,7,7,2,4,5,4,1,1,7,1,4,1,1,7,5,4,5,1,1,4,4,3,7,1,1,5,3,1,7,1,7,5,4,4
3,2,4,98,3,99,4,2,2,2,4,1,4,2,0,2,0,4,4,4,1,5,5,2,2,3,3301,1,4,7,1,1,1,1,3,6,1,1,4,7,6,2,4,4,4,7,7,4,4,4,4,1,1,4,3,4,6,4,4,2,7,1,1,7,1,1,7,2,7,1,7,1
2,3,3,98,3,1,3,4,2,3,2,4,1,0,0,0,1,3,4,3,5,1,1,7,1,6,3706,3,4,1,1,2,5,1,6,6,4,1,4,2,4,4,3,4,4,6,4,3,7,1,7,5,4,1,2,7,2,7,2,2,7,1,4,1,1,4,7,2,4,1,6,4
2,2,1,98,2,1,6,3,1,2,3,3,2,1,0,1,0,5,3,3,1,5,5,7,3,6,3701,4,7,7,1,1,7,1,7,1,1,7,7,5,7,1,7,7,1,1,7,1,1,7,7,7,7,4,4,1,7,1,1,1,7,1,1,1,7,1,7,1,7,1,7,1
1,3,2,29,1,99,5,1,2,3,4,2,3,1,0,2,0,3,1,1,1,5,5,9,3,2,3201,3,3,3,1,1,3,2,3,3,2,3,6,3,7,4,1,4,5,7,4,4,4,2,4,3,2,1,3,3,4,7,4,5,5,7,3,1,5,6,3,5,2,1,5,4
2,2,1,28,1,24,2,4,1,4,2,2,2,0,0,0,2,2,1,1,1,5,5,9,2,7,3705,1,4,5,3,3,3,4,6,2,3,3,7,3,7,4,3,3,3,5,7,3,3,3,3,3,4,5,2,3,7,6,3,4,6,3,4,2,3,4,5,3,2,3,5,2
2,1,1,6,1,6,5,4,2,3,3,4,1,0,0,1,0,3,4,3,2,1,3,5,1,8,3804,4,4,1,6,3,7,1,7,7,7,1,7,1,4,4,1,6,1,7,1,1,4,1,5,7,1,2,1,7,4,7,4,7,7,7,4,1,1,5,7,1,1,6,1,1
3,2,4,98,2,1,1,3,2,3,10,2,2,0,0,2,0,5,4,4,5,1,1,1,1,1,3101,7,7,1,1,1,3,2,7,7,3,7,7,4,3,1,7,3,1,1,7,1,4,1,7,7,7,7,7,1,3,7,3,4,7,1,7,5,1,3,7,1,7,6,5,4
2,3,2,28,1,12,4,2,1,3,13,2,3,1,0,2,0,3,4,4,1,5,5,7,3,7,3705,2,5,3,3,1,2,1,4,4,1,2,6,2,7,5,1,5,4,7,1,4,6,5,2,2,3,1,2,5,1,5,3,5,4,3,4,4,1,5,3,5,3,3,6,3
2,2,2,24,1,24,5,3,2,2,9,3,2,0,0,2,0,3,3,4,1,4,1,2,2,8,3803,6,7,1,3,1,2,1,4,7,7,6,4,7,4,3,6,4,6,3,4,1,3,4,4,1,1,1,7,1,4,1,3,1,7,2,4,3,2,7,7,4,4,1,7,4
2,2,1,9,1,9,4,4,1,3,2,1,1,0,0,0,1,4,4,3,1,1,5,7,1,5,3606,6,5,3,3,2,4,1,7,6,2,4,6,5,1,6,7,3,2,5,6,2,2,3,3,5,7,6,6,2,5,7,5,4,5,2,6,2,4,3,7,2,5,3,5,4
2,2,2,28,1,24,3,3,2,2,9,2,2,0,0,2,0,4,4,4,5,1,1,7,1,5,3602,4,7,1,1,1,1,7,7,2,1,1,7,4,2,1,7,1,1,1,6,6,4,1,4,5,3,5,7,2,1,1,1,2,7,1,7,5,1,7,2,5,4,2,7,5
3,2,2,98,2,24,1,4,2,2,2,3,1,0,0,0,1,3,3,4,5,1,1,2,1,6,3702,7,7,1,1,1,3,1,7,7,1,1,5,7,3,4,7,1,1,7,7,1,2,1,7,4,7,1,7,1,1,7,7,4,7,1,7,7,4,4,7,2,7,1,7,7
3,1,4,98,2,1,3,4,1,4,2,4,1,0,0,0,1,4,4,4,2,4,2,6,1,3,3407,1,7,2,1,1,7,2,5,3,2,5,5,6,2,4,7,4,2,1,4,3,7,6,4,1,7,7,5,5,6,2,7,3,7,1,6,6,3,5,7,3,5,5,2,3
2,2,4,98,2,99,3,4,1,3,2,2,4,0,0,2,2,5,3,3,1,1,1,7,0,8,3802,2,6,1,1,1,6,1,6,6,1,2,6,3,4,4,2,2,4,4,6,1,3,6,1,2,7,4,2,4,4,6,3,2,6,2,6,4,4,2,6,4,4,4,4,6
3,2,2,31,1,31,3,3,1,3,11,2,4,2,0,2,0,5,4,4,1,5,5,7,1,6,3710,1,5,7,1,1,2,1,4,7,3,2,6,5,2,1,1,3,6,7,2,2,1,1,3,2,1,1,1,1,1,7,3,2,6,1,2,5,5,2,7,1,3,4,4,2
2,2,3,24,1,24,3,2,2,2,9,1,4,2,0,2,0,4,4,4,1,5,5,7,3,5,3606,1,7,1,1,1,7,1,4,4,1,1,5,3,1,1,4,6,1,1,4,1,3,1,2,4,4,4,4,1,4,3,3,4,7,1,3,6,1,3,7,1,7,1,3,3
2,3,3,98,3,1,4,2,1,2,9,3,1,0,0,1,0,3,3,4,3,4,3,8,1,2,3201,2,1,1,1,7,1,1,4,4,3,3,1,5,1,4,5,3,5,5,1,1,7,4,7,1,4,1,4,7,1,4,4,6,4,6,6,4,4,4,7,5,4,7,4,4
1,2,4,31,1,31,4,1,2,3,13,1,2,0,0,2,0,3,2,3,2,5,5,7,5,2,3206,2,4,4,4,1,6,2,5,4,2,2,6,5,4,3,5,3,3,6,4,1,3,2,3,5,3,4,4,4,3,3,3,2,7,2,2,1,7,4,6,3,3,1,3,4
2,3,4,98,3,99,3,4,2,4,2,1,1,0,0,0,1,3,3,3,4,4,4,6,1,1,3101,7,3,7,2,1,2,3,6,4,2,1,7,3,1,1,3,2,3,7,1,2,1,1,6,3,1,1,3,3,3,2,3,3,7,3,3,3,2,3,3,3,3,7,7,3
2,3,4,98,2,88,3,4,1,1,2,3,1,0,0,1,0,5,3,3,5,1,1,1,1,8,3806,4,4,3,3,3,1,3,7,1,4,3,5,4,1,4,4,4,1,4,7,4,4,4,1,1,5,4,7,4,3,4,3,3,1,3,3,7,4,3,3,1,3,2,3,3
2,2,2,97,2,1,3,4,2,2,9,2,2,0,0,1,1,3,4,4,1,1,1,1,1,2,3211,5,7,1,1,1,7,1,7,7,1,1,7,7,1,7,1,1,1,1,7,1,1,1,1,7,7,1,7,1,7,1,3,4,7,7,7,7,2,1,7,1,7,1,7,7
2,2,2,1,1,1,4,4,2,4,2,2,2,0,0,2,0,2,4,4,5,5,5,8,2,1,3101,7,4,3,4,3,3,2,3,4,3,3,5,4,6,3,4,5,3,6,5,2,3,3,4,3,4,2,3,2,2,7,5,3,6,3,3,2,3,3,6,3,3,6,4,6
2,3,3,1,1,1,3,2,1,3,12,2,5,3,0,2,0,4,3,4,1,5,5,7,2,4,3503,5,3,2,3,2,1,1,5,7,1,1,7,3,2,1,5,5,3,5,4,2,4,1,2,2,5,1,3,2,4,2,3,6,5,4,6,1,1,4,3,2,3,2,6,3
2,2,3,98,2,24,4,4,2,3,2,3,1,0,0,0,1,4,4,4,5,1,1,1,1,3,3306,4,6,1,2,2,2,1,6,5,1,1,7,3,3,1,7,1,2,1,7,3,1,1,7,4,7,3,3,3,6,3,3,4,7,1,6,3,4,4,3,4,7,2,6,5
1,2,2,1,1,1,5,4,2,3,2,4,2,0,0,1,1,4,4,4,1,5,5,7,3,5,3602,3,7,1,1,1,7,1,7,7,1,7,7,7,1,1,7,1,1,1,7,1,1,1,7,7,1,7,7,1,7,1,3,6,7,1,4,2,1,4,7,1,7,2,3,3
2,2,2,29,2,99,3,1,1,2,9,1,1,0,0,1,0,4,3,3,1,1,1,6,2,3,3410,4,4,1,3,1,7,1,7,5,4,4,6,3,1,7,3,4,4,4,4,3,5,5,6,4,7,7,1,1,5,2,3,4,7,1,5,6,1,4,7,5,4,4,6,4
2,3,3,98,2,88,2,1,2,2,1,1,1,0,0,1,0,5,1,1,2,2,3,1,1,8,3806,4,3,3,3,3,3,3,3,3,4,2,3,4,5,3,3,3,3,3,3,2,3,1,3,3,7,4,3,1,4,4,3,3,3,1,3,1,3,1,4,3,2,4,4,3
1,1,2,28,1,12,5,3,2,4,12,4,1,0,0,1,0,3,2,4,2,3,1,7,2,4,3508,5,3,3,4,5,5,3,3,4,3,3,3,3,7,4,2,4,5,7,2,3,6,4,3,2,4,2,2,6,3,7,2,4,5,4,4,1,2,6,4,5,1,2,6,2
2,2,4,99,1,99,3,4,1,4,2,4,1,0,0,0,1,4,3,1,5,1,1,8,1,1,3101,7,7,1,1,1,1,1,7,7,1,1,7,7,1,1,7,1,1,1,7,1,1,7,1,1,1,7,7,1,1,1,1,1,7,1,7,1,7,4,7,1,7,1,7,7
2,2,2,98,1,1,3,4,2,3,2,4,1,0,0,0,1,4,3,3,5,1,1,1,1,6,3714,4,4,1,7,7,7,1,5,4,4,4,7,4,1,4,7,4,1,7,4,1,1,1,1,4,1,4,1,7,1,7,3,7,7,1,7,2,1,4,7,4,4,1,4,4
3,2,2,1,1,99,3,1,1,3,9,1,3,0,0,3,0,4,2,3,1,5,5,5,3,1,3101,7,4,1,5,3,2,7,7,7,3,1,5,7,7,7,7,5,2,4,4,1,3,2,1,3,1,5,5,1,7,2,2,1,7,1,2,4,7,1,7,3,5,1,1,2
3,2,2,98,1,9,5,3,1,2,7,1,4,2,0,0,2,1,1,4,5,1,1,2,1,2,3201,1,3,5,3,1,1,1,4,1,2,7,3,6,7,1,3,2,6,3,6,5,3,7,4,1,3,4,3,1,1,7,5,1,2,6,5,6,5,6,3,1,1,4,3,6
2,2,2,28,1,1,5,1,2,3,4,1,3,1,0,2,0,3,2,4,1,5,5,7,2,2,3206,2,7,1,1,1,4,1,7,5,1,3,7,6,2,4,7,2,4,3,7,2,6,4,1,1,7,6,6,1,4,7,1,4,6,1,4,1,3,4,7,1,3,4,6,5
2,2,2,6,1,24,1,4,2,2,2,4,1,0,0,0,1,5,4,4,5,1,1,1,1,1,3101,7,2,1,1,1,5,1,1,2,1,1,1,3,1,1,4,1,1,2,2,1,1,1,3,3,6,2,7,1,2,2,2,2,3,2,3,7,1,1,5,1,1,1,2,4
1,1,3,98,2,1,4,4,1,3,2,4,3,0,0,2,1,3,2,2,2,1,2,8,3,1,3101,7,7,2,4,4,3,2,4,4,4,2,3,3,2,2,2,7,6,7,2,3,4,3,4,2,3,1,2,6,2,7,3,6,3,5,2,3,2,6,4,6,2,2,6,2
3,2,4,98,2,99,2,3,2,2,9,2,3,0,0,2,1,3,4,4,3,4,1,0,0,4,3409,3,7,1,1,1,7,1,7,7,1,1,7,4,1,1,1,4,1,4,7,1,1,1,4,6,1,1,5,1,4,4,4,4,4,4,3,4,1,1,7,1,4,1,7,5
3,3,4,98,2,88,4,2,2,1,3,2,2,0,0,2,0,3,4,4,3,3,3,4,3,7,3805,7,7,7,7,1,1,7,7,1,1,7,7,1,1,1,7,7,1,7,7,1,7,1,1,7,1,1,7,7,1,7,4,3,5,3,2,6,4,3,2,4,3,2,6,7
1,2,3,88,1,88,5,2,2,4,12,1,4,2,0,2,0,3,1,1,5,5,5,6,3,6,3707,1,6,1,1,1,7,1,7,7,1,5,4,5,7,4,4,4,3,5,4,1,4,3,4,6,7,2,5,3,5,6,5,4,5,2,3,1,4,4,7,2,3,1,7,3
3,2,2,28,2,99,1,4,2,3,2,4,1,0,0,0,1,5,4,1,4,3,5,1,1,7,3809,5,7,1,1,1,7,1,5,1,4,1,7,6,1,2,7,1,1,3,5,1,7,2,1,6,7,4,4,4,6,4,4,4,7,1,6,6,1,2,7,1,7,4,2,6
2,2,2,98,3,88,2,2,1,2,11,1,1,0,0,1,0,4,3,4,1,5,5,6,0,2,3210,3,4,1,1,1,7,1,1,7,1,7,7,7,7,1,1,5,5,7,7,1,1,1,7,7,1,1,4,1,7,7,5,1,7,1,2,4,4,4,7,4,1,4,4,7
2,3,2,88,3,88,4,3,1,2,12,2,5,1,2,2,0,3,3,3,2,3,3,7,1,4,3510,7,4,2,2,2,3,1,4,3,2,2,6,4,7,4,2,3,3,6,3,3,5,3,3,3,6,1,2,6,6,5,2,4,3,4,4,2,2,4,6,3,3,2,6,2
2,2,2,98,2,1,3,4,1,2,2,4,1,0,0,0,1,4,2,1,5,4,3,7,1,4,3508,3,6,1,1,1,5,1,6,2,2,1,7,2,1,7,1,3,2,1,2,1,2,5,1,5,4,1,4,3,2,7,3,6,7,2,7,2,1,3,7,1,6,2,5,1
2,3,2,29,1,99,3,2,2,2,10,3,1,0,0,1,0,3,3,3,4,2,2,8,1,1,3101,7,4,1,3,4,7,2,5,7,2,5,7,6,3,3,6,4,4,6,4,2,2,2,5,6,3,6,2,1,2,7,4,5,2,3,3,5,2,4,7,6,4,2,6,3
1,3,3,28,1,10,4,2,2,1,9,1,2,0,0,2,0,3,2,3,1,5,4,3,1,7,3805,7,4,6,1,2,5,1,1,5,3,4,5,1,3,2,6,4,6,7,4,4,4,1,3,3,4,4,1,5,4,4,3,5,2,4,5,3,2,4,3,4,2,1,7,4
2,3,2,666,1,31,2,4,1,4,2,2,2,0,0,1,1,4,4,2,1,5,3,2,2,7,3805,7,2,1,1,1,2,1,7,5,2,3,7,2,1,1,7,1,2,4,2,1,1,7,1,2,7,2,2,1,5,7,2,5,1,1,6,4,3,2,3,1,7,4,6,4
2,3,2,28,1,99,3,3,2,2,9,2,2,0,0,2,0,3,3,3,1,5,2,8,1,5,3606,1,7,1,1,1,2,1,2,6,1,2,6,3,7,4,2,3,2,3,7,1,2,2,3,1,2,3,7,2,7,2,4,5,5,2,7,6,4,4,7,2,6,4,7,3
3,3,2,98,3,99,4,3,1,2,9,3,1,0,0,1,0,4,3,3,1,5,5,3,2,5,3602,3,7,1,1,1,4,1,7,4,1,1,7,4,1,1,7,1,1,1,4,1,1,1,1,1,7,4,4,1,7,1,1,4,4,4,4,4,7,1,7,1,7,7,1,1
3,2,3,98,2,88,3,2,2,4,2,2,4,2,0,2,0,3,2,2,2,4,4,1,1,4,3506,4,5,1,4,3,7,1,1,5,1,7,7,7,3,2,4,4,4,7,7,1,4,1,1,7,4,1,4,1,7,1,7,7,4,1,7,7,7,1,7,1,1,1,7,4
3,3,4,98,2,88,1,2,1,2,3,1,1,0,0,1,0,4,3,3,1,1,1,1,0,8,3802,3,7,2,1,1,1,7,7,7,1,7,7,7,7,7,7,1,1,1,7,1,1,7,1,1,7,7,7,1,7,1,7,1,7,1,1,7,1,1,7,1,7,7,7,1
3,3,4,98,2,88,3,1,2,2,9,1,1,0,0,1,0,5,3,4,2,4,4,2,1,3,3305,5,4,1,1,1,4,1,4,1,1,1,6,4,4,1,4,4,4,4,4,1,4,2,4,4,1,4,4,4,7,2,4,2,4,4,1,4,2,4,7,2,4,1,7,1
1,1,2,88,1,12,4,2,1,3,7,2,6,4,0,2,0,3,2,2,1,5,5,9,4,3,3305,5,2,1,1,4,1,1,2,4,1,1,7,1,1,1,7,4,7,7,4,2,4,1,7,1,1,1,2,6,7,4,4,1,4,4,4,1,1,7,7,7,3,1,4,1
2,2,2,88,1,88,3,4,2,3,2,4,1,0,0,0,1,4,3,4,1,5,5,9,1,2,3210,3,4,1,1,7,1,1,1,4,4,1,1,3,1,5,1,4,6,3,4,1,4,1,4,3,6,1,3,6,1,4,5,3,7,2,6,2,3,3,7,1,7,1,5,4
2,2,2,22,2,22,3,2,1,4,12,2,3,1,0,2,0,4,1,3,1,5,5,3,2,6,3702,7,1,6,7,7,7,1,7,7,7,7,7,1,1,1,1,7,2,7,7,2,5,1,7,7,1,1,2,1,1,5,2,4,7,1,1,3,5,3,7,1,1,3,7,5
2,2,3,24,1,24,3,3,2,2,9,2,2,0,0,1,1,4,4,4,3,5,2,6,1,5,3610,5,2,3,1,1,5,1,4,3,3,2,3,3,1,1,3,6,3,2,4,1,2,2,2,2,1,2,4,4,3,2,3,4,7,4,3,3,3,1,7,3,6,1,7,4
1,3,4,98,2,88,6,2,2,3,4,3,4,2,0,2,0,3,2,1,1,5,5,7,4,6,3710,1,3,6,4,1,2,3,1,2,3,2,3,1,7,3,1,4,4,7,2,3,5,2,2,2,2,2,1,6,4,2,2,6,1,5,4,3,2,4,7,4,1,1,7,3
2,2,2,29,1,24,2,3,2,4,7,3,3,1,0,2,0,3,1,3,1,5,5,5,1,6,3304,1,6,3,2,2,2,6,6,7,3,5,7,1,2,2,7,1,2,1,7,1,1,5,2,3,7,7,5,1,7,1,2,2,3,7,4,4,4,4,4,1,4,4,7,1
2,1,2,88,1,88,4,4,2,3,10,3,1,0,0,1,0,3,1,2,1,5,5,1,1,4,3503,5,4,2,1,1,4,1,5,4,3,3,7,1,4,1,4,4,4,7,5,3,1,1,7,7,3,1,1,5,4,1,1,5,1,7,2,3,1,4,2,4,4,2,7,1
2,2,1,1,1,1,3,4,1,2,2,2,2,0,0,0,2,4,4,4,3,2,3,6,2,8,3807,7,7,7,1,1,7,1,7,4,1,1,7,7,1,1,7,1,1,1,4,1,1,1,1,1,4,7,1,4,4,3,4,1,7,1,7,7,7,1,7,1,7,1,7,3
2,2,4,98,1,88,2,4,2,1,2,3,1,0,0,0,1,4,4,4,5,5,5,9,1,2,3201,3,7,7,1,7,6,1,7,5,4,4,4,3,7,3,3,5,1,6,4,5,5,3,1,5,5,6,7,5,4,6,7,5,7,1,5,3,1,4,5,6,5,1,7,5
2,1,2,1,1,1,4,4,2,4,2,4,2,0,0,0,2,3,4,2,5,1,1,9,1,1,3101,7,5,7,1,1,1,1,3,7,7,1,1,1,1,7,7,1,7,7,1,1,1,1,7,7,7,1,1,7,1,7,1,1,5,5,7,5,1,7,7,7,1,4,7,1
3,2,2,30,1,24,1,4,1,4,3,3,1,0,0,1,0,5,4,4,1,3,5,1,1,5,3602,7,4,3,5,2,2,5,6,2,1,5,5,5,2,3,1,3,3,7,5,2,3,2,3,5,7,5,1,6,3,6,6,6,6,2,2,5,3,6,6,4,1,7,3,2
2,2,3,88,2,88,4,4,2,3,2,4,1,0,0,0,1,4,4,3,5,1,1,7,1,2,3208,4,4,1,1,1,6,1,7,6,4,4,5,4,1,1,6,4,2,2,5,2,5,2,5,3,6,2,3,4,4,6,4,2,7,4,7,4,4,6,4,3,4,2,6,6
2,2,2,98,1,99,3,1,1,1,9,1,3,1,0,2,0,4,3,4,5,5,5,7,2,5,3606,6,4,4,4,3,4,1,4,5,4,2,4,4,4,4,1,2,4,7,4,4,4,3,4,5,1,5,5,1,6,3,5,4,5,2,3,6,1,4,7,5,3,2,4,3
2,3,2,1,1,1,4,4,2,3,2,4,1,0,0,0,1,3,4,4,5,1,1,6,1,7,3705,4,3,2,3,6,3,1,4,4,4,3,4,1,6,3,2,4,3,7,4,4,4,4,1,4,2,3,4,5,1,7,3,5,7,4,6,2,2,5,4,3,3,2,6,4
2,2,2,1,1,1,3,3,1,3,11,3,1,0,0,1,0,3,2,4,1,5,4,7,2,1,3101,7,7,1,1,6,6,7,6,2,4,4,4,3,1,4,1,4,4,6,4,2,6,4,1,1,6,3,5,3,4,7,4,5,6,4,7,4,4,4,7,4,4,4,4,7
2,3,2,97,2,1,2,3,1,4,12,1,3,1,0,2,0,3,1,2,4,5,5,8,1,5,3505,7,5,1,1,1,4,1,4,7,1,1,4,7,1,1,7,7,1,7,1,1,1,1,1,1,7,7,4,1,1,3,2,1,3,7,1,1,5,7,7,1,1,1,5,1
2,2,2,30,1,1,4,3,1,4,8,2,4,0,0,4,0,3,3,3,1,5,5,9,2,6,3714,4,2,3,1,2,2,5,3,2,3,2,2,1,3,6,1,3,6,7,2,4,6,2,7,3,7,4,2,6,4,7,2,6,6,3,2,4,2,5,2,3,2,2,5,3
2,3,3,99,3,99,4,4,2,2,2,2,2,0,0,0,2,3,4,4,5,1,5,7,1,2,3210,4,2,4,1,1,1,1,6,4,4,1,7,3,1,4,1,5,7,7,2,1,2,1,3,1,4,1,5,4,1,7,4,3,7,1,7,4,3,1,7,3,1,1,6,2
2,2,3,98,2,99,3,1,1,2,9,1,2,0,0,2,0,3,3,3,1,5,3,1,1,3,3307,4,4,4,1,6,5,1,6,4,3,2,5,5,5,4,4,4,4,3,5,1,4,3,4,3,7,5,4,2,6,3,4,6,5,4,2,5,4,5,5,4,5,1,7,4
2,2,2,24,1,24,6,3,1,2,12,3,2,0,0,2,0,3,4,4,5,4,2,7,2,8,3802,2,7,1,1,1,4,1,7,7,1,4,7,4,1,7,7,4,1,7,1,1,4,4,4,1,7,4,7,1,4,7,4,7,7,1,7,1,1,4,7,4,1,1,3,4
1,2,1,31,1,31,4,4,2,4,2,4,1,0,0,1,0,3,3,4,5,5,5,7,1,5,3602,3,3,1,3,2,2,1,6,4,5,2,6,1,2,3,1,3,6,7,3,3,7,4,2,2,6,1,1,7,2,7,1,7,4,5,7,1,2,3,2,6,1,1,7,1
2,2,3,98,1,6,4,3,1,4,10,2,3,0,1,2,0,3,3,3,1,5,5,8,4,1,3101,7,5,1,1,1,7,1,7,5,1,1,7,6,1,4,4,4,3,4,7,1,4,3,7,2,7,4,4,4,3,6,6,7,6,4,6,4,5,2,7,2,4,1,7,3
2,2,4,98,2,12,2,2,1,3,8,1,2,0,0,2,0,3,1,4,2,2,2,6,3,2,3212,4,1,7,1,1,4,1,7,5,5,4,4,4,1,5,7,7,7,7,4,5,1,4,7,4,1,3,1,7,7,7,4,5,4,3,3,4,1,5,1,4,3,4,4,4
1,2,2,28,1,12,5,3,2,3,12,3,1,0,0,1,0,3,3,3,1,5,5,9,2,6,3710,1,1,7,6,3,2,4,1,1,6,3,1,4,4,6,6,4,1,3,1,5,2,5,1,2,7,1,2,1,4,2,5,3,5,2,2,1,6,7,7,1,4,1,7,2
2,2,4,98,2,88,5,2,2,2,2,2,2,0,0,2,0,3,3,3,1,1,4,7,1,6,3714,4,4,1,4,1,4,1,4,4,1,7,4,4,4,4,4,4,4,7,4,4,4,4,4,4,1,4,4,4,4,7,1,4,1,4,1,1,1,7,4,4,1,1,4,4
1,2,4,98,2,99,4,1,1,1,1,1,2,0,0,2,0,3,2,3,1,5,4,0,0,6,3712,4,4,3,4,3,2,4,4,4,2,3,4,2,6,3,5,4,4,7,4,4,5,1,5,4,1,2,3,3,4,4,3,4,4,5,5,3,1,4,7,4,2,1,4,3
2,2,3,28,1,99,3,2,2,3,11,2,4,2,0,2,0,3,3,4,4,5,4,5,1,8,3806,2,4,3,4,3,4,1,4,3,3,3,4,4,4,3,3,4,3,5,3,3,4,3,5,4,4,3,3,4,4,4,3,3,5,3,5,4,2,3,5,3,3,2,6,5
2,2,3,98,2,24,2,2,1,3,12,1,1,0,0,1,0,4,1,1,1,5,5,6,2,1,3101,7,5,1,5,5,2,2,7,7,5,4,5,7,1,2,4,4,2,7,5,1,5,2,1,3,7,3,1,4,7,6,3,2,6,1,2,5,3,1,7,2,1,6,4,7
2,2,2,98,1,99,4,2,1,3,10,2,4,2,0,2,0,3,2,4,1,5,4,9,3,2,3201,2,6,4,1,7,4,1,4,1,1,1,2,1,1,4,1,5,4,4,3,1,4,4,1,1,4,1,1,4,1,7,4,4,3,5,3,4,3,4,4,5,4,1,4,7
2,2,2,98,1,1,5,4,2,4,2,2,4,0,0,2,2,3,4,4,2,2,2,7,2,2,3201,3,7,7,1,1,7,1,7,7,1,1,5,7,7,4,4,3,1,1,7,1,1,1,4,7,1,1,5,1,7,7,4,5,7,1,3,3,4,4,4,3,5,1,5,4
2,1,3,98,2,99,4,2,2,4,12,1,4,2,0,2,0,4,2,3,1,5,5,8,3,1,3101,7,4,4,4,4,3,5,5,6,2,4,5,6,3,3,4,4,4,4,4,4,4,2,5,6,2,4,3,4,5,6,3,6,3,4,2,4,2,4,7,4,4,2,6,3
2,2,3,98,2,1,5,4,1,1,2,2,2,0,0,0,2,4,4,4,5,1,1,6,1,8,3806,6,5,1,3,1,3,1,5,5,2,3,4,4,1,3,3,3,3,6,3,1,5,3,3,5,3,2,3,4,3,7,4,5,5,7,7,2,2,4,7,2,1,2,6,6
2,2,2,1,1,1,3,3,2,3,9,1,2,0,0,1,1,3,3,4,1,5,5,3,2,1,3101,7,1,1,5,1,7,1,1,7,1,1,7,1,1,1,1,2,7,7,7,1,1,3,2,1,1,1,3,7,1,5,3,4,2,3,1,6,7,7,7,1,1,1,7,1
2,2,2,24,1,24,5,3,1,3,13,2,3,0,0,3,0,4,3,4,5,5,5,8,5,8,3807,3,4,2,2,1,5,2,1,5,2,2,7,3,3,4,5,4,2,2,6,3,1,4,2,3,7,5,4,4,4,6,3,4,6,5,2,2,4,3,5,4,6,2,5,5
2,2,2,30,1,99,3,4,1,3,2,2,2,0,0,1,1,3,3,4,2,3,5,7,1,3,3407,1,5,1,2,1,5,5,5,3,4,3,7,4,6,4,6,3,2,7,5,2,4,6,1,1,6,5,4,2,6,3,6,2,7,1,6,5,2,4,5,4,3,2,4,5
2,2,3,98,3,99,4,2,1,2,9,2,2,0,0,2,0,3,3,3,1,1,1,9,3,4,3509,5,7,1,1,1,1,1,4,4,1,1,4,3,1,4,2,4,1,6,1,1,5,1,4,5,4,2,4,1,1,4,4,4,1,1,4,2,4,4,7,1,1,1,7,1
1,2,3,88,1,1,3,4,1,2,2,3,2,0,0,0,2,3,4,4,2,2,3,9,2,2,3201,3,3,5,2,3,2,1,3,6,5,1,7,6,1,2,3,5,5,7,2,2,5,2,5,2,1,5,5,3,3,6,3,3,7,1,5,4,6,5,7,2,5,3,6,2
2,3,2,28,1,12,3,2,1,4,12,2,6,4,0,2,0,2,1,2,1,1,5,8,3,7,3705,4,6,1,2,2,3,4,3,4,3,3,5,2,2,4,2,4,3,7,5,2,5,4,4,3,5,1,1,6,3,2,3,5,6,4,6,3,2,3,7,3,2,2,7,3
2,1,2,28,1,12,4,4,2,4,2,2,2,0,0,0,2,3,4,3,4,5,5,6,1,3,3302,2,4,3,1,1,3,2,6,4,6,4,7,4,3,4,3,5,3,7,4,5,6,5,3,7,1,5,3,2,4,3,5,5,4,6,4,4,1,5,7,5,4,4,5,6
1,3,2,98,1,24,4,4,2,4,2,3,1,0,0,0,1,2,3,1,1,5,5,8,1,3,3301,7,4,1,2,1,4,1,7,7,1,4,7,4,4,4,5,4,7,7,7,4,4,1,5,4,4,4,4,4,4,3,4,4,7,4,7,3,4,4,7,4,2,7,3,4
2,2,3,28,1,10,4,3,2,2,9,1,4,2,0,2,0,3,4,4,2,3,4,5,1,5,3611,1,6,5,2,1,6,1,6,6,6,5,4,6,6,2,4,5,5,6,2,3,3,5,4,6,2,4,6,3,7,3,4,2,6,2,4,2,3,5,6,3,5,3,3,3
3,2,2,98,1,24,2,2,1,1,9,1,2,0,0,2,0,5,3,3,1,5,5,7,1,6,3304,1,7,1,1,1,7,1,7,7,1,7,7,7,7,3,7,1,1,1,7,1,1,7,1,4,7,7,7,1,7,1,7,2,7,1,4,7,7,1,7,1,7,7,3,3
2,3,2,31,1,31,4,3,1,4,10,2,3,0,1,2,0,4,3,4,2,5,5,2,2,5,3606,6,4,5,4,1,4,1,4,4,2,2,4,3,2,1,2,4,4,7,4,2,3,3,3,4,4,1,2,4,5,7,4,5,4,5,4,3,4,5,6,2,4,4,4,4
2,3,1,1,1,1,4,4,2,3,2,3,1,0,0,0,1,3,2,4,5,1,1,3,1,1,3101,7,4,1,3,4,3,1,7,7,2,1,4,4,3,4,1,3,5,7,3,4,7,3,1,7,7,3,2,5,5,7,3,4,5,4,7,3,1,3,6,6,4,1,7,4
1,1,3,28,1,12,5,4,2,4,2,3,2,0,0,1,1,2,2,4,3,4,5,0,0,1,3101,7,4,7,4,1,4,7,4,1,4,7,7,1,7,1,1,7,1,7,1,1,1,4,7,7,1,1,1,7,4,7,1,7,7,7,1,1,1,4,4,4,1,1,7,1
2,2,2,1,3,1,3,4,2,2,2,4,1,0,0,0,1,3,4,4,4,1,3,7,1,3,3301,3,7,1,1,1,4,1,7,3,1,4,7,7,1,4,7,2,3,1,7,1,1,3,1,7,7,7,7,1,3,1,5,2,7,1,4,4,4,3,7,1,5,2,3,3
2,3,3,98,2,22,4,1,2,1,4,1,2,1,0,1,0,3,3,4,1,1,1,2,1,1,3101,7,7,7,1,7,4,1,7,7,7,6,7,7,7,1,4,1,7,7,7,1,1,1,4,1,1,4,4,3,7,2,7,1,7,4,7,2,4,7,7,1,1,4,2,7
2,2,3,88,1,99,3,4,2,3,2,2,2,0,0,0,2,3,3,3,3,3,3,7,2,4,3510,7,4,4,3,4,5,5,5,3,5,5,3,3,4,3,2,4,5,5,4,3,4,4,6,5,5,5,5,3,3,3,3,3,3,4,5,4,5,4,3,5,4,3,5,5
2,3,4,98,2,24,2,3,2,2,9,3,1,0,0,1,0,4,4,4,1,1,1,1,1,5,3611,4,7,1,3,1,3,3,3,7,1,1,5,7,4,1,7,3,1,1,7,1,3,1,4,7,3,1,7,1,4,3,7,1,7,1,7,7,7,1,7,1,7,7,7,3
3,2,2,1,1,1,4,4,1,4,11,1,1,0,0,1,0,5,3,3,1,5,5,9,1,8,3802,3,4,3,1,4,4,4,4,7,1,4,4,3,4,2,7,4,2,3,5,1,4,2,2,4,7,7,4,1,2,1,1,7,7,1,1,5,1,1,5,1,7,1,7,1
2,3,2,88,1,88,4,4,2,2,2,2,2,0,0,2,0,3,3,3,3,3,3,8,2,4,3510,7,5,5,3,3,5,3,4,4,3,3,4,5,3,5,4,4,4,3,5,3,3,3,5,3,3,5,4,4,4,3,4,3,3,4,5,3,4,5,4,3,5,5,3,4
2,2,4,98,1,1,3,1,2,3,1,1,3,0,0,3,0,4,3,3,4,4,4,2,2,8,3807,7,7,1,1,1,7,1,7,5,1,1,7,7,4,1,7,3,1,4,7,1,3,1,1,1,4,6,7,1,1,2,4,3,7,1,3,7,3,2,7,1,6,2,3,4
1,2,2,29,1,88,4,2,2,3,12,3,3,0,0,2,1,3,2,1,1,2,2,6,3,1,3101,7,4,4,4,2,4,5,3,4,3,2,5,3,2,3,2,4,3,7,2,2,2,3,6,4,1,1,2,4,2,4,4,4,4,2,4,3,1,4,7,2,4,2,6,3
2,2,3,1,1,1,3,4,1,2,2,2,2,0,0,2,0,4,4,4,5,5,4,2,1,8,3807,7,5,2,1,1,5,3,7,7,1,1,6,6,3,4,5,4,4,6,4,1,4,2,4,6,4,2,2,4,6,7,3,5,6,6,6,3,4,4,6,2,3,3,6,3
2,2,4,98,2,1,5,4,2,1,2,2,1,0,0,0,1,4,4,4,5,1,1,2,1,4,3506,4,7,7,1,1,7,1,7,7,1,7,7,7,1,7,7,7,7,7,1,7,7,1,7,7,7,1,7,7,1,7,7,1,7,1,7,7,1,7,7,1,1,7,7,1
1,1,1,31,1,31,5,4,1,4,2,3,2,0,0,0,2,2,1,1,1,2,1,9,4,1,3101,7,4,1,1,1,1,7,7,1,1,7,7,1,1,1,1,7,6,7,1,1,1,2,7,3,3,1,1,5,1,7,1,4,5,6,5,2,2,6,6,6,2,2,6,2
2,2,3,24,1,99,2,4,2,2,2,4,1,0,0,0,1,4,4,4,1,3,1,0,1,2,3204,2,7,1,1,1,1,1,7,7,1,1,7,7,1,1,7,7,1,1,7,1,1,1,1,7,1,7,7,1,1,7,7,7,7,7,7,4,1,1,7,1,7,1,7,1
3,3,3,98,1,1,1,2,2,4,12,1,1,0,0,1,0,4,3,4,1,5,5,1,1,1,3101,7,3,5,1,2,4,4,3,4,3,3,5,5,3,4,3,2,3,6,3,5,3,3,4,3,7,6,6,3,5,5,2,6,4,5,2,5,4,4,7,2,3,2,5,4
2,2,3,98,1,9,2,4,1,3,2,3,1,0,0,0,1,4,3,4,5,1,1,7,1,3,3407,1,5,4,2,7,5,6,5,2,2,3,7,3,3,4,5,3,2,7,5,2,5,6,1,1,7,5,5,2,2,2,5,2,7,1,5,6,4,5,7,5,3,5,3,5
3,2,2,1,1,1,1,3,1,1,9,2,3,0,0,2,1,4,4,4,5,5,5,6,1,4,3503,5,1,1,1,1,1,1,7,7,1,1,7,7,2,1,7,2,7,7,4,1,1,1,6,1,7,1,1,6,4,3,5,1,6,1,1,4,5,5,5,1,1,1,5,2
2,2,2,1,1,1,4,3,2,3,3,2,2,0,0,2,0,3,4,4,3,3,2,4,1,8,3802,2,7,7,1,1,7,1,4,7,1,4,4,7,1,4,4,4,1,7,4,1,4,7,4,1,4,1,7,1,4,1,4,7,7,1,7,1,1,4,7,4,4,1,7,4
3,3,4,98,3,99,1,3,2,3,3,4,1,0,0,1,0,5,3,3,5,1,1,0,0,8,3802,3,7,1,1,1,1,1,3,7,1,5,1,7,3,1,3,4,1,1,7,1,1,3,3,3,1,7,7,1,1,1,7,1,7,1,1,7,1,7,7,1,7,1,1,1
2,1,2,29,1,99,4,4,1,4,2,2,2,0,0,0,2,3,3,3,3,3,5,8,2,6,3701,4,2,1,2,3,2,1,7,7,2,1,6,1,1,7,4,3,7,7,2,3,7,2,3,2,7,1,1,7,3,7,2,7,5,7,2,2,1,4,7,7,1,1,6,4
2,2,2,98,2,99,4,2,2,1,3,1,4,2,0,2,0,3,2,2,4,4,4,6,2,4,3506,4,4,6,4,3,3,6,7,4,7,4,5,6,5,3,6,4,3,5,4,3,4,6,4,4,1,4,4,4,1,7,4,3,2,4,5,2,1,5,5,2,5,4,5,3
2,2,2,1,1,1,3,4,1,2,2,4,1,0,0,0,1,4,3,3,5,1,1,6,1,8,3807,7,5,2,2,1,2,1,5,6,1,2,5,2,4,4,2,4,4,6,6,2,3,2,4,5,4,3,3,3,4,7,4,4,4,6,5,3,2,4,4,2,4,4,5,4
1,1,1,29,1,25,5,4,1,2,2,3,1,0,0,0,1,4,4,2,5,1,1,3,3,1,3101,7,3,1,7,1,1,1,3,1,1,1,1,1,2,7,1,7,7,7,5,7,7,1,7,1,7,1,1,4,1,7,1,4,4,7,1,1,1,7,1,1,1,4,7,7
1,3,3,88,1,99,6,1,2,4,1,1,4,1,0,3,0,3,1,3,1,5,5,8,3,4,3503,5,4,5,4,3,4,2,5,4,3,4,4,1,2,3,5,4,4,6,3,4,4,2,5,3,1,4,3,5,5,6,3,6,5,3,3,4,2,5,4,4,3,1,6,4
2,2,4,98,2,99,4,3,2,3,11,3,1,0,0,1,0,4,4,4,3,4,3,7,0,6,3701,2,7,1,2,1,1,2,7,1,1,1,4,2,2,1,3,5,4,7,4,4,3,7,2,3,5,1,7,4,4,1,3,5,5,1,7,1,1,7,7,1,1,1,7,3
3,2,2,28,1,1,3,4,2,3,11,4,1,0,0,1,0,4,4,3,5,1,1,8,1,1,3101,7,5,2,1,1,6,4,5,3,2,4,6,5,2,5,6,2,3,3,4,2,3,2,2,3,6,5,5,3,4,4,4,2,6,4,6,3,4,3,3,3,5,5,4,5
2,2,2,9,1,1,4,4,2,4,2,2,2,0,0,0,2,4,3,4,1,5,5,7,2,2,3201,2,7,1,1,1,7,1,7,7,1,1,7,2,1,1,7,1,1,1,7,1,2,1,1,7,7,7,7,4,1,1,3,7,7,1,3,3,4,4,4,6,4,4,7,4
2,2,2,98,1,24,3,3,1,3,2,3,1,0,0,1,0,5,4,4,1,5,5,5,1,6,3702,7,7,1,4,1,1,1,7,7,1,1,1,7,1,1,7,4,4,1,7,1,1,4,4,1,1,4,7,1,7,1,4,7,4,1,2,7,1,1,2,2,7,3,2,2
2,2,3,98,2,12,5,2,2,4,4,1,2,1,0,1,0,4,1,3,1,5,5,2,1,3,3306,4,6,2,1,2,2,1,3,3,2,6,6,2,2,3,4,5,4,5,3,2,2,1,6,5,2,4,5,2,5,2,2,5,4,5,2,2,2,6,6,4,3,2,6,2
2,2,3,24,1,24,3,4,2,2,2,4,1,0,0,0,1,5,4,4,5,1,1,6,1,6,3712,2,7,1,1,1,7,1,7,7,1,1,6,7,1,3,7,1,3,1,7,2,1,3,1,1,7,5,5,1,7,4,6,5,7,2,7,2,3,5,7,3,7,2,5,6
2,2,4,98,2,99,1,4,1,2,2,3,1,0,0,0,1,5,4,4,5,1,1,6,1,4,3506,4,7,1,1,1,7,1,7,7,1,1,7,7,1,1,7,7,1,7,7,1,7,1,1,4,1,1,1,1,7,2,7,1,7,7,7,5,1,1,7,1,5,7,7,1
2,2,2,24,1,24,1,2,2,3,10,2,3,1,0,2,0,4,4,4,4,4,4,5,1,7,3810,2,7,1,1,1,6,3,7,7,1,2,7,7,6,1,7,2,3,1,7,1,2,2,1,1,7,7,6,2,3,1,3,5,7,1,7,5,7,6,3,3,7,4,6,7
2,2,3,28,1,99,4,3,2,3,10,3,2,0,0,2,0,4,3,3,3,1,3,8,2,1,3101,7,7,1,1,1,4,1,7,7,4,1,5,4,2,1,5,2,2,4,7,4,6,1,4,1,1,1,1,5,1,5,2,6,7,2,6,1,1,4,4,5,2,1,6,4
2,1,4,98,2,99,2,2,1,2,9,1,3,1,0,2,0,3,3,3,5,1,1,2,1,1,3101,7,7,1,1,4,1,1,7,7,1,1,7,7,1,1,1,7,1,1,7,1,1,1,1,1,7,1,7,1,1,1,7,1,7,7,1,7,1,1,7,7,7,1,7,1
1,2,2,1,1,1,5,4,2,4,2,2,2,0,0,0,2,3,3,3,1,5,5,6,2,1,3101,7,7,2,6,3,4,7,5,7,2,4,6,4,1,7,3,5,5,6,2,4,3,2,4,6,2,4,4,4,4,7,2,4,7,6,4,2,1,4,7,4,4,1,5,2
2,2,3,1,1,1,3,4,1,3,11,2,2,0,0,2,0,3,4,4,3,3,4,2,2,8,3807,7,4,2,2,1,6,5,3,5,1,1,6,3,2,4,6,2,3,4,4,2,4,2,3,5,3,3,2,5,3,7,4,4,6,6,7,3,2,4,6,1,4,3,6,2
2,1,3,28,1,10,4,2,2,3,12,1,2,0,0,2,0,3,3,3,1,5,5,8,2,6,3712,1,3,5,2,3,1,1,5,6,3,2,5,1,3,3,5,4,5,7,3,3,5,2,7,6,1,1,2,5,3,5,4,5,5,3,2,3,1,7,6,3,1,1,7,3
2,2,3,98,2,99,3,3,1,2,9,1,1,0,0,1,0,4,3,4,5,1,1,7,1,1,3101,7,4,5,4,4,4,1,5,5,4,3,6,4,3,3,7,3,2,4,4,2,3,1,2,4,4,4,4,4,4,5,4,2,5,2,5,4,3,4,6,2,3,5,4,3
3,2,4,1,1,1,3,4,1,2,9,2,4,0,0,4,0,4,4,4,5,1,1,7,3,2,3201,1,7,1,4,1,1,1,7,7,1,1,7,1,1,1,7,1,1,1,7,1,1,1,1,7,7,3,4,1,7,7,4,1,7,1,7,5,7,1,7,1,7,1,7,7
2,2,2,28,1,1,4,3,1,2,9,2,3,0,1,2,0,3,4,3,1,3,5,4,1,6,3706,3,6,1,1,1,1,1,4,5,4,1,7,5,3,4,4,6,4,7,4,3,5,2,7,4,7,1,4,4,1,7,1,4,4,4,4,2,1,4,4,5,1,1,7,5
2,1,3,1,1,1,4,3,2,3,9,2,2,0,0,2,0,3,4,4,2,3,3,7,3,7,3805,4,7,1,3,3,5,1,5,6,4,3,5,3,1,3,4,4,4,4,3,1,3,3,5,6,7,3,3,5,4,4,3,5,5,2,6,4,2,5,6,4,3,2,7,6
2,3,3,1,1,1,4,3,1,3,11,2,2,0,0,1,1,4,4,3,4,4,3,8,2,6,3712,4,7,5,1,5,6,1,7,7,1,2,7,5,2,1,1,4,1,7,4,1,2,1,4,5,1,1,4,1,1,7,3,3,7,1,7,4,1,3,7,2,4,3,7,2
1,2,2,1,1,1,6,4,1,2,2,2,2,0,0,0,2,3,4,3,3,2,3,8,1,8,3802,2,3,7,1,1,4,1,1,4,3,1,7,1,7,4,2,4,1,7,7,3,4,1,4,5,7,4,1,7,4,6,1,7,7,7,1,1,1,7,7,7,1,1,7,1
2,2,2,1,1,99,5,4,1,3,2,3,1,0,0,0,1,4,4,3,4,5,3,2,1,5,3602,7,3,4,1,1,4,4,5,4,1,1,6,3,4,4,4,4,1,7,4,4,6,4,1,5,4,1,4,5,2,4,4,4,4,6,2,2,4,4,7,1,4,2,7,4
2,3,3,1,1,1,3,3,2,3,12,3,3,2,0,1,0,3,1,1,3,3,3,1,1,8,3806,4,7,2,4,1,2,2,4,4,4,4,5,4,7,1,6,1,3,5,5,3,1,1,4,7,7,4,6,1,4,6,4,4,4,4,4,6,1,4,4,5,4,4,4,4
2,2,3,28,1,99,4,3,2,3,10,2,2,0,0,2,0,3,3,4,1,5,5,8,3,8,3806,6,5,2,3,1,1,6,6,4,2,2,4,3,1,5,2,1,5,6,4,2,2,3,5,5,1,4,3,4,3,7,6,6,3,1,1,6,3,4,7,4,1,1,7,3
1,2,4,1,1,1,4,3,1,3,11,3,2,0,0,2,0,3,3,3,5,5,5,7,3,3,3301,7,7,4,7,1,4,1,7,7,4,1,4,7,7,1,4,4,7,7,4,4,4,3,4,4,1,1,7,1,4,4,4,1,4,7,4,4,1,4,7,4,4,1,7,5
2,3,4,98,2,25,3,4,2,2,2,2,2,0,0,0,2,4,4,4,5,1,1,4,1,4,3409,5,2,4,1,7,2,5,7,2,6,1,6,4,4,4,4,4,4,1,6,1,4,1,6,4,1,1,4,4,6,1,3,4,5,3,4,5,5,1,7,5,5,2,3,3
3,3,3,1,1,1,2,3,2,1,9,3,1,0,0,1,0,4,4,4,3,3,4,2,1,8,3807,7,4,3,1,1,5,1,7,7,1,2,6,4,3,4,4,4,4,4,5,1,3,4,4,6,1,4,3,2,5,4,5,4,6,3,5,4,3,2,4,1,4,3,5,4
3,2,2,28,1,99,2,4,1,3,2,2,2,0,0,0,2,3,2,3,1,5,5,7,2,1,3101,7,2,1,2,1,1,5,5,5,1,1,3,1,1,4,1,7,3,7,4,3,3,2,3,1,5,2,2,5,1,7,3,2,7,2,1,4,4,1,3,2,1,2,3,1
2,3,3,98,3,1,4,3,2,2,4,2,4,0,1,3,0,3,4,2,1,5,5,7,2,6,3706,3,6,5,6,2,6,1,7,3,2,3,6,6,2,2,6,3,2,7,5,3,4,1,2,5,3,1,3,2,7,6,3,2,7,1,7,3,1,1,7,1,3,1,7,2
1,3,2,99,1,99,2,2,1,2,13,2,5,2,0,3,0,3,3,1,3,5,5,8,3,6,3703,4,3,3,1,2,2,1,2,5,2,3,4,2,7,3,2,5,4,6,3,4,3,2,5,1,1,1,1,4,3,4,3,3,6,5,5,5,1,1,6,2,2,1,6,4
2,3,2,88,1,99,4,4,2,2,2,3,1,0,0,0,1,3,3,2,1,4,3,6,1,7,3705,4,4,2,2,3,2,4,5,4,1,1,6,4,4,4,1,5,3,7,1,4,2,1,5,5,5,1,1,5,5,4,2,5,4,2,3,3,5,1,6,5,4,1,6,4
2,3,2,98,1,31,2,2,2,2,4,3,2,0,0,2,0,3,1,1,1,1,1,7,2,2,3206,1,7,1,1,1,1,7,7,4,1,1,7,7,4,1,7,7,1,7,1,1,1,1,7,1,7,1,4,1,7,7,1,7,4,7,7,4,1,1,7,1,1,1,7,1
2,2,2,28,1,12,4,3,1,2,13,3,1,0,0,1,0,3,3,3,1,5,5,9,2,2,3202,1,1,3,4,4,4,2,7,5,4,4,4,4,4,4,1,5,2,6,4,4,5,2,4,2,3,5,4,4,3,4,3,5,5,5,5,3,2,3,5,5,4,5,5,5
2,2,3,1,1,1,4,3,2,3,10,2,2,0,0,1,1,3,2,2,3,3,3,8,2,1,3101,7,6,1,1,1,5,2,4,7,1,3,4,4,4,4,2,4,4,7,4,1,3,4,4,3,7,3,4,7,1,6,4,4,7,4,7,4,1,3,7,3,4,2,7,7
1,3,3,97,1,99,5,1,2,2,1,1,4,0,1,3,0,3,3,4,3,2,4,8,2,5,3610,3,6,7,5,3,3,2,5,6,4,4,5,7,4,1,3,2,3,7,5,2,3,1,6,5,1,5,5,1,5,4,3,6,5,6,3,1,2,3,6,2,2,1,5,4
3,2,3,1,1,24,1,1,1,3,9,1,4,0,0,4,0,4,2,4,1,1,1,1,2,7,3810,2,6,2,2,6,4,1,6,6,6,6,6,4,2,4,7,4,6,4,4,4,5,4,2,6,7,4,5,4,6,2,3,5,6,1,6,6,4,2,6,4,4,4,6,5
1,2,3,98,1,1,4,2,1,2,9,2,3,1,0,2,0,3,3,3,5,5,5,7,2,6,3710,1,5,7,2,3,5,1,7,7,5,7,7,6,1,5,7,5,7,7,4,2,3,3,4,4,4,1,1,7,5,7,2,3,3,3,2,3,3,2,3,4,2,4,6,3
3,2,2,98,1,99,1,2,1,2,12,1,5,0,0,5,0,4,3,3,1,5,5,1,5,6,3702,7,2,4,1,3,5,6,6,5,4,4,6,4,5,3,7,5,2,3,6,3,6,4,4,3,3,4,2,6,5,4,3,7,5,3,3,7,6,2,7,4,4,3,6,2
2,1,2,99,1,99,5,4,1,2,2,3,1,0,0,0,1,3,3,1,5,5,3,1,1,6,3702,7,3,7,1,3,1,7,3,1,2,4,3,1,3,1,1,7,3,7,1,3,1,3,1,7,5,1,1,7,1,7,2,3,4,6,3,1,3,5,3,3,1,3,7,1
2,2,4,88,2,88,4,3,1,4,11,2,3,0,0,3,0,3,3,4,1,5,5,9,3,6,3710,1,3,1,1,1,7,1,6,4,4,3,4,7,1,2,4,2,1,1,7,1,1,5,1,1,7,4,4,1,7,1,1,7,1,7,7,3,1,5,3,4,7,1,7,1
1,1,3,28,1,12,5,3,2,4,12,2,4,0,0,4,0,3,2,2,5,5,5,8,4,8,3806,6,3,2,1,3,3,1,3,3,3,4,5,4,1,3,3,3,3,7,2,3,7,3,3,7,2,1,1,7,5,7,2,5,3,5,3,2,3,4,3,5,1,1,7,3
1,2,3,28,1,4,4,1,2,3,1,1,3,0,0,3,0,2,2,3,1,5,5,7,3,6,3701,4,5,4,1,1,7,1,7,4,1,4,4,1,1,1,7,4,2,1,7,1,4,1,1,3,1,4,7,1,1,5,1,1,7,1,1,7,7,1,7,1,1,1,7,7
2,1,2,28,1,12,5,1,1,3,1,1,3,0,0,3,0,3,1,2,5,4,5,8,1,8,3806,6,1,7,3,4,5,1,3,2,4,6,5,3,5,4,2,6,5,7,2,3,6,3,5,5,1,1,1,5,4,7,4,5,6,3,3,2,6,6,3,3,1,1,3,5
2,2,3,28,1,1,3,2,1,3,11,2,2,0,0,2,0,3,3,4,2,5,4,7,3,1,3101,7,5,3,1,2,5,3,5,3,1,4,7,4,3,4,5,3,2,4,4,1,4,3,3,2,6,4,5,3,4,2,4,3,6,3,6,3,5,3,1,2,5,2,5,5
2,3,4,98,3,99,2,4,2,3,2,2,2,0,0,0,2,3,3,3,5,1,1,6,1,3,3410,4,3,3,1,1,4,4,4,7,2,6,6,4,1,7,6,4,3,4,5,1,3,3,4,5,7,3,4,4,2,1,4,3,7,1,6,6,1,4,7,3,6,5,4,4
2,2,2,9,1,24,2,3,1,4,12,3,1,0,0,1,0,3,2,3,1,5,4,6,1,5,3605,4,7,1,1,1,4,1,5,5,2,4,7,3,6,4,7,2,1,2,4,1,2,5,1,1,7,6,4,1,3,6,3,5,5,4,4,5,1,1,2,4,6,5,5,3
2,1,3,31,1,31,4,2,2,3,10,2,4,0,2,2,0,3,4,4,1,4,5,8,2,6,3701,4,4,1,1,1,1,1,7,7,1,1,7,1,1,4,7,1,7,7,1,4,4,4,4,4,1,1,1,4,4,7,3,4,4,1,4,4,1,4,7,4,4,1,7,3
2,2,2,28,1,1,4,2,1,3,11,2,2,0,0,2,0,3,2,4,2,4,4,8,3,1,3101,7,6,2,1,2,5,4,5,4,3,3,5,4,3,4,3,3,3,4,3,3,4,3,4,2,5,3,4,3,4,3,4,4,5,4,5,3,4,4,7,4,4,4,4,5
2,3,3,1,1,1,3,2,1,2,11,1,2,0,0,2,0,5,3,4,1,5,5,7,2,5,3602,3,6,2,2,2,1,1,2,6,3,2,4,3,6,5,1,3,2,3,2,3,2,2,1,2,2,1,1,2,2,7,7,3,2,2,3,7,3,6,2,6,6,1,5,2
2,2,3,1,1,1,3,2,1,2,12,2,4,1,1,2,0,4,4,3,1,5,5,6,2,5,3501,3,6,1,1,1,5,1,7,6,1,1,7,6,1,1,7,2,1,3,7,1,2,1,2,2,4,6,3,2,6,7,3,3,4,2,5,3,4,3,7,1,6,2,7,5
1,1,4,98,2,88,5,1,2,2,9,1,2,0,0,2,0,3,3,1,1,5,5,6,3,2,3201,2,3,4,1,1,5,1,4,4,1,4,4,4,7,1,4,4,5,4,4,4,4,4,4,5,1,1,2,3,4,4,4,3,5,4,1,7,4,4,7,4,4,1,4,4
